-12 -146 200
-11 -146 200
-10 -146 200
-9 -146 200
-8 -146 200
-7 -146 200
-6 -146 200
-5 -146 200
-4 -146 200
-3 -146 200
-2 -146 200
-1 -146 200
0 -146 200
1 -146 200
2 -146 200
3 -146 200
4 -146 200
5 -146 200
6 -146 200
7 -146 200
8 -146 200
9 -146 200
10 -146 200
11 -146 200
12 -146 200
-21 -145 200
-20 -145 200
-19 -145 200
-18 -145 200
-17 -145 200
-16 -145 200
-15 -145 200
-14 -145 200
-13 -145 200
-12 -145 200
-11 -145 200
-10 -145 200
-9 -145 200
-8 -145 201
-7 -145 201
-6 -145 201
-5 -145 201
-4 -145 201
-3 -145 201
-2 -145 201
-1 -145 201
0 -145 201
1 -145 201
2 -145 201
3 -145 201
4 -145 201
5 -145 201
6 -145 201
7 -145 201
8 -145 201
9 -145 200
10 -145 200
11 -145 200
12 -145 200
13 -145 200
14 -145 200
15 -145 200
16 -145 200
17 -145 200
18 -145 200
19 -145 200
20 -145 200
21 -145 200
-27 -144 200
-26 -144 200
-25 -144 200
-24 -144 200
-23 -144 200
-22 -144 200
-21 -144 200
-20 -144 200
-19 -144 200
-18 -144 201
-17 -144 201
-16 -144 201
-15 -144 201
-14 -144 201
-13 -144 201
-12 -144 201
-11 -144 201
-10 -144 201
-9 -144 201
-8 -144 201
-7 -144 201
-6 -144 201
-5 -144 201
-4 -144 201
-3 -144 201
-2 -144 201
-1 -144 201
0 -144 201
1 -144 201
2 -144 201
3 -144 201
4 -144 201
5 -144 201
6 -144 201
7 -144 201
8 -144 201
9 -144 201
10 -144 201
11 -144 201
12 -144 201
13 -144 201
14 -144 201
15 -144 201
16 -144 201
17 -144 201
18 -144 201
19 -144 200
20 -144 200
21 -144 200
22 -144 200
23 -144 200
24 -144 200
25 -144 200
26 -144 200
27 -144 200
-31 -143 200
-30 -143 200
-29 -143 200
-28 -143 200
-27 -143 200
-26 -143 200
-25 -143 201
-24 -143 201
-23 -143 201
-22 -143 201
-21 -143 201
-20 -143 201
-19 -143 201
-18 -143 201
-17 -143 201
-16 -143 202
-15 -143 202
-14 -143 202
-13 -143 202
-12 -143 202
-11 -143 202
-10 -143 202
-9 -143 202
-8 -143 202
-7 -143 202
-6 -143 202
-5 -143 202
-4 -143 202
-3 -143 202
-2 -143 202
-1 -143 202
0 -143 202
1 -143 202
2 -143 202
3 -143 202
4 -143 202
5 -143 202
6 -143 202
7 -143 202
8 -143 202
9 -143 202
10 -143 202
11 -143 202
12 -143 202
13 -143 202
14 -143 202
15 -143 202
16 -143 202
17 -143 201
18 -143 201
19 -143 201
20 -143 201
21 -143 201
22 -143 201
23 -143 201
24 -143 201
25 -143 201
26 -143 200
27 -143 200
28 -143 200
29 -143 200
30 -143 200
31 -143 200
-36 -142 200
-35 -142 200
-34 -142 200
-33 -142 200
-32 -142 200
-31 -142 200
-30 -142 201
-29 -142 201
-28 -142 201
-27 -142 201
-26 -142 201
-25 -142 201
-24 -142 201
-23 -142 202
-22 -142 202
-21 -142 202
-20 -142 202
-19 -142 202
-18 -142 202
-17 -142 202
-16 -142 202
-15 -142 202
-14 -142 202
-13 -142 202
-12 -142 203
-11 -142 203
-10 -142 203
-9 -142 203
-8 -142 203
-7 -142 203
-6 -142 203
-5 -142 203
-4 -142 203
-3 -142 203
-2 -142 203
-1 -142 203
0 -142 203
1 -142 203
2 -142 203
3 -142 203
4 -142 203
5 -142 203
6 -142 203
7 -142 203
8 -142 203
9 -142 203
10 -142 203
11 -142 203
12 -142 203
13 -142 202
14 -142 202
15 -142 202
16 -142 202
17 -142 202
18 -142 202
19 -142 202
20 -142 202
21 -142 202
22 -142 202
23 -142 202
24 -142 201
25 -142 201
26 -142 201
27 -142 201
28 -142 201
29 -142 201
30 -142 201
31 -142 200
32 -142 200
33 -142 200
34 -142 200
35 -142 200
36 -142 200
-39 -141 200
-38 -141 200
-37 -141 200
-36 -141 200
-35 -141 200
-34 -141 201
-33 -141 201
-32 -141 201
-31 -141 201
-30 -141 201
-29 -141 201
-28 -141 202
-27 -141 202
-26 -141 202
-25 -141 202
-24 -141 202
-23 -141 202
-22 -141 202
-21 -141 203
-20 -141 203
-19 -141 203
-18 -141 203
-17 -141 203
-16 -141 203
-15 -141 203
-14 -141 203
-13 -141 203
-12 -141 203
-11 -141 203
-10 -141 203
-9 -141 203
-8 -141 204
-7 -141 204
-6 -141 204
-5 -141 204
-4 -141 204
-3 -141 204
-2 -141 204
-1 -141 204
0 -141 204
1 -141 204
2 -141 204
3 -141 204
4 -141 204
5 -141 204
6 -141 204
7 -141 204
8 -141 204
9 -141 203
10 -141 203
11 -141 203
12 -141 203
13 -141 203
14 -141 203
15 -141 203
16 -141 203
17 -141 203
18 -141 203
19 -141 203
20 -141 203
21 -141 203
22 -141 202
23 -141 202
24 -141 202
25 -141 202
26 -141 202
27 -141 202
28 -141 202
29 -141 201
30 -141 201
31 -141 201
32 -141 201
33 -141 201
34 -141 201
35 -141 200
36 -141 200
37 -141 200
38 -141 200
39 -141 200
-43 -140 200
-42 -140 200
-41 -140 200
-40 -140 200
-39 -140 200
-38 -140 201
-37 -140 201
-36 -140 201
-35 -140 201
-34 -140 201
-33 -140 202
-32 -140 202
-31 -140 202
-30 -140 202
-29 -140 202
-28 -140 202
-27 -140 202
-26 -140 203
-25 -140 203
-24 -140 203
-23 -140 203
-22 -140 203
-21 -140 203
-20 -140 203
-19 -140 203
-18 -140 204
-17 -140 204
-16 -140 204
-15 -140 204
-14 -140 204
-13 -140 204
-12 -140 204
-11 -140 204
-10 -140 204
-9 -140 204
-8 -140 204
-7 -140 204
-6 -140 204
-5 -140 204
-4 -140 204
-3 -140 204
-2 -140 204
-1 -140 204
0 -140 204
1 -140 204
2 -140 204
3 -140 204
4 -140 204
5 -140 204
6 -140 204
7 -140 204
8 -140 204
9 -140 204
10 -140 204
11 -140 204
12 -140 204
13 -140 204
14 -140 204
15 -140 204
16 -140 204
17 -140 204
18 -140 204
19 -140 203
20 -140 203
21 -140 203
22 -140 203
23 -140 203
24 -140 203
25 -140 203
26 -140 203
27 -140 202
28 -140 202
29 -140 202
30 -140 202
31 -140 202
32 -140 202
33 -140 202
34 -140 201
35 -140 201
36 -140 201
37 -140 201
38 -140 201
39 -140 200
40 -140 200
41 -140 200
42 -140 200
43 -140 200
-46 -139 200
-45 -139 200
-44 -139 200
-43 -139 200
-42 -139 201
-41 -139 201
-40 -139 201
-39 -139 201
-38 -139 201
-37 -139 202
-36 -139 202
-35 -139 202
-34 -139 202
-33 -139 202
-32 -139 202
-31 -139 203
-30 -139 203
-29 -139 203
-28 -139 203
-27 -139 203
-26 -139 203
-25 -139 204
-24 -139 204
-23 -139 204
-22 -139 204
-21 -139 204
-20 -139 204
-19 -139 204
-18 -139 204
-17 -139 204
-16 -139 204
-15 -139 205
-14 -139 205
-13 -139 205
-12 -139 205
-11 -139 205
-10 -139 205
-9 -139 205
-8 -139 205
-7 -139 205
-6 -139 205
-5 -139 205
-4 -139 205
-3 -139 205
-2 -139 205
-1 -139 205
0 -139 205
1 -139 205
2 -139 205
3 -139 205
4 -139 205
5 -139 205
6 -139 205
7 -139 205
8 -139 205
9 -139 205
10 -139 205
11 -139 205
12 -139 205
13 -139 205
14 -139 205
15 -139 205
16 -139 204
17 -139 204
18 -139 204
19 -139 204
20 -139 204
21 -139 204
22 -139 204
23 -139 204
24 -139 204
25 -139 204
26 -139 203
27 -139 203
28 -139 203
29 -139 203
30 -139 203
31 -139 203
32 -139 202
33 -139 202
34 -139 202
35 -139 202
36 -139 202
37 -139 202
38 -139 201
39 -139 201
40 -139 201
41 -139 201
42 -139 201
43 -139 200
44 -139 200
45 -139 200
46 -139 200
-49 -138 200
-48 -138 200
-47 -138 200
-46 -138 200
-45 -138 201
-44 -138 201
-43 -138 201
-42 -138 201
-41 -138 201
-40 -138 202
-39 -138 202
-38 -138 202
-37 -138 202
-36 -138 202
-35 -138 203
-34 -138 203
-33 -138 203
-32 -138 203
-31 -138 203
-30 -138 204
-29 -138 204
-28 -138 204
-27 -138 204
-26 -138 204
-25 -138 204
-24 -138 204
-23 -138 204
-22 -138 205
-21 -138 205
-20 -138 205
-19 -138 205
-18 -138 205
-17 -138 205
-16 -138 205
-15 -138 205
-14 -138 205
-13 -138 205
-12 -138 205
-11 -138 206
-10 -138 206
-9 -138 206
-8 -138 206
-7 -138 206
-6 -138 206
-5 -138 206
-4 -138 206
-3 -138 206
-2 -138 206
-1 -138 206
0 -138 206
1 -138 206
2 -138 206
3 -138 206
4 -138 206
5 -138 206
6 -138 206
7 -138 206
8 -138 206
9 -138 206
10 -138 206
11 -138 206
12 -138 205
13 -138 205
14 -138 205
15 -138 205
16 -138 205
17 -138 205
18 -138 205
19 -138 205
20 -138 205
21 -138 205
22 -138 205
23 -138 204
24 -138 204
25 -138 204
26 -138 204
27 -138 204
28 -138 204
29 -138 204
30 -138 204
31 -138 203
32 -138 203
33 -138 203
34 -138 203
35 -138 203
36 -138 202
37 -138 202
38 -138 202
39 -138 202
40 -138 202
41 -138 201
42 -138 201
43 -138 201
44 -138 201
45 -138 201
46 -138 200
47 -138 200
48 -138 200
49 -138 200
-51 -137 200
-50 -137 200
-49 -137 200
-48 -137 201
-47 -137 201
-46 -137 201
-45 -137 201
-44 -137 202
-43 -137 202
-42 -137 202
-41 -137 202
-40 -137 202
-39 -137 203
-38 -137 203
-37 -137 203
-36 -137 203
-35 -137 203
-34 -137 204
-33 -137 204
-32 -137 204
-31 -137 204
-30 -137 204
-29 -137 204
-28 -137 205
-27 -137 205
-26 -137 205
-25 -137 205
-24 -137 205
-23 -137 205
-22 -137 205
-21 -137 205
-20 -137 206
-19 -137 206
-18 -137 206
-17 -137 206
-16 -137 206
-15 -137 206
-14 -137 206
-13 -137 206
-12 -137 206
-11 -137 206
-10 -137 206
-9 -137 206
-8 -137 206
-7 -137 206
-6 -137 206
-5 -137 207
-4 -137 207
-3 -137 207
-2 -137 207
-1 -137 207
0 -137 207
1 -137 207
2 -137 207
3 -137 207
4 -137 207
5 -137 207
6 -137 206
7 -137 206
8 -137 206
9 -137 206
10 -137 206
11 -137 206
12 -137 206
13 -137 206
14 -137 206
15 -137 206
16 -137 206
17 -137 206
18 -137 206
19 -137 206
20 -137 206
21 -137 205
22 -137 205
23 -137 205
24 -137 205
25 -137 205
26 -137 205
27 -137 205
28 -137 205
29 -137 204
30 -137 204
31 -137 204
32 -137 204
33 -137 204
34 -137 204
35 -137 203
36 -137 203
37 -137 203
38 -137 203
39 -137 203
40 -137 202
41 -137 202
42 -137 202
43 -137 202
44 -137 202
45 -137 201
46 -137 201
47 -137 201
48 -137 201
49 -137 200
50 -137 200
51 -137 200
-54 -136 200
-53 -136 200
-52 -136 200
-51 -136 200
-50 -136 201
-49 -136 201
-48 -136 201
-47 -136 202
-46 -136 202
-45 -136 202
-44 -136 202
-43 -136 202
-42 -136 203
-41 -136 203
-40 -136 203
-39 -136 203
-38 -136 204
-37 -136 204
-36 -136 204
-35 -136 204
-34 -136 204
-33 -136 204
-32 -136 205
-31 -136 205
-30 -136 205
-29 -136 205
-28 -136 205
-27 -136 205
-26 -136 206
-25 -136 206
-24 -136 206
-23 -136 206
-22 -136 206
-21 -136 206
-20 -136 206
-19 -136 206
-18 -136 206
-17 -136 207
-16 -136 207
-15 -136 207
-14 -136 207
-13 -136 207
-12 -136 207
-11 -136 207
-10 -136 207
-9 -136 207
-8 -136 207
-7 -136 207
-6 -136 207
-5 -136 207
-4 -136 207
-3 -136 207
-2 -136 207
-1 -136 207
0 -136 207
1 -136 207
2 -136 207
3 -136 207
4 -136 207
5 -136 207
6 -136 207
7 -136 207
8 -136 207
9 -136 207
10 -136 207
11 -136 207
12 -136 207
13 -136 207
14 -136 207
15 -136 207
16 -136 207
17 -136 207
18 -136 206
19 -136 206
20 -136 206
21 -136 206
22 -136 206
23 -136 206
24 -136 206
25 -136 206
26 -136 206
27 -136 205
28 -136 205
29 -136 205
30 -136 205
31 -136 205
32 -136 205
33 -136 204
34 -136 204
35 -136 204
36 -136 204
37 -136 204
38 -136 204
39 -136 203
40 -136 203
41 -136 203
42 -136 203
43 -136 202
44 -136 202
45 -136 202
46 -136 202
47 -136 202
48 -136 201
49 -136 201
50 -136 201
51 -136 200
52 -136 200
53 -136 200
54 -136 200
-56 -135 200
-55 -135 200
-54 -135 200
-53 -135 201
-52 -135 201
-51 -135 201
-50 -135 201
-49 -135 202
-48 -135 202
-47 -135 202
-46 -135 202
-45 -135 203
-44 -135 203
-43 -135 203
-42 -135 203
-41 -135 204
-40 -135 204
-39 -135 204
-38 -135 204
-37 -135 204
-36 -135 205
-35 -135 205
-34 -135 205
-33 -135 205
-32 -135 205
-31 -135 205
-30 -135 206
-29 -135 206
-28 -135 206
-27 -135 206
-26 -135 206
-25 -135 206
-24 -135 207
-23 -135 207
-22 -135 207
-21 -135 207
-20 -135 207
-19 -135 207
-18 -135 207
-17 -135 207
-16 -135 207
-15 -135 207
-14 -135 208
-13 -135 208
-12 -135 208
-11 -135 208
-10 -135 208
-9 -135 208
-8 -135 208
-7 -135 208
-6 -135 208
-5 -135 208
-4 -135 208
-3 -135 208
-2 -135 208
-1 -135 208
0 -135 208
1 -135 208
2 -135 208
3 -135 208
4 -135 208
5 -135 208
6 -135 208
7 -135 208
8 -135 208
9 -135 208
10 -135 208
11 -135 208
12 -135 208
13 -135 208
14 -135 208
15 -135 207
16 -135 207
17 -135 207
18 -135 207
19 -135 207
20 -135 207
21 -135 207
22 -135 207
23 -135 207
24 -135 207
25 -135 206
26 -135 206
27 -135 206
28 -135 206
29 -135 206
30 -135 206
31 -135 205
32 -135 205
33 -135 205
34 -135 205
35 -135 205
36 -135 205
37 -135 204
38 -135 204
39 -135 204
40 -135 204
41 -135 204
42 -135 203
43 -135 203
44 -135 203
45 -135 203
46 -135 202
47 -135 202
48 -135 202
49 -135 202
50 -135 201
51 -135 201
52 -135 201
53 -135 201
54 -135 200
55 -135 200
56 -135 200
-59 -134 200
-58 -134 200
-57 -134 200
-56 -134 200
-55 -134 201
-54 -134 201
-53 -134 201
-52 -134 202
-51 -134 202
-50 -134 202
-49 -134 202
-48 -134 203
-47 -134 203
-46 -134 203
-45 -134 203
-44 -134 204
-43 -134 204
-42 -134 204
-41 -134 204
-40 -134 205
-39 -134 205
-38 -134 205
-37 -134 205
-36 -134 205
-35 -134 206
-34 -134 206
-33 -134 206
-32 -134 206
-31 -134 206
-30 -134 206
-29 -134 207
-28 -134 207
-27 -134 207
-26 -134 207
-25 -134 207
-24 -134 207
-23 -134 207
-22 -134 207
-21 -134 208
-20 -134 208
-19 -134 208
-18 -134 208
-17 -134 208
-16 -134 208
-15 -134 208
-14 -134 208
-13 -134 208
-12 -134 208
-11 -134 208
-10 -134 208
-9 -134 209
-8 -134 209
-7 -134 209
-6 -134 209
-5 -134 209
-4 -134 209
-3 -134 209
-2 -134 209
-1 -134 209
0 -134 209
1 -134 209
2 -134 209
3 -134 209
4 -134 209
5 -134 209
6 -134 209
7 -134 209
8 -134 209
9 -134 209
10 -134 208
11 -134 208
12 -134 208
13 -134 208
14 -134 208
15 -134 208
16 -134 208
17 -134 208
18 -134 208
19 -134 208
20 -134 208
21 -134 208
22 -134 207
23 -134 207
24 -134 207
25 -134 207
26 -134 207
27 -134 207
28 -134 207
29 -134 207
30 -134 206
31 -134 206
32 -134 206
33 -134 206
34 -134 206
35 -134 206
36 -134 205
37 -134 205
38 -134 205
39 -134 205
40 -134 205
41 -134 204
42 -134 204
43 -134 204
44 -134 204
45 -134 203
46 -134 203
47 -134 203
48 -134 203
49 -134 202
50 -134 202
51 -134 202
52 -134 202
53 -134 201
54 -134 201
55 -134 201
56 -134 200
57 -134 200
58 -134 200
59 -134 200
-61 -133 200
-60 -133 200
-59 -133 200
-58 -133 201
-57 -133 201
-56 -133 201
-55 -133 201
-54 -133 202
-53 -133 202
-52 -133 202
-51 -133 203
-50 -133 203
-49 -133 203
-48 -133 203
-47 -133 204
-46 -133 204
-45 -133 204
-44 -133 204
-43 -133 205
-42 -133 205
-41 -133 205
-40 -133 205
-39 -133 205
-38 -133 206
-37 -133 206
-36 -133 206
-35 -133 206
-34 -133 206
-33 -133 207
-32 -133 207
-31 -133 207
-30 -133 207
-29 -133 207
-28 -133 207
-27 -133 208
-26 -133 208
-25 -133 208
-24 -133 208
-23 -133 208
-22 -133 208
-21 -133 208
-20 -133 208
-19 -133 208
-18 -133 209
-17 -133 209
-16 -133 209
-15 -133 209
-14 -133 209
-13 -133 209
-12 -133 209
-11 -133 209
-10 -133 209
-9 -133 209
-8 -133 209
-7 -133 209
-6 -133 209
-5 -133 209
-4 -133 209
-3 -133 209
-2 -133 209
-1 -133 209
0 -133 209
1 -133 209
2 -133 209
3 -133 209
4 -133 209
5 -133 209
6 -133 209
7 -133 209
8 -133 209
9 -133 209
10 -133 209
11 -133 209
12 -133 209
13 -133 209
14 -133 209
15 -133 209
16 -133 209
17 -133 209
18 -133 209
19 -133 208
20 -133 208
21 -133 208
22 -133 208
23 -133 208
24 -133 208
25 -133 208
26 -133 208
27 -133 208
28 -133 207
29 -133 207
30 -133 207
31 -133 207
32 -133 207
33 -133 207
34 -133 206
35 -133 206
36 -133 206
37 -133 206
38 -133 206
39 -133 205
40 -133 205
41 -133 205
42 -133 205
43 -133 205
44 -133 204
45 -133 204
46 -133 204
47 -133 204
48 -133 203
49 -133 203
50 -133 203
51 -133 203
52 -133 202
53 -133 202
54 -133 202
55 -133 201
56 -133 201
57 -133 201
58 -133 201
59 -133 200
60 -133 200
61 -133 200
-63 -132 200
-62 -132 200
-61 -132 200
-60 -132 201
-59 -132 201
-58 -132 201
-57 -132 202
-56 -132 202
-55 -132 202
-54 -132 202
-53 -132 203
-52 -132 203
-51 -132 203
-50 -132 204
-49 -132 204
-48 -132 204
-47 -132 204
-46 -132 205
-45 -132 205
-44 -132 205
-43 -132 205
-42 -132 205
-41 -132 206
-40 -132 206
-39 -132 206
-38 -132 206
-37 -132 207
-36 -132 207
-35 -132 207
-34 -132 207
-33 -132 207
-32 -132 207
-31 -132 208
-30 -132 208
-29 -132 208
-28 -132 208
-27 -132 208
-26 -132 208
-25 -132 208
-24 -132 209
-23 -132 209
-22 -132 209
-21 -132 209
-20 -132 209
-19 -132 209
-18 -132 209
-17 -132 209
-16 -132 209
-15 -132 210
-14 -132 210
-13 -132 210
-12 -132 210
-11 -132 210
-10 -132 210
-9 -132 210
-8 -132 210
-7 -132 210
-6 -132 210
-5 -132 210
-4 -132 210
-3 -132 210
-2 -132 210
-1 -132 210
0 -132 210
1 -132 210
2 -132 210
3 -132 210
4 -132 210
5 -132 210
6 -132 210
7 -132 210
8 -132 210
9 -132 210
10 -132 210
11 -132 210
12 -132 210
13 -132 210
14 -132 210
15 -132 210
16 -132 209
17 -132 209
18 -132 209
19 -132 209
20 -132 209
21 -132 209
22 -132 209
23 -132 209
24 -132 209
25 -132 208
26 -132 208
27 -132 208
28 -132 208
29 -132 208
30 -132 208
31 -132 208
32 -132 207
33 -132 207
34 -132 207
35 -132 207
36 -132 207
37 -132 207
38 -132 206
39 -132 206
40 -132 206
41 -132 206
42 -132 205
43 -132 205
44 -132 205
45 -132 205
46 -132 205
47 -132 204
48 -132 204
49 -132 204
50 -132 204
51 -132 203
52 -132 203
53 -132 203
54 -132 202
55 -132 202
56 -132 202
57 -132 202
58 -132 201
59 -132 201
60 -132 201
61 -132 200
62 -132 200
63 -132 200
-65 -131 200
-64 -131 200
-63 -131 200
-62 -131 201
-61 -131 201
-60 -131 201
-59 -131 202
-58 -131 202
-57 -131 202
-56 -131 203
-55 -131 203
-54 -131 203
-53 -131 203
-52 -131 204
-51 -131 204
-50 -131 204
-49 -131 205
-48 -131 205
-47 -131 205
-46 -131 205
-45 -131 205
-44 -131 206
-43 -131 206
-42 -131 206
-41 -131 206
-40 -131 207
-39 -131 207
-38 -131 207
-37 -131 207
-36 -131 207
-35 -131 208
-34 -131 208
-33 -131 208
-32 -131 208
-31 -131 208
-30 -131 208
-29 -131 209
-28 -131 209
-27 -131 209
-26 -131 209
-25 -131 209
-24 -131 209
-23 -131 209
-22 -131 210
-21 -131 210
-20 -131 210
-19 -131 210
-18 -131 210
-17 -131 210
-16 -131 210
-15 -131 210
-14 -131 210
-13 -131 210
-12 -131 210
-11 -131 210
-10 -131 211
-9 -131 211
-8 -131 211
-7 -131 211
-6 -131 211
-5 -131 211
-4 -131 211
-3 -131 211
-2 -131 211
-1 -131 211
0 -131 211
1 -131 211
2 -131 211
3 -131 211
4 -131 211
5 -131 211
6 -131 211
7 -131 211
8 -131 211
9 -131 211
10 -131 211
11 -131 210
12 -131 210
13 -131 210
14 -131 210
15 -131 210
16 -131 210
17 -131 210
18 -131 210
19 -131 210
20 -131 210
21 -131 210
22 -131 210
23 -131 209
24 -131 209
25 -131 209
26 -131 209
27 -131 209
28 -131 209
29 -131 209
30 -131 208
31 -131 208
32 -131 208
33 -131 208
34 -131 208
35 -131 208
36 -131 207
37 -131 207
38 -131 207
39 -131 207
40 -131 207
41 -131 206
42 -131 206
43 -131 206
44 -131 206
45 -131 205
46 -131 205
47 -131 205
48 -131 205
49 -131 205
50 -131 204
51 -131 204
52 -131 204
53 -131 203
54 -131 203
55 -131 203
56 -131 203
57 -131 202
58 -131 202
59 -131 202
60 -131 201
61 -131 201
62 -131 201
63 -131 200
64 -131 200
65 -131 200
-67 -130 200
-66 -130 200
-65 -130 200
-64 -130 201
-63 -130 201
-62 -130 201
-61 -130 202
-60 -130 202
-59 -130 202
-58 -130 203
-57 -130 203
-56 -130 203
-55 -130 204
-54 -130 204
-53 -130 204
-52 -130 204
-51 -130 205
-50 -130 205
-49 -130 205
-48 -130 205
-47 -130 206
-46 -130 206
-45 -130 206
-44 -130 206
-43 -130 207
-42 -130 207
-41 -130 207
-40 -130 207
-39 -130 207
-38 -130 208
-37 -130 208
-36 -130 208
-35 -130 208
-34 -130 208
-33 -130 209
-32 -130 209
-31 -130 209
-30 -130 209
-29 -130 209
-28 -130 209
-27 -130 210
-26 -130 210
-25 -130 210
-24 -130 210
-23 -130 210
-22 -130 210
-21 -130 210
-20 -130 210
-19 -130 211
-18 -130 211
-17 -130 211
-16 -130 211
-15 -130 211
-14 -130 211
-13 -130 211
-12 -130 211
-11 -130 211
-10 -130 211
-9 -130 211
-8 -130 211
-7 -130 211
-6 -130 211
-5 -130 211
-4 -130 211
-3 -130 211
-2 -130 211
-1 -130 211
0 -130 211
1 -130 211
2 -130 211
3 -130 211
4 -130 211
5 -130 211
6 -130 211
7 -130 211
8 -130 211
9 -130 211
10 -130 211
11 -130 211
12 -130 211
13 -130 211
14 -130 211
15 -130 211
16 -130 211
17 -130 211
18 -130 211
19 -130 211
20 -130 210
21 -130 210
22 -130 210
23 -130 210
24 -130 210
25 -130 210
26 -130 210
27 -130 210
28 -130 209
29 -130 209
30 -130 209
31 -130 209
32 -130 209
33 -130 209
34 -130 208
35 -130 208
36 -130 208
37 -130 208
38 -130 208
39 -130 207
40 -130 207
41 -130 207
42 -130 207
43 -130 207
44 -130 206
45 -130 206
46 -130 206
47 -130 206
48 -130 205
49 -130 205
50 -130 205
51 -130 205
52 -130 204
53 -130 204
54 -130 204
55 -130 204
56 -130 203
57 -130 203
58 -130 203
59 -130 202
60 -130 202
61 -130 202
62 -130 201
63 -130 201
64 -130 201
65 -130 200
66 -130 200
67 -130 200
-69 -129 200
-68 -129 200
-67 -129 200
-66 -129 201
-65 -129 201
-64 -129 201
-63 -129 202
-62 -129 202
-61 -129 202
-60 -129 203
-59 -129 203
-58 -129 203
-57 -129 204
-56 -129 204
-55 -129 204
-54 -129 205
-53 -129 205
-52 -129 205
-51 -129 205
-50 -129 206
-49 -129 206
-48 -129 206
-47 -129 206
-46 -129 207
-45 -129 207
-44 -129 207
-43 -129 207
-42 -129 208
-41 -129 208
-40 -129 208
-39 -129 208
-38 -129 208
-37 -129 209
-36 -129 209
-35 -129 209
-34 -129 209
-33 -129 209
-32 -129 209
-31 -129 210
-30 -129 210
-29 -129 210
-28 -129 210
-27 -129 210
-26 -129 210
-25 -129 211
-24 -129 211
-23 -129 211
-22 -129 211
-21 -129 211
-20 -129 211
-19 -129 211
-18 -129 211
-17 -129 211
-16 -129 211
-15 -129 212
-14 -129 212
-13 -129 212
-12 -129 212
-11 -129 212
-10 -129 212
-9 -129 212
-8 -129 212
-7 -129 212
-6 -129 212
-5 -129 212
-4 -129 212
-3 -129 212
-2 -129 212
-1 -129 212
0 -129 212
1 -129 212
2 -129 212
3 -129 212
4 -129 212
5 -129 212
6 -129 212
7 -129 212
8 -129 212
9 -129 212
10 -129 212
11 -129 212
12 -129 212
13 -129 212
14 -129 212
15 -129 212
16 -129 211
17 -129 211
18 -129 211
19 -129 211
20 -129 211
21 -129 211
22 -129 211
23 -129 211
24 -129 211
25 -129 211
26 -129 210
27 -129 210
28 -129 210
29 -129 210
30 -129 210
31 -129 210
32 -129 209
33 -129 209
34 -129 209
35 -129 209
36 -129 209
37 -129 209
38 -129 208
39 -129 208
40 -129 208
41 -129 208
42 -129 208
43 -129 207
44 -129 207
45 -129 207
46 -129 207
47 -129 206
48 -129 206
49 -129 206
50 -129 206
51 -129 205
52 -129 205
53 -129 205
54 -129 205
55 -129 204
56 -129 204
57 -129 204
58 -129 203
59 -129 203
60 -129 203
61 -129 202
62 -129 202
63 -129 202
64 -129 201
65 -129 201
66 -129 201
67 -129 200
68 -129 200
69 -129 200
-71 -128 200
-70 -128 200
-69 -128 200
-68 -128 201
-67 -128 201
-66 -128 201
-65 -128 202
-64 -128 202
-63 -128 202
-62 -128 203
-61 -128 203
-60 -128 203
-59 -128 204
-58 -128 204
-57 -128 204
-56 -128 205
-55 -128 205
-54 -128 205
-53 -128 205
-52 -128 206
-51 -128 206
-50 -128 206
-49 -128 207
-48 -128 207
-47 -128 207
-46 -128 207
-45 -128 208
-44 -128 208
-43 -128 208
-42 -128 208
-41 -128 208
-40 -128 209
-39 -128 209
-38 -128 209
-37 -128 209
-36 -128 209
-35 -128 210
-34 -128 210
-33 -128 210
-32 -128 210
-31 -128 210
-30 -128 210
-29 -128 211
-28 -128 211
-27 -128 211
-26 -128 211
-25 -128 211
-24 -128 211
-23 -128 211
-22 -128 212
-21 -128 212
-20 -128 212
-19 -128 212
-18 -128 212
-17 -128 212
-16 -128 212
-15 -128 212
-14 -128 212
-13 -128 212
-12 -128 212
-11 -128 213
-10 -128 213
-9 -128 213
-8 -128 213
-7 -128 213
-6 -128 213
-5 -128 213
-4 -128 213
-3 -128 213
-2 -128 213
-1 -128 213
0 -128 213
1 -128 213
2 -128 213
3 -128 213
4 -128 213
5 -128 213
6 -128 213
7 -128 213
8 -128 213
9 -128 213
10 -128 213
11 -128 213
12 -128 212
13 -128 212
14 -128 212
15 -128 212
16 -128 212
17 -128 212
18 -128 212
19 -128 212
20 -128 212
21 -128 212
22 -128 212
23 -128 211
24 -128 211
25 -128 211
26 -128 211
27 -128 211
28 -128 211
29 -128 211
30 -128 210
31 -128 210
32 -128 210
33 -128 210
34 -128 210
35 -128 210
36 -128 209
37 -128 209
38 -128 209
39 -128 209
40 -128 209
41 -128 208
42 -128 208
43 -128 208
44 -128 208
45 -128 208
46 -128 207
47 -128 207
48 -128 207
49 -128 207
50 -128 206
51 -128 206
52 -128 206
53 -128 205
54 -128 205
55 -128 205
56 -128 205
57 -128 204
58 -128 204
59 -128 204
60 -128 203
61 -128 203
62 -128 203
63 -128 202
64 -128 202
65 -128 202
66 -128 201
67 -128 201
68 -128 201
69 -128 200
70 -128 200
71 -128 200
-73 -127 200
-72 -127 200
-71 -127 200
-70 -127 201
-69 -127 201
-68 -127 201
-67 -127 202
-66 -127 202
-65 -127 202
-64 -127 203
-63 -127 203
-62 -127 203
-61 -127 204
-60 -127 204
-59 -127 204
-58 -127 205
-57 -127 205
-56 -127 205
-55 -127 206
-54 -127 206
-53 -127 206
-52 -127 206
-51 -127 207
-50 -127 207
-49 -127 207
-48 -127 207
-47 -127 208
-46 -127 208
-45 -127 208
-44 -127 208
-43 -127 209
-42 -127 209
-41 -127 209
-40 -127 209
-39 -127 210
-38 -127 210
-37 -127 210
-36 -127 210
-35 -127 210
-34 -127 210
-33 -127 211
-32 -127 211
-31 -127 211
-30 -127 211
-29 -127 211
-28 -127 211
-27 -127 212
-26 -127 212
-25 -127 212
-24 -127 212
-23 -127 212
-22 -127 212
-21 -127 212
-20 -127 212
-19 -127 213
-18 -127 213
-17 -127 213
-16 -127 213
-15 -127 213
-14 -127 213
-13 -127 213
-12 -127 213
-11 -127 213
-10 -127 213
-9 -127 213
-8 -127 213
-7 -127 213
-6 -127 213
-5 -127 213
-4 -127 213
-3 -127 213
-2 -127 213
-1 -127 213
0 -127 213
1 -127 213
2 -127 213
3 -127 213
4 -127 213
5 -127 213
6 -127 213
7 -127 213
8 -127 213
9 -127 213
10 -127 213
11 -127 213
12 -127 213
13 -127 213
14 -127 213
15 -127 213
16 -127 213
17 -127 213
18 -127 213
19 -127 213
20 -127 212
21 -127 212
22 -127 212
23 -127 212
24 -127 212
25 -127 212
26 -127 212
27 -127 212
28 -127 211
29 -127 211
30 -127 211
31 -127 211
32 -127 211
33 -127 211
34 -127 210
35 -127 210
36 -127 210
37 -127 210
38 -127 210
39 -127 210
40 -127 209
41 -127 209
42 -127 209
43 -127 209
44 -127 208
45 -127 208
46 -127 208
47 -127 208
48 -127 207
49 -127 207
50 -127 207
51 -127 207
52 -127 206
53 -127 206
54 -127 206
55 -127 206
56 -127 205
57 -127 205
58 -127 205
59 -127 204
60 -127 204
61 -127 204
62 -127 203
63 -127 203
64 -127 203
65 -127 202
66 -127 202
67 -127 202
68 -127 201
69 -127 201
70 -127 201
71 -127 200
72 -127 200
73 -127 200
-74 -126 200
-73 -126 200
-72 -126 201
-71 -126 201
-70 -126 201
-69 -126 202
-68 -126 202
-67 -126 202
-66 -126 203
-65 -126 203
-64 -126 203
-63 -126 204
-62 -126 204
-61 -126 204
-60 -126 205
-59 -126 205
-58 -126 205
-57 -126 206
-56 -126 206
-55 -126 206
-54 -126 207
-53 -126 207
-52 -126 207
-51 -126 207
-50 -126 208
-49 -126 208
-48 -126 208
-47 -126 208
-46 -126 209
-45 -126 209
-44 -126 209
-43 -126 209
-42 -126 210
-41 -126 210
-40 -126 210
-39 -126 210
-38 -126 210
-37 -126 211
-36 -126 211
-35 -126 211
-34 -126 211
-33 -126 211
-32 -126 211
-31 -126 212
-30 -126 212
-29 -126 212
-28 -126 212
-27 -126 212
-26 -126 212
-25 -126 213
-24 -126 213
-23 -126 213
-22 -126 213
-21 -126 213
-20 -126 213
-19 -126 213
-18 -126 213
-17 -126 213
-16 -126 213
-15 -126 214
-14 -126 214
-13 -126 214
-12 -126 214
-11 -126 214
-10 -126 214
-9 -126 214
-8 -126 214
-7 -126 214
-6 -126 214
-5 -126 214
-4 -126 214
-3 -126 214
-2 -126 214
-1 -126 214
0 -126 214
1 -126 214
2 -126 214
3 -126 214
4 -126 214
5 -126 214
6 -126 214
7 -126 214
8 -126 214
9 -126 214
10 -126 214
11 -126 214
12 -126 214
13 -126 214
14 -126 214
15 -126 214
16 -126 213
17 -126 213
18 -126 213
19 -126 213
20 -126 213
21 -126 213
22 -126 213
23 -126 213
24 -126 213
25 -126 213
26 -126 212
27 -126 212
28 -126 212
29 -126 212
30 -126 212
31 -126 212
32 -126 211
33 -126 211
34 -126 211
35 -126 211
36 -126 211
37 -126 211
38 -126 210
39 -126 210
40 -126 210
41 -126 210
42 -126 210
43 -126 209
44 -126 209
45 -126 209
46 -126 209
47 -126 208
48 -126 208
49 -126 208
50 -126 208
51 -126 207
52 -126 207
53 -126 207
54 -126 207
55 -126 206
56 -126 206
57 -126 206
58 -126 205
59 -126 205
60 -126 205
61 -126 204
62 -126 204
63 -126 204
64 -126 203
65 -126 203
66 -126 203
67 -126 202
68 -126 202
69 -126 202
70 -126 201
71 -126 201
72 -126 201
73 -126 200
74 -126 200
-76 -125 200
-75 -125 200
-74 -125 200
-73 -125 201
-72 -125 201
-71 -125 202
-70 -125 202
-69 -125 202
-68 -125 203
-67 -125 203
-66 -125 203
-65 -125 204
-64 -125 204
-63 -125 204
-62 -125 205
-61 -125 205
-60 -125 205
-59 -125 206
-58 -125 206
-57 -125 206
-56 -125 207
-55 -125 207
-54 -125 207
-53 -125 207
-52 -125 208
-51 -125 208
-50 -125 208
-49 -125 209
-48 -125 209
-47 -125 209
-46 -125 209
-45 -125 210
-44 -125 210
-43 -125 210
-42 -125 210
-41 -125 210
-40 -125 211
-39 -125 211
-38 -125 211
-37 -125 211
-36 -125 211
-35 -125 212
-34 -125 212
-33 -125 212
-32 -125 212
-31 -125 212
-30 -125 212
-29 -125 213
-28 -125 213
-27 -125 213
-26 -125 213
-25 -125 213
-24 -125 213
-23 -125 213
-22 -125 214
-21 -125 214
-20 -125 214
-19 -125 214
-18 -125 214
-17 -125 214
-16 -125 214
-15 -125 214
-14 -125 214
-13 -125 214
-12 -125 214
-11 -125 214
-10 -125 215
-9 -125 215
-8 -125 215
-7 -125 215
-6 -125 215
-5 -125 215
-4 -125 215
-3 -125 215
-2 -125 215
-1 -125 215
0 -125 215
1 -125 215
2 -125 215
3 -125 215
4 -125 215
5 -125 215
6 -125 215
7 -125 215
8 -125 215
9 -125 215
10 -125 215
11 -125 214
12 -125 214
13 -125 214
14 -125 214
15 -125 214
16 -125 214
17 -125 214
18 -125 214
19 -125 214
20 -125 214
21 -125 214
22 -125 214
23 -125 213
24 -125 213
25 -125 213
26 -125 213
27 -125 213
28 -125 213
29 -125 213
30 -125 212
31 -125 212
32 -125 212
33 -125 212
34 -125 212
35 -125 212
36 -125 211
37 -125 211
38 -125 211
39 -125 211
40 -125 211
41 -125 210
42 -125 210
43 -125 210
44 -125 210
45 -125 210
46 -125 209
47 -125 209
48 -125 209
49 -125 209
50 -125 208
51 -125 208
52 -125 208
53 -125 207
54 -125 207
55 -125 207
56 -125 207
57 -125 206
58 -125 206
59 -125 206
60 -125 205
61 -125 205
62 -125 205
63 -125 204
64 -125 204
65 -125 204
66 -125 203
67 -125 203
68 -125 203
69 -125 202
70 -125 202
71 -125 202
72 -125 201
73 -125 201
74 -125 200
75 -125 200
76 -125 200
-78 -124 200
-77 -124 200
-76 -124 200
-75 -124 201
-74 -124 201
-73 -124 202
-72 -124 202
-71 -124 202
-70 -124 203
-69 -124 203
-68 -124 203
-67 -124 204
-66 -124 204
-65 -124 204
-64 -124 205
-63 -124 205
-62 -124 205
-61 -124 206
-60 -124 206
-59 -124 206
-58 -124 207
-57 -124 207
-56 -124 207
-55 -124 208
-54 -124 208
-53 -124 208
-52 -124 208
-51 -124 209
-50 -124 209
-49 -124 209
-48 -124 209
-47 -124 210
-46 -124 210
-45 -124 210
-44 -124 210
-43 -124 211
-42 -124 211
-41 -124 211
-40 -124 211
-39 -124 211
-38 -124 212
-37 -124 212
-36 -124 212
-35 -124 212
-34 -124 212
-33 -124 213
-32 -124 213
-31 -124 213
-30 -124 213
-29 -124 213
-28 -124 213
-27 -124 214
-26 -124 214
-25 -124 214
-24 -124 214
-23 -124 214
-22 -124 214
-21 -124 214
-20 -124 214
-19 -124 214
-18 -124 215
-17 -124 215
-16 -124 215
-15 -124 215
-14 -124 215
-13 -124 215
-12 -124 215
-11 -124 215
-10 -124 215
-9 -124 215
-8 -124 215
-7 -124 215
-6 -124 215
-5 -124 215
-4 -124 215
-3 -124 215
-2 -124 215
-1 -124 215
0 -124 215
1 -124 215
2 -124 215
3 -124 215
4 -124 215
5 -124 215
6 -124 215
7 -124 215
8 -124 215
9 -124 215
10 -124 215
11 -124 215
12 -124 215
13 -124 215
14 -124 215
15 -124 215
16 -124 215
17 -124 215
18 -124 215
19 -124 214
20 -124 214
21 -124 214
22 -124 214
23 -124 214
24 -124 214
25 -124 214
26 -124 214
27 -124 214
28 -124 213
29 -124 213
30 -124 213
31 -124 213
32 -124 213
33 -124 213
34 -124 212
35 -124 212
36 -124 212
37 -124 212
38 -124 212
39 -124 211
40 -124 211
41 -124 211
42 -124 211
43 -124 211
44 -124 210
45 -124 210
46 -124 210
47 -124 210
48 -124 209
49 -124 209
50 -124 209
51 -124 209
52 -124 208
53 -124 208
54 -124 208
55 -124 208
56 -124 207
57 -124 207
58 -124 207
59 -124 206
60 -124 206
61 -124 206
62 -124 205
63 -124 205
64 -124 205
65 -124 204
66 -124 204
67 -124 204
68 -124 203
69 -124 203
70 -124 203
71 -124 202
72 -124 202
73 -124 202
74 -124 201
75 -124 201
76 -124 200
77 -124 200
78 -124 200
-79 -123 200
-78 -123 200
-77 -123 201
-76 -123 201
-75 -123 201
-74 -123 202
-73 -123 202
-72 -123 203
-71 -123 203
-70 -123 203
-69 -123 204
-68 -123 204
-67 -123 204
-66 -123 205
-65 -123 205
-64 -123 205
-63 -123 206
-62 -123 206
-61 -123 206
-60 -123 207
-59 -123 207
-58 -123 207
-57 -123 208
-56 -123 208
-55 -123 208
-54 -123 208
-53 -123 209
-52 -123 209
-51 -123 209
-50 -123 210
-49 -123 210
-48 -123 210
-47 -123 210
-46 -123 211
-45 -123 211
-44 -123 211
-43 -123 211
-42 -123 211
-41 -123 212
-40 -123 212
-39 -123 212
-38 -123 212
-37 -123 213
-36 -123 213
-35 -123 213
-34 -123 213
-33 -123 213
-32 -123 213
-31 -123 214
-30 -123 214
-29 -123 214
-28 -123 214
-27 -123 214
-26 -123 214
-25 -123 214
-24 -123 215
-23 -123 215
-22 -123 215
-21 -123 215
-20 -123 215
-19 -123 215
-18 -123 215
-17 -123 215
-16 -123 215
-15 -123 215
-14 -123 216
-13 -123 216
-12 -123 216
-11 -123 216
-10 -123 216
-9 -123 216
-8 -123 216
-7 -123 216
-6 -123 216
-5 -123 216
-4 -123 216
-3 -123 216
-2 -123 216
-1 -123 216
0 -123 216
1 -123 216
2 -123 216
3 -123 216
4 -123 216
5 -123 216
6 -123 216
7 -123 216
8 -123 216
9 -123 216
10 -123 216
11 -123 216
12 -123 216
13 -123 216
14 -123 216
15 -123 215
16 -123 215
17 -123 215
18 -123 215
19 -123 215
20 -123 215
21 -123 215
22 -123 215
23 -123 215
24 -123 215
25 -123 214
26 -123 214
27 -123 214
28 -123 214
29 -123 214
30 -123 214
31 -123 214
32 -123 213
33 -123 213
34 -123 213
35 -123 213
36 -123 213
37 -123 213
38 -123 212
39 -123 212
40 -123 212
41 -123 212
42 -123 211
43 -123 211
44 -123 211
45 -123 211
46 -123 211
47 -123 210
48 -123 210
49 -123 210
50 -123 210
51 -123 209
52 -123 209
53 -123 209
54 -123 208
55 -123 208
56 -123 208
57 -123 208
58 -123 207
59 -123 207
60 -123 207
61 -123 206
62 -123 206
63 -123 206
64 -123 205
65 -123 205
66 -123 205
67 -123 204
68 -123 204
69 -123 204
70 -123 203
71 -123 203
72 -123 203
73 -123 202
74 -123 202
75 -123 201
76 -123 201
77 -123 201
78 -123 200
79 -123 200
-81 -122 200
-80 -122 200
-79 -122 200
-78 -122 201
-77 -122 201
-76 -122 202
-75 -122 202
-74 -122 202
-73 -122 203
-72 -122 203
-71 -122 204
-70 -122 204
-69 -122 204
-68 -122 205
-67 -122 205
-66 -122 205
-65 -122 206
-64 -122 206
-63 -122 206
-62 -122 207
-61 -122 207
-60 -122 207
-59 -122 208
-58 -122 208
-57 -122 208
-56 -122 209
-55 -122 209
-54 -122 209
-53 -122 209
-52 -122 210
-51 -122 210
-50 -122 210
-49 -122 210
-48 -122 211
-47 -122 211
-46 -122 211
-45 -122 211
-44 -122 212
-43 -122 212
-42 -122 212
-41 -122 212
-40 -122 213
-39 -122 213
-38 -122 213
-37 -122 213
-36 -122 213
-35 -122 214
-34 -122 214
-33 -122 214
-32 -122 214
-31 -122 214
-30 -122 214
-29 -122 215
-28 -122 215
-27 -122 215
-26 -122 215
-25 -122 215
-24 -122 215
-23 -122 215
-22 -122 215
-21 -122 216
-20 -122 216
-19 -122 216
-18 -122 216
-17 -122 216
-16 -122 216
-15 -122 216
-14 -122 216
-13 -122 216
-12 -122 216
-11 -122 216
-10 -122 216
-9 -122 217
-8 -122 217
-7 -122 217
-6 -122 217
-5 -122 217
-4 -122 217
-3 -122 217
-2 -122 217
-1 -122 217
0 -122 217
1 -122 217
2 -122 217
3 -122 217
4 -122 217
5 -122 217
6 -122 217
7 -122 217
8 -122 217
9 -122 217
10 -122 216
11 -122 216
12 -122 216
13 -122 216
14 -122 216
15 -122 216
16 -122 216
17 -122 216
18 -122 216
19 -122 216
20 -122 216
21 -122 216
22 -122 215
23 -122 215
24 -122 215
25 -122 215
26 -122 215
27 -122 215
28 -122 215
29 -122 215
30 -122 214
31 -122 214
32 -122 214
33 -122 214
34 -122 214
35 -122 214
36 -122 213
37 -122 213
38 -122 213
39 -122 213
40 -122 213
41 -122 212
42 -122 212
43 -122 212
44 -122 212
45 -122 211
46 -122 211
47 -122 211
48 -122 211
49 -122 210
50 -122 210
51 -122 210
52 -122 210
53 -122 209
54 -122 209
55 -122 209
56 -122 209
57 -122 208
58 -122 208
59 -122 208
60 -122 207
61 -122 207
62 -122 207
63 -122 206
64 -122 206
65 -122 206
66 -122 205
67 -122 205
68 -122 205
69 -122 204
70 -122 204
71 -122 204
72 -122 203
73 -122 203
74 -122 202
75 -122 202
76 -122 202
77 -122 201
78 -122 201
79 -122 200
80 -122 200
81 -122 200
-82 -121 200
-81 -121 200
-80 -121 201
-79 -121 201
-78 -121 201
-77 -121 202
-76 -121 202
-75 -121 203
-74 -121 203
-73 -121 203
-72 -121 204
-71 -121 204
-70 -121 205
-69 -121 205
-68 -121 205
-67 -121 206
-66 -121 206
-65 -121 206
-64 -121 207
-63 -121 207
-62 -121 207
-61 -121 208
-60 -121 208
-59 -121 208
-58 -121 209
-57 -121 209
-56 -121 209
-55 -121 209
-54 -121 210
-53 -121 210
-52 -121 210
-51 -121 211
-50 -121 211
-49 -121 211
-48 -121 211
-47 -121 212
-46 -121 212
-45 -121 212
-44 -121 212
-43 -121 213
-42 -121 213
-41 -121 213
-40 -121 213
-39 -121 213
-38 -121 214
-37 -121 214
-36 -121 214
-35 -121 214
-34 -121 214
-33 -121 215
-32 -121 215
-31 -121 215
-30 -121 215
-29 -121 215
-28 -121 215
-27 -121 215
-26 -121 216
-25 -121 216
-24 -121 216
-23 -121 216
-22 -121 216
-21 -121 216
-20 -121 216
-19 -121 216
-18 -121 217
-17 -121 217
-16 -121 217
-15 -121 217
-14 -121 217
-13 -121 217
-12 -121 217
-11 -121 217
-10 -121 217
-9 -121 217
-8 -121 217
-7 -121 217
-6 -121 217
-5 -121 217
-4 -121 217
-3 -121 217
-2 -121 217
-1 -121 217
0 -121 217
1 -121 217
2 -121 217
3 -121 217
4 -121 217
5 -121 217
6 -121 217
7 -121 217
8 -121 217
9 -121 217
10 -121 217
11 -121 217
12 -121 217
13 -121 217
14 -121 217
15 -121 217
16 -121 217
17 -121 217
18 -121 217
19 -121 216
20 -121 216
21 -121 216
22 -121 216
23 -121 216
24 -121 216
25 -121 216
26 -121 216
27 -121 215
28 -121 215
29 -121 215
30 -121 215
31 -121 215
32 -121 215
33 -121 215
34 -121 214
35 -121 214
36 -121 214
37 -121 214
38 -121 214
39 -121 213
40 -121 213
41 -121 213
42 -121 213
43 -121 213
44 -121 212
45 -121 212
46 -121 212
47 -121 212
48 -121 211
49 -121 211
50 -121 211
51 -121 211
52 -121 210
53 -121 210
54 -121 210
55 -121 209
56 -121 209
57 -121 209
58 -121 209
59 -121 208
60 -121 208
61 -121 208
62 -121 207
63 -121 207
64 -121 207
65 -121 206
66 -121 206
67 -121 206
68 -121 205
69 -121 205
70 -121 205
71 -121 204
72 -121 204
73 -121 203
74 -121 203
75 -121 203
76 -121 202
77 -121 202
78 -121 201
79 -121 201
80 -121 201
81 -121 200
82 -121 200
-84 -120 200
-83 -120 200
-82 -120 200
-81 -120 201
-80 -120 201
-79 -120 202
-78 -120 202
-77 -120 202
-76 -120 203
-75 -120 203
-74 -120 204
-73 -120 204
-72 -120 204
-71 -120 205
-70 -120 205
-69 -120 206
-68 -120 206
-67 -120 206
-66 -120 207
-65 -120 207
-64 -120 207
-63 -120 208
-62 -120 208
-61 -120 208
-60 -120 209
-59 -120 209
-58 -120 209
-57 -120 210
-56 -120 210
-55 -120 210
-54 -120 210
-53 -120 211
-52 -120 211
-51 -120 211
-50 -120 211
-49 -120 212
-48 -120 212
-47 -120 212
-46 -120 212
-45 -120 213
-44 -120 213
-43 -120 213
-42 -120 213
-41 -120 214
-40 -120 214
-39 -120 214
-38 -120 214
-37 -120 214
-36 -120 215
-35 -120 215
-34 -120 215
-33 -120 215
-32 -120 215
-31 -120 215
-30 -120 216
-29 -120 216
-28 -120 216
-27 -120 216
-26 -120 216
-25 -120 216
-24 -120 216
-23 -120 217
-22 -120 217
-21 -120 217
-20 -120 217
-19 -120 217
-18 -120 217
-17 -120 217
-16 -120 217
-15 -120 217
-14 -120 217
-13 -120 218
-12 -120 218
-11 -120 218
-10 -120 218
-9 -120 218
-8 -120 218
-7 -120 218
-6 -120 218
-5 -120 218
-4 -120 218
-3 -120 218
-2 -120 218
-1 -120 218
0 -120 218
1 -120 218
2 -120 218
3 -120 218
4 -120 218
5 -120 218
6 -120 218
7 -120 218
8 -120 218
9 -120 218
10 -120 218
11 -120 218
12 -120 218
13 -120 218
14 -120 217
15 -120 217
16 -120 217
17 -120 217
18 -120 217
19 -120 217
20 -120 217
21 -120 217
22 -120 217
23 -120 217
24 -120 216
25 -120 216
26 -120 216
27 -120 216
28 -120 216
29 -120 216
30 -120 216
31 -120 215
32 -120 215
33 -120 215
34 -120 215
35 -120 215
36 -120 215
37 -120 214
38 -120 214
39 -120 214
40 -120 214
41 -120 214
42 -120 213
43 -120 213
44 -120 213
45 -120 213
46 -120 212
47 -120 212
48 -120 212
49 -120 212
50 -120 211
51 -120 211
52 -120 211
53 -120 211
54 -120 210
55 -120 210
56 -120 210
57 -120 210
58 -120 209
59 -120 209
60 -120 209
61 -120 208
62 -120 208
63 -120 208
64 -120 207
65 -120 207
66 -120 207
67 -120 206
68 -120 206
69 -120 206
70 -120 205
71 -120 205
72 -120 204
73 -120 204
74 -120 204
75 -120 203
76 -120 203
77 -120 202
78 -120 202
79 -120 202
80 -120 201
81 -120 201
82 -120 200
83 -120 200
84 -120 200
-85 -119 200
-84 -119 200
-83 -119 201
-82 -119 201
-81 -119 201
-80 -119 202
-79 -119 202
-78 -119 203
-77 -119 203
-76 -119 204
-75 -119 204
-74 -119 204
-73 -119 205
-72 -119 205
-71 -119 205
-70 -119 206
-69 -119 206
-68 -119 207
-67 -119 207
-66 -119 207
-65 -119 208
-64 -119 208
-63 -119 208
-62 -119 209
-61 -119 209
-60 -119 209
-59 -119 210
-58 -119 210
-57 -119 210
-56 -119 210
-55 -119 211
-54 -119 211
-53 -119 211
-52 -119 212
-51 -119 212
-50 -119 212
-49 -119 212
-48 -119 213
-47 -119 213
-46 -119 213
-45 -119 213
-44 -119 214
-43 -119 214
-42 -119 214
-41 -119 214
-40 -119 214
-39 -119 215
-38 -119 215
-37 -119 215
-36 -119 215
-35 -119 215
-34 -119 216
-33 -119 216
-32 -119 216
-31 -119 216
-30 -119 216
-29 -119 216
-28 -119 217
-27 -119 217
-26 -119 217
-25 -119 217
-24 -119 217
-23 -119 217
-22 -119 217
-21 -119 217
-20 -119 218
-19 -119 218
-18 -119 218
-17 -119 218
-16 -119 218
-15 -119 218
-14 -119 218
-13 -119 218
-12 -119 218
-11 -119 218
-10 -119 218
-9 -119 218
-8 -119 218
-7 -119 218
-6 -119 218
-5 -119 219
-4 -119 219
-3 -119 219
-2 -119 219
-1 -119 219
0 -119 219
1 -119 219
2 -119 219
3 -119 219
4 -119 219
5 -119 219
6 -119 218
7 -119 218
8 -119 218
9 -119 218
10 -119 218
11 -119 218
12 -119 218
13 -119 218
14 -119 218
15 -119 218
16 -119 218
17 -119 218
18 -119 218
19 -119 218
20 -119 218
21 -119 217
22 -119 217
23 -119 217
24 -119 217
25 -119 217
26 -119 217
27 -119 217
28 -119 217
29 -119 216
30 -119 216
31 -119 216
32 -119 216
33 -119 216
34 -119 216
35 -119 215
36 -119 215
37 -119 215
38 -119 215
39 -119 215
40 -119 214
41 -119 214
42 -119 214
43 -119 214
44 -119 214
45 -119 213
46 -119 213
47 -119 213
48 -119 213
49 -119 212
50 -119 212
51 -119 212
52 -119 212
53 -119 211
54 -119 211
55 -119 211
56 -119 210
57 -119 210
58 -119 210
59 -119 210
60 -119 209
61 -119 209
62 -119 209
63 -119 208
64 -119 208
65 -119 208
66 -119 207
67 -119 207
68 -119 207
69 -119 206
70 -119 206
71 -119 205
72 -119 205
73 -119 205
74 -119 204
75 -119 204
76 -119 204
77 -119 203
78 -119 203
79 -119 202
80 -119 202
81 -119 201
82 -119 201
83 -119 201
84 -119 200
85 -119 200
-86 -118 200
-85 -118 200
-84 -118 201
-83 -118 201
-82 -118 202
-81 -118 202
-80 -118 203
-79 -118 203
-78 -118 203
-77 -118 204
-76 -118 204
-75 -118 205
-74 -118 205
-73 -118 205
-72 -118 206
-71 -118 206
-70 -118 206
-69 -118 207
-68 -118 207
-67 -118 208
-66 -118 208
-65 -118 208
-64 -118 209
-63 -118 209
-62 -118 209
-61 -118 210
-60 -118 210
-59 -118 210
-58 -118 210
-57 -118 211
-56 -118 211
-55 -118 211
-54 -118 212
-53 -118 212
-52 -118 212
-51 -118 212
-50 -118 213
-49 -118 213
-48 -118 213
-47 -118 213
-46 -118 214
-45 -118 214
-44 -118 214
-43 -118 214
-42 -118 215
-41 -118 215
-40 -118 215
-39 -118 215
-38 -118 215
-37 -118 216
-36 -118 216
-35 -118 216
-34 -118 216
-33 -118 216
-32 -118 217
-31 -118 217
-30 -118 217
-29 -118 217
-28 -118 217
-27 -118 217
-26 -118 217
-25 -118 218
-24 -118 218
-23 -118 218
-22 -118 218
-21 -118 218
-20 -118 218
-19 -118 218
-18 -118 218
-17 -118 218
-16 -118 219
-15 -118 219
-14 -118 219
-13 -118 219
-12 -118 219
-11 -118 219
-10 -118 219
-9 -118 219
-8 -118 219
-7 -118 219
-6 -118 219
-5 -118 219
-4 -118 219
-3 -118 219
-2 -118 219
-1 -118 219
0 -118 219
1 -118 219
2 -118 219
3 -118 219
4 -118 219
5 -118 219
6 -118 219
7 -118 219
8 -118 219
9 -118 219
10 -118 219
11 -118 219
12 -118 219
13 -118 219
14 -118 219
15 -118 219
16 -118 219
17 -118 218
18 -118 218
19 -118 218
20 -118 218
21 -118 218
22 -118 218
23 -118 218
24 -118 218
25 -118 218
26 -118 217
27 -118 217
28 -118 217
29 -118 217
30 -118 217
31 -118 217
32 -118 217
33 -118 216
34 -118 216
35 -118 216
36 -118 216
37 -118 216
38 -118 215
39 -118 215
40 -118 215
41 -118 215
42 -118 215
43 -118 214
44 -118 214
45 -118 214
46 -118 214
47 -118 213
48 -118 213
49 -118 213
50 -118 213
51 -118 212
52 -118 212
53 -118 212
54 -118 212
55 -118 211
56 -118 211
57 -118 211
58 -118 210
59 -118 210
60 -118 210
61 -118 210
62 -118 209
63 -118 209
64 -118 209
65 -118 208
66 -118 208
67 -118 208
68 -118 207
69 -118 207
70 -118 206
71 -118 206
72 -118 206
73 -118 205
74 -118 205
75 -118 205
76 -118 204
77 -118 204
78 -118 203
79 -118 203
80 -118 203
81 -118 202
82 -118 202
83 -118 201
84 -118 201
85 -118 200
86 -118 200
-88 -117 200
-87 -117 200
-86 -117 201
-85 -117 201
-84 -117 201
-83 -117 202
-82 -117 202
-81 -117 203
-80 -117 203
-79 -117 204
-78 -117 204
-77 -117 204
-76 -117 205
-75 -117 205
-74 -117 206
-73 -117 206
-72 -117 206
-71 -117 207
-70 -117 207
-69 -117 207
-68 -117 208
-67 -117 208
-66 -117 208
-65 -117 209
-64 -117 209
-63 -117 209
-62 -117 210
-61 -117 210
-60 -117 210
-59 -117 211
-58 -117 211
-57 -117 211
-56 -117 212
-55 -117 212
-54 -117 212
-53 -117 213
-52 -117 213
-51 -117 213
-50 -117 213
-49 -117 214
-48 -117 214
-47 -117 214
-46 -117 214
-45 -117 215
-44 -117 215
-43 -117 215
-42 -117 215
-41 -117 215
-40 -117 216
-39 -117 216
-38 -117 216
-37 -117 216
-36 -117 216
-35 -117 217
-34 -117 217
-33 -117 217
-32 -117 217
-31 -117 217
-30 -117 217
-29 -117 218
-28 -117 218
-27 -117 218
-26 -117 218
-25 -117 218
-24 -117 218
-23 -117 218
-22 -117 219
-21 -117 219
-20 -117 219
-19 -117 219
-18 -117 219
-17 -117 219
-16 -117 219
-15 -117 219
-14 -117 219
-13 -117 219
-12 -117 219
-11 -117 219
-10 -117 220
-9 -117 220
-8 -117 220
-7 -117 220
-6 -117 220
-5 -117 220
-4 -117 220
-3 -117 220
-2 -117 220
-1 -117 220
0 -117 220
1 -117 220
2 -117 220
3 -117 220
4 -117 220
5 -117 220
6 -117 220
7 -117 220
8 -117 220
9 -117 220
10 -117 220
11 -117 219
12 -117 219
13 -117 219
14 -117 219
15 -117 219
16 -117 219
17 -117 219
18 -117 219
19 -117 219
20 -117 219
21 -117 219
22 -117 219
23 -117 218
24 -117 218
25 -117 218
26 -117 218
27 -117 218
28 -117 218
29 -117 218
30 -117 217
31 -117 217
32 -117 217
33 -117 217
34 -117 217
35 -117 217
36 -117 216
37 -117 216
38 -117 216
39 -117 216
40 -117 216
41 -117 215
42 -117 215
43 -117 215
44 -117 215
45 -117 215
46 -117 214
47 -117 214
48 -117 214
49 -117 214
50 -117 213
51 -117 213
52 -117 213
53 -117 213
54 -117 212
55 -117 212
56 -117 212
57 -117 211
58 -117 211
59 -117 211
60 -117 210
61 -117 210
62 -117 210
63 -117 209
64 -117 209
65 -117 209
66 -117 208
67 -117 208
68 -117 208
69 -117 207
70 -117 207
71 -117 207
72 -117 206
73 -117 206
74 -117 206
75 -117 205
76 -117 205
77 -117 204
78 -117 204
79 -117 204
80 -117 203
81 -117 203
82 -117 202
83 -117 202
84 -117 201
85 -117 201
86 -117 201
87 -117 200
88 -117 200
-89 -116 200
-88 -116 200
-87 -116 201
-86 -116 201
-85 -116 202
-84 -116 202
-83 -116 202
-82 -116 203
-81 -116 203
-80 -116 204
-79 -116 204
-78 -116 205
-77 -116 205
-76 -116 205
-75 -116 206
-74 -116 206
-73 -116 207
-72 -116 207
-71 -116 207
-70 -116 208
-69 -116 208
-68 -116 208
-67 -116 209
-66 -116 209
-65 -116 209
-64 -116 210
-63 -116 210
-62 -116 210
-61 -116 211
-60 -116 211
-59 -116 211
-58 -116 212
-57 -116 212
-56 -116 212
-55 -116 213
-54 -116 213
-53 -116 213
-52 -116 213
-51 -116 214
-50 -116 214
-49 -116 214
-48 -116 214
-47 -116 215
-46 -116 215
-45 -116 215
-44 -116 215
-43 -116 216
-42 -116 216
-41 -116 216
-40 -116 216
-39 -116 216
-38 -116 217
-37 -116 217
-36 -116 217
-35 -116 217
-34 -116 217
-33 -116 218
-32 -116 218
-31 -116 218
-30 -116 218
-29 -116 218
-28 -116 218
-27 -116 219
-26 -116 219
-25 -116 219
-24 -116 219
-23 -116 219
-22 -116 219
-21 -116 219
-20 -116 219
-19 -116 219
-18 -116 220
-17 -116 220
-16 -116 220
-15 -116 220
-14 -116 220
-13 -116 220
-12 -116 220
-11 -116 220
-10 -116 220
-9 -116 220
-8 -116 220
-7 -116 220
-6 -116 220
-5 -116 220
-4 -116 220
-3 -116 220
-2 -116 220
-1 -116 220
0 -116 220
1 -116 220
2 -116 220
3 -116 220
4 -116 220
5 -116 220
6 -116 220
7 -116 220
8 -116 220
9 -116 220
10 -116 220
11 -116 220
12 -116 220
13 -116 220
14 -116 220
15 -116 220
16 -116 220
17 -116 220
18 -116 220
19 -116 219
20 -116 219
21 -116 219
22 -116 219
23 -116 219
24 -116 219
25 -116 219
26 -116 219
27 -116 219
28 -116 218
29 -116 218
30 -116 218
31 -116 218
32 -116 218
33 -116 218
34 -116 217
35 -116 217
36 -116 217
37 -116 217
38 -116 217
39 -116 216
40 -116 216
41 -116 216
42 -116 216
43 -116 216
44 -116 215
45 -116 215
46 -116 215
47 -116 215
48 -116 214
49 -116 214
50 -116 214
51 -116 214
52 -116 213
53 -116 213
54 -116 213
55 -116 213
56 -116 212
57 -116 212
58 -116 212
59 -116 211
60 -116 211
61 -116 211
62 -116 210
63 -116 210
64 -116 210
65 -116 209
66 -116 209
67 -116 209
68 -116 208
69 -116 208
70 -116 208
71 -116 207
72 -116 207
73 -116 207
74 -116 206
75 -116 206
76 -116 205
77 -116 205
78 -116 205
79 -116 204
80 -116 204
81 -116 203
82 -116 203
83 -116 202
84 -116 202
85 -116 202
86 -116 201
87 -116 201
88 -116 200
89 -116 200
-90 -115 200
-89 -115 200
-88 -115 201
-87 -115 201
-86 -115 202
-85 -115 202
-84 -115 203
-83 -115 203
-82 -115 203
-81 -115 204
-80 -115 204
-79 -115 205
-78 -115 205
-77 -115 206
-76 -115 206
-75 -115 206
-74 -115 207
-73 -115 207
-72 -115 208
-71 -115 208
-70 -115 208
-69 -115 209
-68 -115 209
-67 -115 209
-66 -115 210
-65 -115 210
-64 -115 210
-63 -115 211
-62 -115 211
-61 -115 211
-60 -115 212
-59 -115 212
-58 -115 212
-57 -115 213
-56 -115 213
-55 -115 213
-54 -115 213
-53 -115 214
-52 -115 214
-51 -115 214
-50 -115 215
-49 -115 215
-48 -115 215
-47 -115 215
-46 -115 216
-45 -115 216
-44 -115 216
-43 -115 216
-42 -115 216
-41 -115 217
-40 -115 217
-39 -115 217
-38 -115 217
-37 -115 217
-36 -115 218
-35 -115 218
-34 -115 218
-33 -115 218
-32 -115 218
-31 -115 219
-30 -115 219
-29 -115 219
-28 -115 219
-27 -115 219
-26 -115 219
-25 -115 219
-24 -115 220
-23 -115 220
-22 -115 220
-21 -115 220
-20 -115 220
-19 -115 220
-18 -115 220
-17 -115 220
-16 -115 220
-15 -115 220
-14 -115 221
-13 -115 221
-12 -115 221
-11 -115 221
-10 -115 221
-9 -115 221
-8 -115 221
-7 -115 221
-6 -115 221
-5 -115 221
-4 -115 221
-3 -115 221
-2 -115 221
-1 -115 221
0 -115 221
1 -115 221
2 -115 221
3 -115 221
4 -115 221
5 -115 221
6 -115 221
7 -115 221
8 -115 221
9 -115 221
10 -115 221
11 -115 221
12 -115 221
13 -115 221
14 -115 221
15 -115 220
16 -115 220
17 -115 220
18 -115 220
19 -115 220
20 -115 220
21 -115 220
22 -115 220
23 -115 220
24 -115 220
25 -115 219
26 -115 219
27 -115 219
28 -115 219
29 -115 219
30 -115 219
31 -115 219
32 -115 218
33 -115 218
34 -115 218
35 -115 218
36 -115 218
37 -115 217
38 -115 217
39 -115 217
40 -115 217
41 -115 217
42 -115 216
43 -115 216
44 -115 216
45 -115 216
46 -115 216
47 -115 215
48 -115 215
49 -115 215
50 -115 215
51 -115 214
52 -115 214
53 -115 214
54 -115 213
55 -115 213
56 -115 213
57 -115 213
58 -115 212
59 -115 212
60 -115 212
61 -115 211
62 -115 211
63 -115 211
64 -115 210
65 -115 210
66 -115 210
67 -115 209
68 -115 209
69 -115 209
70 -115 208
71 -115 208
72 -115 208
73 -115 207
74 -115 207
75 -115 206
76 -115 206
77 -115 206
78 -115 205
79 -115 205
80 -115 204
81 -115 204
82 -115 203
83 -115 203
84 -115 203
85 -115 202
86 -115 202
87 -115 201
88 -115 201
89 -115 200
90 -115 200
-92 -114 200
-91 -114 200
-90 -114 200
-89 -114 201
-88 -114 201
-87 -114 202
-86 -114 202
-85 -114 203
-84 -114 203
-83 -114 204
-82 -114 204
-81 -114 205
-80 -114 205
-79 -114 205
-78 -114 206
-77 -114 206
-76 -114 207
-75 -114 207
-74 -114 207
-73 -114 208
-72 -114 208
-71 -114 208
-70 -114 209
-69 -114 209
-68 -114 210
-67 -114 210
-66 -114 210
-65 -114 211
-64 -114 211
-63 -114 211
-62 -114 212
-61 -114 212
-60 -114 212
-59 -114 213
-58 -114 213
-57 -114 213
-56 -114 213
-55 -114 214
-54 -114 214
-53 -114 214
-52 -114 215
-51 -114 215
-50 -114 215
-49 -114 215
-48 -114 216
-47 -114 216
-46 -114 216
-45 -114 216
-44 -114 217
-43 -114 217
-42 -114 217
-41 -114 217
-40 -114 217
-39 -114 218
-38 -114 218
-37 -114 218
-36 -114 218
-35 -114 218
-34 -114 219
-33 -114 219
-32 -114 219
-31 -114 219
-30 -114 219
-29 -114 219
-28 -114 220
-27 -114 220
-26 -114 220
-25 -114 220
-24 -114 220
-23 -114 220
-22 -114 220
-21 -114 220
-20 -114 221
-19 -114 221
-18 -114 221
-17 -114 221
-16 -114 221
-15 -114 221
-14 -114 221
-13 -114 221
-12 -114 221
-11 -114 221
-10 -114 221
-9 -114 221
-8 -114 221
-7 -114 221
-6 -114 222
-5 -114 222
-4 -114 222
-3 -114 222
-2 -114 222
-1 -114 222
0 -114 222
1 -114 222
2 -114 222
3 -114 222
4 -114 222
5 -114 222
6 -114 222
7 -114 221
8 -114 221
9 -114 221
10 -114 221
11 -114 221
12 -114 221
13 -114 221
14 -114 221
15 -114 221
16 -114 221
17 -114 221
18 -114 221
19 -114 221
20 -114 221
21 -114 220
22 -114 220
23 -114 220
24 -114 220
25 -114 220
26 -114 220
27 -114 220
28 -114 220
29 -114 219
30 -114 219
31 -114 219
32 -114 219
33 -114 219
34 -114 219
35 -114 218
36 -114 218
37 -114 218
38 -114 218
39 -114 218
40 -114 217
41 -114 217
42 -114 217
43 -114 217
44 -114 217
45 -114 216
46 -114 216
47 -114 216
48 -114 216
49 -114 215
50 -114 215
51 -114 215
52 -114 215
53 -114 214
54 -114 214
55 -114 214
56 -114 213
57 -114 213
58 -114 213
59 -114 213
60 -114 212
61 -114 212
62 -114 212
63 -114 211
64 -114 211
65 -114 211
66 -114 210
67 -114 210
68 -114 210
69 -114 209
70 -114 209
71 -114 208
72 -114 208
73 -114 208
74 -114 207
75 -114 207
76 -114 207
77 -114 206
78 -114 206
79 -114 205
80 -114 205
81 -114 205
82 -114 204
83 -114 204
84 -114 203
85 -114 203
86 -114 202
87 -114 202
88 -114 201
89 -114 201
90 -114 200
91 -114 200
92 -114 200
-93 -113 200
-92 -113 200
-91 -113 201
-90 -113 201
-89 -113 202
-88 -113 202
-87 -113 202
-86 -113 203
-85 -113 203
-84 -113 204
-83 -113 204
-82 -113 205
-81 -113 205
-80 -113 206
-79 -113 206
-78 -113 206
-77 -113 207
-76 -113 207
-75 -113 208
-74 -113 208
-73 -113 208
-72 -113 209
-71 -113 209
-70 -113 209
-69 -113 210
-68 -113 210
-67 -113 211
-66 -113 211
-65 -113 211
-64 -113 212
-63 -113 212
-62 -113 212
-61 -113 213
-60 -113 213
-59 -113 213
-58 -113 213
-57 -113 214
-56 -113 214
-55 -113 214
-54 -113 215
-53 -113 215
-52 -113 215
-51 -113 215
-50 -113 216
-49 -113 216
-48 -113 216
-47 -113 216
-46 -113 217
-45 -113 217
-44 -113 217
-43 -113 217
-42 -113 218
-41 -113 218
-40 -113 218
-39 -113 218
-38 -113 218
-37 -113 219
-36 -113 219
-35 -113 219
-34 -113 219
-33 -113 219
-32 -113 220
-31 -113 220
-30 -113 220
-29 -113 220
-28 -113 220
-27 -113 220
-26 -113 220
-25 -113 221
-24 -113 221
-23 -113 221
-22 -113 221
-21 -113 221
-20 -113 221
-19 -113 221
-18 -113 221
-17 -113 221
-16 -113 222
-15 -113 222
-14 -113 222
-13 -113 222
-12 -113 222
-11 -113 222
-10 -113 222
-9 -113 222
-8 -113 222
-7 -113 222
-6 -113 222
-5 -113 222
-4 -113 222
-3 -113 222
-2 -113 222
-1 -113 222
0 -113 222
1 -113 222
2 -113 222
3 -113 222
4 -113 222
5 -113 222
6 -113 222
7 -113 222
8 -113 222
9 -113 222
10 -113 222
11 -113 222
12 -113 222
13 -113 222
14 -113 222
15 -113 222
16 -113 222
17 -113 221
18 -113 221
19 -113 221
20 -113 221
21 -113 221
22 -113 221
23 -113 221
24 -113 221
25 -113 221
26 -113 220
27 -113 220
28 -113 220
29 -113 220
30 -113 220
31 -113 220
32 -113 220
33 -113 219
34 -113 219
35 -113 219
36 -113 219
37 -113 219
38 -113 218
39 -113 218
40 -113 218
41 -113 218
42 -113 218
43 -113 217
44 -113 217
45 -113 217
46 -113 217
47 -113 216
48 -113 216
49 -113 216
50 -113 216
51 -113 215
52 -113 215
53 -113 215
54 -113 215
55 -113 214
56 -113 214
57 -113 214
58 -113 213
59 -113 213
60 -113 213
61 -113 213
62 -113 212
63 -113 212
64 -113 212
65 -113 211
66 -113 211
67 -113 211
68 -113 210
69 -113 210
70 -113 209
71 -113 209
72 -113 209
73 -113 208
74 -113 208
75 -113 208
76 -113 207
77 -113 207
78 -113 206
79 -113 206
80 -113 206
81 -113 205
82 -113 205
83 -113 204
84 -113 204
85 -113 203
86 -113 203
87 -113 202
88 -113 202
89 -113 202
90 -113 201
91 -113 201
92 -113 200
93 -113 200
-94 -112 200
-93 -112 200
-92 -112 201
-91 -112 201
-90 -112 202
-89 -112 202
-88 -112 203
-87 -112 203
-86 -112 204
-85 -112 204
-84 -112 204
-83 -112 205
-82 -112 205
-81 -112 206
-80 -112 206
-79 -112 207
-78 -112 207
-77 -112 207
-76 -112 208
-75 -112 208
-74 -112 209
-73 -112 209
-72 -112 209
-71 -112 210
-70 -112 210
-69 -112 210
-68 -112 211
-67 -112 211
-66 -112 211
-65 -112 212
-64 -112 212
-63 -112 212
-62 -112 213
-61 -112 213
-60 -112 213
-59 -112 214
-58 -112 214
-57 -112 214
-56 -112 215
-55 -112 215
-54 -112 215
-53 -112 215
-52 -112 216
-51 -112 216
-50 -112 216
-49 -112 217
-48 -112 217
-47 -112 217
-46 -112 217
-45 -112 218
-44 -112 218
-43 -112 218
-42 -112 218
-41 -112 218
-40 -112 219
-39 -112 219
-38 -112 219
-37 -112 219
-36 -112 219
-35 -112 220
-34 -112 220
-33 -112 220
-32 -112 220
-31 -112 220
-30 -112 220
-29 -112 221
-28 -112 221
-27 -112 221
-26 -112 221
-25 -112 221
-24 -112 221
-23 -112 221
-22 -112 222
-21 -112 222
-20 -112 222
-19 -112 222
-18 -112 222
-17 -112 222
-16 -112 222
-15 -112 222
-14 -112 222
-13 -112 222
-12 -112 222
-11 -112 222
-10 -112 223
-9 -112 223
-8 -112 223
-7 -112 223
-6 -112 223
-5 -112 223
-4 -112 223
-3 -112 223
-2 -112 223
-1 -112 223
0 -112 223
1 -112 223
2 -112 223
3 -112 223
4 -112 223
5 -112 223
6 -112 223
7 -112 223
8 -112 223
9 -112 223
10 -112 223
11 -112 222
12 -112 222
13 -112 222
14 -112 222
15 -112 222
16 -112 222
17 -112 222
18 -112 222
19 -112 222
20 -112 222
21 -112 222
22 -112 222
23 -112 221
24 -112 221
25 -112 221
26 -112 221
27 -112 221
28 -112 221
29 -112 221
30 -112 220
31 -112 220
32 -112 220
33 -112 220
34 -112 220
35 -112 220
36 -112 219
37 -112 219
38 -112 219
39 -112 219
40 -112 219
41 -112 218
42 -112 218
43 -112 218
44 -112 218
45 -112 218
46 -112 217
47 -112 217
48 -112 217
49 -112 217
50 -112 216
51 -112 216
52 -112 216
53 -112 215
54 -112 215
55 -112 215
56 -112 215
57 -112 214
58 -112 214
59 -112 214
60 -112 213
61 -112 213
62 -112 213
63 -112 212
64 -112 212
65 -112 212
66 -112 211
67 -112 211
68 -112 211
69 -112 210
70 -112 210
71 -112 210
72 -112 209
73 -112 209
74 -112 209
75 -112 208
76 -112 208
77 -112 207
78 -112 207
79 -112 207
80 -112 206
81 -112 206
82 -112 205
83 -112 205
84 -112 204
85 -112 204
86 -112 204
87 -112 203
88 -112 203
89 -112 202
90 -112 202
91 -112 201
92 -112 201
93 -112 200
94 -112 200
-95 -111 200
-94 -111 200
-93 -111 201
-92 -111 201
-91 -111 202
-90 -111 202
-89 -111 203
-88 -111 203
-87 -111 204
-86 -111 204
-85 -111 205
-84 -111 205
-83 -111 205
-82 -111 206
-81 -111 206
-80 -111 207
-79 -111 207
-78 -111 208
-77 -111 208
-76 -111 208
-75 -111 209
-74 -111 209
-73 -111 210
-72 -111 210
-71 -111 210
-70 -111 211
-69 -111 211
-68 -111 211
-67 -111 212
-66 -111 212
-65 -111 212
-64 -111 213
-63 -111 213
-62 -111 213
-61 -111 214
-60 -111 214
-59 -111 214
-58 -111 215
-57 -111 215
-56 -111 215
-55 -111 216
-54 -111 216
-53 -111 216
-52 -111 216
-51 -111 217
-50 -111 217
-49 -111 217
-48 -111 217
-47 -111 218
-46 -111 218
-45 -111 218
-44 -111 218
-43 -111 219
-42 -111 219
-41 -111 219
-40 -111 219
-39 -111 219
-38 -111 220
-37 -111 220
-36 -111 220
-35 -111 220
-34 -111 220
-33 -111 221
-32 -111 221
-31 -111 221
-30 -111 221
-29 -111 221
-28 -111 221
-27 -111 221
-26 -111 222
-25 -111 222
-24 -111 222
-23 -111 222
-22 -111 222
-21 -111 222
-20 -111 222
-19 -111 222
-18 -111 223
-17 -111 223
-16 -111 223
-15 -111 223
-14 -111 223
-13 -111 223
-12 -111 223
-11 -111 223
-10 -111 223
-9 -111 223
-8 -111 223
-7 -111 223
-6 -111 223
-5 -111 223
-4 -111 223
-3 -111 223
-2 -111 223
-1 -111 223
0 -111 223
1 -111 223
2 -111 223
3 -111 223
4 -111 223
5 -111 223
6 -111 223
7 -111 223
8 -111 223
9 -111 223
10 -111 223
11 -111 223
12 -111 223
13 -111 223
14 -111 223
15 -111 223
16 -111 223
17 -111 223
18 -111 223
19 -111 222
20 -111 222
21 -111 222
22 -111 222
23 -111 222
24 -111 222
25 -111 222
26 -111 222
27 -111 221
28 -111 221
29 -111 221
30 -111 221
31 -111 221
32 -111 221
33 -111 221
34 -111 220
35 -111 220
36 -111 220
37 -111 220
38 -111 220
39 -111 219
40 -111 219
41 -111 219
42 -111 219
43 -111 219
44 -111 218
45 -111 218
46 -111 218
47 -111 218
48 -111 217
49 -111 217
50 -111 217
51 -111 217
52 -111 216
53 -111 216
54 -111 216
55 -111 216
56 -111 215
57 -111 215
58 -111 215
59 -111 214
60 -111 214
61 -111 214
62 -111 213
63 -111 213
64 -111 213
65 -111 212
66 -111 212
67 -111 212
68 -111 211
69 -111 211
70 -111 211
71 -111 210
72 -111 210
73 -111 210
74 -111 209
75 -111 209
76 -111 208
77 -111 208
78 -111 208
79 -111 207
80 -111 207
81 -111 206
82 -111 206
83 -111 205
84 -111 205
85 -111 205
86 -111 204
87 -111 204
88 -111 203
89 -111 203
90 -111 202
91 -111 202
92 -111 201
93 -111 201
94 -111 200
95 -111 200
-96 -110 200
-95 -110 200
-94 -110 201
-93 -110 201
-92 -110 202
-91 -110 202
-90 -110 203
-89 -110 203
-88 -110 204
-87 -110 204
-86 -110 205
-85 -110 205
-84 -110 206
-83 -110 206
-82 -110 206
-81 -110 207
-80 -110 207
-79 -110 208
-78 -110 208
-77 -110 209
-76 -110 209
-75 -110 209
-74 -110 210
-73 -110 210
-72 -110 210
-71 -110 211
-70 -110 211
-69 -110 212
-68 -110 212
-67 -110 212
-66 -110 213
-65 -110 213
-64 -110 213
-63 -110 214
-62 -110 214
-61 -110 214
-60 -110 215
-59 -110 215
-58 -110 215
-57 -110 216
-56 -110 216
-55 -110 216
-54 -110 216
-53 -110 217
-52 -110 217
-51 -110 217
-50 -110 217
-49 -110 218
-48 -110 218
-47 -110 218
-46 -110 218
-45 -110 219
-44 -110 219
-43 -110 219
-42 -110 219
-41 -110 220
-40 -110 220
-39 -110 220
-38 -110 220
-37 -110 220
-36 -110 221
-35 -110 221
-34 -110 221
-33 -110 221
-32 -110 221
-31 -110 221
-30 -110 222
-29 -110 222
-28 -110 222
-27 -110 222
-26 -110 222
-25 -110 222
-24 -110 222
-23 -110 223
-22 -110 223
-21 -110 223
-20 -110 223
-19 -110 223
-18 -110 223
-17 -110 223
-16 -110 223
-15 -110 223
-14 -110 223
-13 -110 223
-12 -110 224
-11 -110 224
-10 -110 224
-9 -110 224
-8 -110 224
-7 -110 224
-6 -110 224
-5 -110 224
-4 -110 224
-3 -110 224
-2 -110 224
-1 -110 224
0 -110 224
1 -110 224
2 -110 224
3 -110 224
4 -110 224
5 -110 224
6 -110 224
7 -110 224
8 -110 224
9 -110 224
10 -110 224
11 -110 224
12 -110 224
13 -110 223
14 -110 223
15 -110 223
16 -110 223
17 -110 223
18 -110 223
19 -110 223
20 -110 223
21 -110 223
22 -110 223
23 -110 223
24 -110 222
25 -110 222
26 -110 222
27 -110 222
28 -110 222
29 -110 222
30 -110 222
31 -110 221
32 -110 221
33 -110 221
34 -110 221
35 -110 221
36 -110 221
37 -110 220
38 -110 220
39 -110 220
40 -110 220
41 -110 220
42 -110 219
43 -110 219
44 -110 219
45 -110 219
46 -110 218
47 -110 218
48 -110 218
49 -110 218
50 -110 217
51 -110 217
52 -110 217
53 -110 217
54 -110 216
55 -110 216
56 -110 216
57 -110 216
58 -110 215
59 -110 215
60 -110 215
61 -110 214
62 -110 214
63 -110 214
64 -110 213
65 -110 213
66 -110 213
67 -110 212
68 -110 212
69 -110 212
70 -110 211
71 -110 211
72 -110 210
73 -110 210
74 -110 210
75 -110 209
76 -110 209
77 -110 209
78 -110 208
79 -110 208
80 -110 207
81 -110 207
82 -110 206
83 -110 206
84 -110 206
85 -110 205
86 -110 205
87 -110 204
88 -110 204
89 -110 203
90 -110 203
91 -110 202
92 -110 202
93 -110 201
94 -110 201
95 -110 200
96 -110 200
-97 -109 200
-96 -109 200
-95 -109 201
-94 -109 201
-93 -109 202
-92 -109 202
-91 -109 203
-90 -109 203
-89 -109 204
-88 -109 204
-87 -109 205
-86 -109 205
-85 -109 206
-84 -109 206
-83 -109 207
-82 -109 207
-81 -109 207
-80 -109 208
-79 -109 208
-78 -109 209
-77 -109 209
-76 -109 209
-75 -109 210
-74 -109 210
-73 -109 211
-72 -109 211
-71 -109 211
-70 -109 212
-69 -109 212
-68 -109 212
-67 -109 213
-66 -109 213
-65 -109 214
-64 -109 214
-63 -109 214
-62 -109 215
-61 -109 215
-60 -109 215
-59 -109 215
-58 -109 216
-57 -109 216
-56 -109 216
-55 -109 217
-54 -109 217
-53 -109 217
-52 -109 217
-51 -109 218
-50 -109 218
-49 -109 218
-48 -109 219
-47 -109 219
-46 -109 219
-45 -109 219
-44 -109 219
-43 -109 220
-42 -109 220
-41 -109 220
-40 -109 220
-39 -109 221
-38 -109 221
-37 -109 221
-36 -109 221
-35 -109 221
-34 -109 221
-33 -109 222
-32 -109 222
-31 -109 222
-30 -109 222
-29 -109 222
-28 -109 222
-27 -109 223
-26 -109 223
-25 -109 223
-24 -109 223
-23 -109 223
-22 -109 223
-21 -109 223
-20 -109 223
-19 -109 224
-18 -109 224
-17 -109 224
-16 -109 224
-15 -109 224
-14 -109 224
-13 -109 224
-12 -109 224
-11 -109 224
-10 -109 224
-9 -109 224
-8 -109 224
-7 -109 224
-6 -109 224
-5 -109 224
-4 -109 224
-3 -109 224
-2 -109 224
-1 -109 224
0 -109 224
1 -109 224
2 -109 224
3 -109 224
4 -109 224
5 -109 224
6 -109 224
7 -109 224
8 -109 224
9 -109 224
10 -109 224
11 -109 224
12 -109 224
13 -109 224
14 -109 224
15 -109 224
16 -109 224
17 -109 224
18 -109 224
19 -109 224
20 -109 223
21 -109 223
22 -109 223
23 -109 223
24 -109 223
25 -109 223
26 -109 223
27 -109 223
28 -109 222
29 -109 222
30 -109 222
31 -109 222
32 -109 222
33 -109 222
34 -109 221
35 -109 221
36 -109 221
37 -109 221
38 -109 221
39 -109 221
40 -109 220
41 -109 220
42 -109 220
43 -109 220
44 -109 219
45 -109 219
46 -109 219
47 -109 219
48 -109 219
49 -109 218
50 -109 218
51 -109 218
52 -109 217
53 -109 217
54 -109 217
55 -109 217
56 -109 216
57 -109 216
58 -109 216
59 -109 215
60 -109 215
61 -109 215
62 -109 215
63 -109 214
64 -109 214
65 -109 214
66 -109 213
67 -109 213
68 -109 212
69 -109 212
70 -109 212
71 -109 211
72 -109 211
73 -109 211
74 -109 210
75 -109 210
76 -109 209
77 -109 209
78 -109 209
79 -109 208
80 -109 208
81 -109 207
82 -109 207
83 -109 207
84 -109 206
85 -109 206
86 -109 205
87 -109 205
88 -109 204
89 -109 204
90 -109 203
91 -109 203
92 -109 202
93 -109 202
94 -109 201
95 -109 201
96 -109 200
97 -109 200
-99 -108 200
-98 -108 200
-97 -108 201
-96 -108 201
-95 -108 202
-94 -108 202
-93 -108 203
-92 -108 203
-91 -108 204
-90 -108 204
-89 -108 204
-88 -108 205
-87 -108 205
-86 -108 206
-85 -108 206
-84 -108 207
-83 -108 207
-82 -108 208
-81 -108 208
-80 -108 208
-79 -108 209
-78 -108 209
-77 -108 210
-76 -108 210
-75 -108 210
-74 -108 211
-73 -108 211
-72 -108 212
-71 -108 212
-70 -108 212
-69 -108 213
-68 -108 213
-67 -108 213
-66 -108 214
-65 -108 214
-64 -108 214
-63 -108 215
-62 -108 215
-61 -108 215
-60 -108 216
-59 -108 216
-58 -108 216
-57 -108 217
-56 -108 217
-55 -108 217
-54 -108 217
-53 -108 218
-52 -108 218
-51 -108 218
-50 -108 219
-49 -108 219
-48 -108 219
-47 -108 219
-46 -108 220
-45 -108 220
-44 -108 220
-43 -108 220
-42 -108 220
-41 -108 221
-40 -108 221
-39 -108 221
-38 -108 221
-37 -108 222
-36 -108 222
-35 -108 222
-34 -108 222
-33 -108 222
-32 -108 222
-31 -108 223
-30 -108 223
-29 -108 223
-28 -108 223
-27 -108 223
-26 -108 223
-25 -108 223
-24 -108 224
-23 -108 224
-22 -108 224
-21 -108 224
-20 -108 224
-19 -108 224
-18 -108 224
-17 -108 224
-16 -108 224
-15 -108 224
-14 -108 225
-13 -108 225
-12 -108 225
-11 -108 225
-10 -108 225
-9 -108 225
-8 -108 225
-7 -108 225
-6 -108 225
-5 -108 225
-4 -108 225
-3 -108 225
-2 -108 225
-1 -108 225
0 -108 225
1 -108 225
2 -108 225
3 -108 225
4 -108 225
5 -108 225
6 -108 225
7 -108 225
8 -108 225
9 -108 225
10 -108 225
11 -108 225
12 -108 225
13 -108 225
14 -108 225
15 -108 224
16 -108 224
17 -108 224
18 -108 224
19 -108 224
20 -108 224
21 -108 224
22 -108 224
23 -108 224
24 -108 224
25 -108 223
26 -108 223
27 -108 223
28 -108 223
29 -108 223
30 -108 223
31 -108 223
32 -108 222
33 -108 222
34 -108 222
35 -108 222
36 -108 222
37 -108 222
38 -108 221
39 -108 221
40 -108 221
41 -108 221
42 -108 220
43 -108 220
44 -108 220
45 -108 220
46 -108 220
47 -108 219
48 -108 219
49 -108 219
50 -108 219
51 -108 218
52 -108 218
53 -108 218
54 -108 217
55 -108 217
56 -108 217
57 -108 217
58 -108 216
59 -108 216
60 -108 216
61 -108 215
62 -108 215
63 -108 215
64 -108 214
65 -108 214
66 -108 214
67 -108 213
68 -108 213
69 -108 213
70 -108 212
71 -108 212
72 -108 212
73 -108 211
74 -108 211
75 -108 210
76 -108 210
77 -108 210
78 -108 209
79 -108 209
80 -108 208
81 -108 208
82 -108 208
83 -108 207
84 -108 207
85 -108 206
86 -108 206
87 -108 205
88 -108 205
89 -108 204
90 -108 204
91 -108 204
92 -108 203
93 -108 203
94 -108 202
95 -108 202
96 -108 201
97 -108 201
98 -108 200
99 -108 200
-100 -107 200
-99 -107 200
-98 -107 201
-97 -107 201
-96 -107 202
-95 -107 202
-94 -107 203
-93 -107 203
-92 -107 204
-91 -107 204
-90 -107 205
-89 -107 205
-88 -107 205
-87 -107 206
-86 -107 206
-85 -107 207
-84 -107 207
-83 -107 208
-82 -107 208
-81 -107 209
-80 -107 209
-79 -107 209
-78 -107 210
-77 -107 210
-76 -107 211
-75 -107 211
-74 -107 211
-73 -107 212
-72 -107 212
-71 -107 213
-70 -107 213
-69 -107 213
-68 -107 214
-67 -107 214
-66 -107 214
-65 -107 215
-64 -107 215
-63 -107 215
-62 -107 216
-61 -107 216
-60 -107 216
-59 -107 217
-58 -107 217
-57 -107 217
-56 -107 217
-55 -107 218
-54 -107 218
-53 -107 218
-52 -107 219
-51 -107 219
-50 -107 219
-49 -107 219
-48 -107 220
-47 -107 220
-46 -107 220
-45 -107 220
-44 -107 221
-43 -107 221
-42 -107 221
-41 -107 221
-40 -107 221
-39 -107 222
-38 -107 222
-37 -107 222
-36 -107 222
-35 -107 222
-34 -107 223
-33 -107 223
-32 -107 223
-31 -107 223
-30 -107 223
-29 -107 223
-28 -107 224
-27 -107 224
-26 -107 224
-25 -107 224
-24 -107 224
-23 -107 224
-22 -107 224
-21 -107 224
-20 -107 225
-19 -107 225
-18 -107 225
-17 -107 225
-16 -107 225
-15 -107 225
-14 -107 225
-13 -107 225
-12 -107 225
-11 -107 225
-10 -107 225
-9 -107 225
-8 -107 225
-7 -107 225
-6 -107 225
-5 -107 226
-4 -107 226
-3 -107 226
-2 -107 226
-1 -107 226
0 -107 226
1 -107 226
2 -107 226
3 -107 226
4 -107 226
5 -107 226
6 -107 225
7 -107 225
8 -107 225
9 -107 225
10 -107 225
11 -107 225
12 -107 225
13 -107 225
14 -107 225
15 -107 225
16 -107 225
17 -107 225
18 -107 225
19 -107 225
20 -107 225
21 -107 224
22 -107 224
23 -107 224
24 -107 224
25 -107 224
26 -107 224
27 -107 224
28 -107 224
29 -107 223
30 -107 223
31 -107 223
32 -107 223
33 -107 223
34 -107 223
35 -107 222
36 -107 222
37 -107 222
38 -107 222
39 -107 222
40 -107 221
41 -107 221
42 -107 221
43 -107 221
44 -107 221
45 -107 220
46 -107 220
47 -107 220
48 -107 220
49 -107 219
50 -107 219
51 -107 219
52 -107 219
53 -107 218
54 -107 218
55 -107 218
56 -107 217
57 -107 217
58 -107 217
59 -107 217
60 -107 216
61 -107 216
62 -107 216
63 -107 215
64 -107 215
65 -107 215
66 -107 214
67 -107 214
68 -107 214
69 -107 213
70 -107 213
71 -107 213
72 -107 212
73 -107 212
74 -107 211
75 -107 211
76 -107 211
77 -107 210
78 -107 210
79 -107 209
80 -107 209
81 -107 209
82 -107 208
83 -107 208
84 -107 207
85 -107 207
86 -107 206
87 -107 206
88 -107 205
89 -107 205
90 -107 205
91 -107 204
92 -107 204
93 -107 203
94 -107 203
95 -107 202
96 -107 202
97 -107 201
98 -107 201
99 -107 200
100 -107 200
-101 -106 200
-100 -106 200
-99 -106 201
-98 -106 201
-97 -106 202
-96 -106 202
-95 -106 203
-94 -106 203
-93 -106 204
-92 -106 204
-91 -106 205
-90 -106 205
-89 -106 206
-88 -106 206
-87 -106 206
-86 -106 207
-85 -106 207
-84 -106 208
-83 -106 208
-82 -106 209
-81 -106 209
-80 -106 210
-79 -106 210
-78 -106 210
-77 -106 211
-76 -106 211
-75 -106 212
-74 -106 212
-73 -106 212
-72 -106 213
-71 -106 213
-70 -106 213
-69 -106 214
-68 -106 214
-67 -106 215
-66 -106 215
-65 -106 215
-64 -106 216
-63 -106 216
-62 -106 216
-61 -106 217
-60 -106 217
-59 -106 217
-58 -106 217
-57 -106 218
-56 -106 218
-55 -106 218
-54 -106 219
-53 -106 219
-52 -106 219
-51 -106 219
-50 -106 220
-49 -106 220
-48 -106 220
-47 -106 220
-46 -106 221
-45 -106 221
-44 -106 221
-43 -106 221
-42 -106 222
-41 -106 222
-40 -106 222
-39 -106 222
-38 -106 222
-37 -106 223
-36 -106 223
-35 -106 223
-34 -106 223
-33 -106 223
-32 -106 223
-31 -106 224
-30 -106 224
-29 -106 224
-28 -106 224
-27 -106 224
-26 -106 224
-25 -106 225
-24 -106 225
-23 -106 225
-22 -106 225
-21 -106 225
-20 -106 225
-19 -106 225
-18 -106 225
-17 -106 225
-16 -106 225
-15 -106 226
-14 -106 226
-13 -106 226
-12 -106 226
-11 -106 226
-10 -106 226
-9 -106 226
-8 -106 226
-7 -106 226
-6 -106 226
-5 -106 226
-4 -106 226
-3 -106 226
-2 -106 226
-1 -106 226
0 -106 226
1 -106 226
2 -106 226
3 -106 226
4 -106 226
5 -106 226
6 -106 226
7 -106 226
8 -106 226
9 -106 226
10 -106 226
11 -106 226
12 -106 226
13 -106 226
14 -106 226
15 -106 226
16 -106 225
17 -106 225
18 -106 225
19 -106 225
20 -106 225
21 -106 225
22 -106 225
23 -106 225
24 -106 225
25 -106 225
26 -106 224
27 -106 224
28 -106 224
29 -106 224
30 -106 224
31 -106 224
32 -106 223
33 -106 223
34 -106 223
35 -106 223
36 -106 223
37 -106 223
38 -106 222
39 -106 222
40 -106 222
41 -106 222
42 -106 222
43 -106 221
44 -106 221
45 -106 221
46 -106 221
47 -106 220
48 -106 220
49 -106 220
50 -106 220
51 -106 219
52 -106 219
53 -106 219
54 -106 219
55 -106 218
56 -106 218
57 -106 218
58 -106 217
59 -106 217
60 -106 217
61 -106 217
62 -106 216
63 -106 216
64 -106 216
65 -106 215
66 -106 215
67 -106 215
68 -106 214
69 -106 214
70 -106 213
71 -106 213
72 -106 213
73 -106 212
74 -106 212
75 -106 212
76 -106 211
77 -106 211
78 -106 210
79 -106 210
80 -106 210
81 -106 209
82 -106 209
83 -106 208
84 -106 208
85 -106 207
86 -106 207
87 -106 206
88 -106 206
89 -106 206
90 -106 205
91 -106 205
92 -106 204
93 -106 204
94 -106 203
95 -106 203
96 -106 202
97 -106 202
98 -106 201
99 -106 201
100 -106 200
101 -106 200
-102 -105 200
-101 -105 200
-100 -105 201
-99 -105 201
-98 -105 202
-97 -105 202
-96 -105 203
-95 -105 203
-94 -105 204
-93 -105 204
-92 -105 205
-91 -105 205
-90 -105 206
-89 -105 206
-88 -105 207
-87 -105 207
-86 -105 207
-85 -105 208
-84 -105 208
-83 -105 209
-82 -105 209
-81 -105 210
-80 -105 210
-79 -105 211
-78 -105 211
-77 -105 211
-76 -105 212
-75 -105 212
-74 -105 213
-73 -105 213
-72 -105 213
-71 -105 214
-70 -105 214
-69 -105 214
-68 -105 215
-67 -105 215
-66 -105 215
-65 -105 216
-64 -105 216
-63 -105 216
-62 -105 217
-61 -105 217
-60 -105 217
-59 -105 218
-58 -105 218
-57 -105 218
-56 -105 219
-55 -105 219
-54 -105 219
-53 -105 219
-52 -105 220
-51 -105 220
-50 -105 220
-49 -105 220
-48 -105 221
-47 -105 221
-46 -105 221
-45 -105 221
-44 -105 222
-43 -105 222
-42 -105 222
-41 -105 222
-40 -105 223
-39 -105 223
-38 -105 223
-37 -105 223
-36 -105 223
-35 -105 224
-34 -105 224
-33 -105 224
-32 -105 224
-31 -105 224
-30 -105 224
-29 -105 225
-28 -105 225
-27 -105 225
-26 -105 225
-25 -105 225
-24 -105 225
-23 -105 225
-22 -105 225
-21 -105 226
-20 -105 226
-19 -105 226
-18 -105 226
-17 -105 226
-16 -105 226
-15 -105 226
-14 -105 226
-13 -105 226
-12 -105 226
-11 -105 226
-10 -105 226
-9 -105 226
-8 -105 227
-7 -105 227
-6 -105 227
-5 -105 227
-4 -105 227
-3 -105 227
-2 -105 227
-1 -105 227
0 -105 227
1 -105 227
2 -105 227
3 -105 227
4 -105 227
5 -105 227
6 -105 227
7 -105 227
8 -105 227
9 -105 226
10 -105 226
11 -105 226
12 -105 226
13 -105 226
14 -105 226
15 -105 226
16 -105 226
17 -105 226
18 -105 226
19 -105 226
20 -105 226
21 -105 226
22 -105 225
23 -105 225
24 -105 225
25 -105 225
26 -105 225
27 -105 225
28 -105 225
29 -105 225
30 -105 224
31 -105 224
32 -105 224
33 -105 224
34 -105 224
35 -105 224
36 -105 223
37 -105 223
38 -105 223
39 -105 223
40 -105 223
41 -105 222
42 -105 222
43 -105 222
44 -105 222
45 -105 221
46 -105 221
47 -105 221
48 -105 221
49 -105 220
50 -105 220
51 -105 220
52 -105 220
53 -105 219
54 -105 219
55 -105 219
56 -105 219
57 -105 218
58 -105 218
59 -105 218
60 -105 217
61 -105 217
62 -105 217
63 -105 216
64 -105 216
65 -105 216
66 -105 215
67 -105 215
68 -105 215
69 -105 214
70 -105 214
71 -105 214
72 -105 213
73 -105 213
74 -105 213
75 -105 212
76 -105 212
77 -105 211
78 -105 211
79 -105 211
80 -105 210
81 -105 210
82 -105 209
83 -105 209
84 -105 208
85 -105 208
86 -105 207
87 -105 207
88 -105 207
89 -105 206
90 -105 206
91 -105 205
92 -105 205
93 -105 204
94 -105 204
95 -105 203
96 -105 203
97 -105 202
98 -105 202
99 -105 201
100 -105 201
101 -105 200
102 -105 200
-103 -104 200
-102 -104 200
-101 -104 201
-100 -104 201
-99 -104 202
-98 -104 202
-97 -104 203
-96 -104 203
-95 -104 204
-94 -104 204
-93 -104 205
-92 -104 205
-91 -104 206
-90 -104 206
-89 -104 207
-88 -104 207
-87 -104 208
-86 -104 208
-85 -104 208
-84 -104 209
-83 -104 209
-82 -104 210
-81 -104 210
-80 -104 211
-79 -104 211
-78 -104 211
-77 -104 212
-76 -104 212
-75 -104 213
-74 -104 213
-73 -104 213
-72 -104 214
-71 -104 214
-70 -104 215
-69 -104 215
-68 -104 215
-67 -104 216
-66 -104 216
-65 -104 216
-64 -104 217
-63 -104 217
-62 -104 217
-61 -104 218
-60 -104 218
-59 -104 218
-58 -104 219
-57 -104 219
-56 -104 219
-55 -104 219
-54 -104 220
-53 -104 220
-52 -104 220
-51 -104 221
-50 -104 221
-49 -104 221
-48 -104 221
-47 -104 222
-46 -104 222
-45 -104 222
-44 -104 222
-43 -104 222
-42 -104 223
-41 -104 223
-40 -104 223
-39 -104 223
-38 -104 223
-37 -104 224
-36 -104 224
-35 -104 224
-34 -104 224
-33 -104 224
-32 -104 225
-31 -104 225
-30 -104 225
-29 -104 225
-28 -104 225
-27 -104 225
-26 -104 225
-25 -104 226
-24 -104 226
-23 -104 226
-22 -104 226
-21 -104 226
-20 -104 226
-19 -104 226
-18 -104 226
-17 -104 226
-16 -104 227
-15 -104 227
-14 -104 227
-13 -104 227
-12 -104 227
-11 -104 227
-10 -104 227
-9 -104 227
-8 -104 227
-7 -104 227
-6 -104 227
-5 -104 227
-4 -104 227
-3 -104 227
-2 -104 227
-1 -104 227
0 -104 227
1 -104 227
2 -104 227
3 -104 227
4 -104 227
5 -104 227
6 -104 227
7 -104 227
8 -104 227
9 -104 227
10 -104 227
11 -104 227
12 -104 227
13 -104 227
14 -104 227
15 -104 227
16 -104 227
17 -104 226
18 -104 226
19 -104 226
20 -104 226
21 -104 226
22 -104 226
23 -104 226
24 -104 226
25 -104 226
26 -104 225
27 -104 225
28 -104 225
29 -104 225
30 -104 225
31 -104 225
32 -104 225
33 -104 224
34 -104 224
35 -104 224
36 -104 224
37 -104 224
38 -104 223
39 -104 223
40 -104 223
41 -104 223
42 -104 223
43 -104 222
44 -104 222
45 -104 222
46 -104 222
47 -104 222
48 -104 221
49 -104 221
50 -104 221
51 -104 221
52 -104 220
53 -104 220
54 -104 220
55 -104 219
56 -104 219
57 -104 219
58 -104 219
59 -104 218
60 -104 218
61 -104 218
62 -104 217
63 -104 217
64 -104 217
65 -104 216
66 -104 216
67 -104 216
68 -104 215
69 -104 215
70 -104 215
71 -104 214
72 -104 214
73 -104 213
74 -104 213
75 -104 213
76 -104 212
77 -104 212
78 -104 211
79 -104 211
80 -104 211
81 -104 210
82 -104 210
83 -104 209
84 -104 209
85 -104 208
86 -104 208
87 -104 208
88 -104 207
89 -104 207
90 -104 206
91 -104 206
92 -104 205
93 -104 205
94 -104 204
95 -104 204
96 -104 203
97 -104 203
98 -104 202
99 -104 202
100 -104 201
101 -104 201
102 -104 200
103 -104 200
-104 -103 200
-103 -103 200
-102 -103 201
-101 -103 201
-100 -103 202
-99 -103 202
-98 -103 203
-97 -103 203
-96 -103 204
-95 -103 204
-94 -103 205
-93 -103 205
-92 -103 206
-91 -103 206
-90 -103 207
-89 -103 207
-88 -103 208
-87 -103 208
-86 -103 209
-85 -103 209
-84 -103 209
-83 -103 210
-82 -103 210
-81 -103 211
-80 -103 211
-79 -103 212
-78 -103 212
-77 -103 212
-76 -103 213
-75 -103 213
-74 -103 214
-73 -103 214
-72 -103 214
-71 -103 215
-70 -103 215
-69 -103 215
-68 -103 216
-67 -103 216
-66 -103 217
-65 -103 217
-64 -103 217
-63 -103 218
-62 -103 218
-61 -103 218
-60 -103 218
-59 -103 219
-58 -103 219
-57 -103 219
-56 -103 220
-55 -103 220
-54 -103 220
-53 -103 221
-52 -103 221
-51 -103 221
-50 -103 221
-49 -103 222
-48 -103 222
-47 -103 222
-46 -103 222
-45 -103 223
-44 -103 223
-43 -103 223
-42 -103 223
-41 -103 223
-40 -103 224
-39 -103 224
-38 -103 224
-37 -103 224
-36 -103 224
-35 -103 225
-34 -103 225
-33 -103 225
-32 -103 225
-31 -103 225
-30 -103 225
-29 -103 226
-28 -103 226
-27 -103 226
-26 -103 226
-25 -103 226
-24 -103 226
-23 -103 226
-22 -103 227
-21 -103 227
-20 -103 227
-19 -103 227
-18 -103 227
-17 -103 227
-16 -103 227
-15 -103 227
-14 -103 227
-13 -103 227
-12 -103 227
-11 -103 227
-10 -103 227
-9 -103 228
-8 -103 228
-7 -103 228
-6 -103 228
-5 -103 228
-4 -103 228
-3 -103 228
-2 -103 228
-1 -103 228
0 -103 228
1 -103 228
2 -103 228
3 -103 228
4 -103 228
5 -103 228
6 -103 228
7 -103 228
8 -103 228
9 -103 228
10 -103 227
11 -103 227
12 -103 227
13 -103 227
14 -103 227
15 -103 227
16 -103 227
17 -103 227
18 -103 227
19 -103 227
20 -103 227
21 -103 227
22 -103 227
23 -103 226
24 -103 226
25 -103 226
26 -103 226
27 -103 226
28 -103 226
29 -103 226
30 -103 225
31 -103 225
32 -103 225
33 -103 225
34 -103 225
35 -103 225
36 -103 224
37 -103 224
38 -103 224
39 -103 224
40 -103 224
41 -103 223
42 -103 223
43 -103 223
44 -103 223
45 -103 223
46 -103 222
47 -103 222
48 -103 222
49 -103 222
50 -103 221
51 -103 221
52 -103 221
53 -103 221
54 -103 220
55 -103 220
56 -103 220
57 -103 219
58 -103 219
59 -103 219
60 -103 218
61 -103 218
62 -103 218
63 -103 218
64 -103 217
65 -103 217
66 -103 217
67 -103 216
68 -103 216
69 -103 215
70 -103 215
71 -103 215
72 -103 214
73 -103 214
74 -103 214
75 -103 213
76 -103 213
77 -103 212
78 -103 212
79 -103 212
80 -103 211
81 -103 211
82 -103 210
83 -103 210
84 -103 209
85 -103 209
86 -103 209
87 -103 208
88 -103 208
89 -103 207
90 -103 207
91 -103 206
92 -103 206
93 -103 205
94 -103 205
95 -103 204
96 -103 204
97 -103 203
98 -103 203
99 -103 202
100 -103 202
101 -103 201
102 -103 201
103 -103 200
104 -103 200
-105 -102 200
-104 -102 200
-103 -102 201
-102 -102 201
-101 -102 202
-100 -102 202
-99 -102 203
-98 -102 203
-97 -102 204
-96 -102 204
-95 -102 205
-94 -102 205
-93 -102 206
-92 -102 206
-91 -102 207
-90 -102 207
-89 -102 208
-88 -102 208
-87 -102 209
-86 -102 209
-85 -102 210
-84 -102 210
-83 -102 210
-82 -102 211
-81 -102 211
-80 -102 212
-79 -102 212
-78 -102 213
-77 -102 213
-76 -102 213
-75 -102 214
-74 -102 214
-73 -102 215
-72 -102 215
-71 -102 215
-70 -102 216
-69 -102 216
-68 -102 216
-67 -102 217
-66 -102 217
-65 -102 217
-64 -102 218
-63 -102 218
-62 -102 218
-61 -102 219
-60 -102 219
-59 -102 219
-58 -102 220
-57 -102 220
-56 -102 220
-55 -102 220
-54 -102 221
-53 -102 221
-52 -102 221
-51 -102 222
-50 -102 222
-49 -102 222
-48 -102 222
-47 -102 223
-46 -102 223
-45 -102 223
-44 -102 223
-43 -102 224
-42 -102 224
-41 -102 224
-40 -102 224
-39 -102 224
-38 -102 225
-37 -102 225
-36 -102 225
-35 -102 225
-34 -102 225
-33 -102 225
-32 -102 226
-31 -102 226
-30 -102 226
-29 -102 226
-28 -102 226
-27 -102 226
-26 -102 227
-25 -102 227
-24 -102 227
-23 -102 227
-22 -102 227
-21 -102 227
-20 -102 227
-19 -102 227
-18 -102 227
-17 -102 228
-16 -102 228
-15 -102 228
-14 -102 228
-13 -102 228
-12 -102 228
-11 -102 228
-10 -102 228
-9 -102 228
-8 -102 228
-7 -102 228
-6 -102 228
-5 -102 228
-4 -102 228
-3 -102 228
-2 -102 228
-1 -102 228
0 -102 228
1 -102 228
2 -102 228
3 -102 228
4 -102 228
5 -102 228
6 -102 228
7 -102 228
8 -102 228
9 -102 228
10 -102 228
11 -102 228
12 -102 228
13 -102 228
14 -102 228
15 -102 228
16 -102 228
17 -102 228
18 -102 227
19 -102 227
20 -102 227
21 -102 227
22 -102 227
23 -102 227
24 -102 227
25 -102 227
26 -102 227
27 -102 226
28 -102 226
29 -102 226
30 -102 226
31 -102 226
32 -102 226
33 -102 225
34 -102 225
35 -102 225
36 -102 225
37 -102 225
38 -102 225
39 -102 224
40 -102 224
41 -102 224
42 -102 224
43 -102 224
44 -102 223
45 -102 223
46 -102 223
47 -102 223
48 -102 222
49 -102 222
50 -102 222
51 -102 222
52 -102 221
53 -102 221
54 -102 221
55 -102 220
56 -102 220
57 -102 220
58 -102 220
59 -102 219
60 -102 219
61 -102 219
62 -102 218
63 -102 218
64 -102 218
65 -102 217
66 -102 217
67 -102 217
68 -102 216
69 -102 216
70 -102 216
71 -102 215
72 -102 215
73 -102 215
74 -102 214
75 -102 214
76 -102 213
77 -102 213
78 -102 213
79 -102 212
80 -102 212
81 -102 211
82 -102 211
83 -102 210
84 -102 210
85 -102 210
86 -102 209
87 -102 209
88 -102 208
89 -102 208
90 -102 207
91 -102 207
92 -102 206
93 -102 206
94 -102 205
95 -102 205
96 -102 204
97 -102 204
98 -102 203
99 -102 203
100 -102 202
101 -102 202
102 -102 201
103 -102 201
104 -102 200
105 -102 200
-106 -101 200
-105 -101 200
-104 -101 201
-103 -101 201
-102 -101 202
-101 -101 202
-100 -101 203
-99 -101 203
-98 -101 204
-97 -101 204
-96 -101 205
-95 -101 205
-94 -101 206
-93 -101 206
-92 -101 207
-91 -101 207
-90 -101 208
-89 -101 208
-88 -101 209
-87 -101 209
-86 -101 210
-85 -101 210
-84 -101 211
-83 -101 211
-82 -101 211
-81 -101 212
-80 -101 212
-79 -101 213
-78 -101 213
-77 -101 213
-76 -101 214
-75 -101 214
-74 -101 215
-73 -101 215
-72 -101 215
-71 -101 216
-70 -101 216
-69 -101 217
-68 -101 217
-67 -101 217
-66 -101 218
-65 -101 218
-64 -101 218
-63 -101 219
-62 -101 219
-61 -101 219
-60 -101 220
-59 -101 220
-58 -101 220
-57 -101 220
-56 -101 221
-55 -101 221
-54 -101 221
-53 -101 222
-52 -101 222
-51 -101 222
-50 -101 222
-49 -101 223
-48 -101 223
-47 -101 223
-46 -101 223
-45 -101 224
-44 -101 224
-43 -101 224
-42 -101 224
-41 -101 224
-40 -101 225
-39 -101 225
-38 -101 225
-37 -101 225
-36 -101 225
-35 -101 226
-34 -101 226
-33 -101 226
-32 -101 226
-31 -101 226
-30 -101 226
-29 -101 227
-28 -101 227
-27 -101 227
-26 -101 227
-25 -101 227
-24 -101 227
-23 -101 227
-22 -101 228
-21 -101 228
-20 -101 228
-19 -101 228
-18 -101 228
-17 -101 228
-16 -101 228
-15 -101 228
-14 -101 228
-13 -101 228
-12 -101 228
-11 -101 228
-10 -101 229
-9 -101 229
-8 -101 229
-7 -101 229
-6 -101 229
-5 -101 229
-4 -101 229
-3 -101 229
-2 -101 229
-1 -101 229
0 -101 229
1 -101 229
2 -101 229
3 -101 229
4 -101 229
5 -101 229
6 -101 229
7 -101 229
8 -101 229
9 -101 229
10 -101 229
11 -101 228
12 -101 228
13 -101 228
14 -101 228
15 -101 228
16 -101 228
17 -101 228
18 -101 228
19 -101 228
20 -101 228
21 -101 228
22 -101 228
23 -101 227
24 -101 227
25 -101 227
26 -101 227
27 -101 227
28 -101 227
29 -101 227
30 -101 226
31 -101 226
32 -101 226
33 -101 226
34 -101 226
35 -101 226
36 -101 225
37 -101 225
38 -101 225
39 -101 225
40 -101 225
41 -101 224
42 -101 224
43 -101 224
44 -101 224
45 -101 224
46 -101 223
47 -101 223
48 -101 223
49 -101 223
50 -101 222
51 -101 222
52 -101 222
53 -101 222
54 -101 221
55 -101 221
56 -101 221
57 -101 220
58 -101 220
59 -101 220
60 -101 220
61 -101 219
62 -101 219
63 -101 219
64 -101 218
65 -101 218
66 -101 218
67 -101 217
68 -101 217
69 -101 217
70 -101 216
71 -101 216
72 -101 215
73 -101 215
74 -101 215
75 -101 214
76 -101 214
77 -101 213
78 -101 213
79 -101 213
80 -101 212
81 -101 212
82 -101 211
83 -101 211
84 -101 211
85 -101 210
86 -101 210
87 -101 209
88 -101 209
89 -101 208
90 -101 208
91 -101 207
92 -101 207
93 -101 206
94 -101 206
95 -101 205
96 -101 205
97 -101 204
98 -101 204
99 -101 203
100 -101 203
101 -101 202
102 -101 202
103 -101 201
104 -101 201
105 -101 200
106 -101 200
-107 -100 200
-106 -100 200
-105 -100 201
-104 -100 201
-103 -100 202
-102 -100 202
-101 -100 203
-100 -100 203
-99 -100 204
-98 -100 204
-97 -100 205
-96 -100 205
-95 -100 206
-94 -100 206
-93 -100 207
-92 -100 207
-91 -100 208
-90 -100 208
-89 -100 209
-88 -100 209
-87 -100 210
-86 -100 210
-85 -100 211
-84 -100 211
-83 -100 211
-82 -100 212
-81 -100 212
-80 -100 213
-79 -100 213
-78 -100 214
-77 -100 214
-76 -100 214
-75 -100 215
-74 -100 215
-73 -100 216
-72 -100 216
-71 -100 216
-70 -100 217
-69 -100 217
-68 -100 217
-67 -100 218
-66 -100 218
-65 -100 218
-64 -100 219
-63 -100 219
-62 -100 219
-61 -100 220
-60 -100 220
-59 -100 220
-58 -100 221
-57 -100 221
-56 -100 221
-55 -100 222
-54 -100 222
-53 -100 222
-52 -100 222
-51 -100 223
-50 -100 223
-49 -100 223
-48 -100 223
-47 -100 224
-46 -100 224
-45 -100 224
-44 -100 224
-43 -100 225
-42 -100 225
-41 -100 225
-40 -100 225
-39 -100 225
-38 -100 226
-37 -100 226
-36 -100 226
-35 -100 226
-34 -100 226
-33 -100 227
-32 -100 227
-31 -100 227
-30 -100 227
-29 -100 227
-28 -100 227
-27 -100 227
-26 -100 228
-25 -100 228
-24 -100 228
-23 -100 228
-22 -100 228
-21 -100 228
-20 -100 228
-19 -100 228
-18 -100 228
-17 -100 229
-16 -100 229
-15 -100 229
-14 -100 229
-13 -100 229
-12 -100 229
-11 -100 229
-10 -100 229
-9 -100 229
-8 -100 229
-7 -100 229
-6 -100 229
-5 -100 229
-4 -100 229
-3 -100 229
-2 -100 229
-1 -100 229
0 -100 229
1 -100 229
2 -100 229
3 -100 229
4 -100 229
5 -100 229
6 -100 229
7 -100 229
8 -100 229
9 -100 229
10 -100 229
11 -100 229
12 -100 229
13 -100 229
14 -100 229
15 -100 229
16 -100 229
17 -100 229
18 -100 228
19 -100 228
20 -100 228
21 -100 228
22 -100 228
23 -100 228
24 -100 228
25 -100 228
26 -100 228
27 -100 227
28 -100 227
29 -100 227
30 -100 227
31 -100 227
32 -100 227
33 -100 227
34 -100 226
35 -100 226
36 -100 226
37 -100 226
38 -100 226
39 -100 225
40 -100 225
41 -100 225
42 -100 225
43 -100 225
44 -100 224
45 -100 224
46 -100 224
47 -100 224
48 -100 223
49 -100 223
50 -100 223
51 -100 223
52 -100 222
53 -100 222
54 -100 222
55 -100 222
56 -100 221
57 -100 221
58 -100 221
59 -100 220
60 -100 220
61 -100 220
62 -100 219
63 -100 219
64 -100 219
65 -100 218
66 -100 218
67 -100 218
68 -100 217
69 -100 217
70 -100 217
71 -100 216
72 -100 216
73 -100 216
74 -100 215
75 -100 215
76 -100 214
77 -100 214
78 -100 214
79 -100 213
80 -100 213
81 -100 212
82 -100 212
83 -100 211
84 -100 211
85 -100 211
86 -100 210
87 -100 210
88 -100 209
89 -100 209
90 -100 208
91 -100 208
92 -100 207
93 -100 207
94 -100 206
95 -100 206
96 -100 205
97 -100 205
98 -100 204
99 -100 204
100 -100 203
101 -100 203
102 -100 202
103 -100 202
104 -100 201
105 -100 201
106 -100 200
107 -100 200
-108 -99 200
-107 -99 200
-106 -99 201
-105 -99 201
-104 -99 202
-103 -99 202
-102 -99 203
-101 -99 203
-100 -99 204
-99 -99 204
-98 -99 205
-97 -99 205
-96 -99 206
-95 -99 206
-94 -99 207
-93 -99 207
-92 -99 208
-91 -99 208
-90 -99 209
-89 -99 209
-88 -99 210
-87 -99 210
-86 -99 211
-85 -99 211
-84 -99 212
-83 -99 212
-82 -99 212
-81 -99 213
-80 -99 213
-79 -99 214
-78 -99 214
-77 -99 215
-76 -99 215
-75 -99 215
-74 -99 216
-73 -99 216
-72 -99 216
-71 -99 217
-70 -99 217
-69 -99 218
-68 -99 218
-67 -99 218
-66 -99 219
-65 -99 219
-64 -99 219
-63 -99 220
-62 -99 220
-61 -99 220
-60 -99 221
-59 -99 221
-58 -99 221
-57 -99 221
-56 -99 222
-55 -99 222
-54 -99 222
-53 -99 223
-52 -99 223
-51 -99 223
-50 -99 223
-49 -99 224
-48 -99 224
-47 -99 224
-46 -99 224
-45 -99 225
-44 -99 225
-43 -99 225
-42 -99 225
-41 -99 226
-40 -99 226
-39 -99 226
-38 -99 226
-37 -99 226
-36 -99 226
-35 -99 227
-34 -99 227
-33 -99 227
-32 -99 227
-31 -99 227
-30 -99 228
-29 -99 228
-28 -99 228
-27 -99 228
-26 -99 228
-25 -99 228
-24 -99 228
-23 -99 228
-22 -99 229
-21 -99 229
-20 -99 229
-19 -99 229
-18 -99 229
-17 -99 229
-16 -99 229
-15 -99 229
-14 -99 229
-13 -99 229
-12 -99 229
-11 -99 230
-10 -99 230
-9 -99 230
-8 -99 230
-7 -99 230
-6 -99 230
-5 -99 230
-4 -99 230
-3 -99 230
-2 -99 230
-1 -99 230
0 -99 230
1 -99 230
2 -99 230
3 -99 230
4 -99 230
5 -99 230
6 -99 230
7 -99 230
8 -99 230
9 -99 230
10 -99 230
11 -99 230
12 -99 229
13 -99 229
14 -99 229
15 -99 229
16 -99 229
17 -99 229
18 -99 229
19 -99 229
20 -99 229
21 -99 229
22 -99 229
23 -99 228
24 -99 228
25 -99 228
26 -99 228
27 -99 228
28 -99 228
29 -99 228
30 -99 228
31 -99 227
32 -99 227
33 -99 227
34 -99 227
35 -99 227
36 -99 226
37 -99 226
38 -99 226
39 -99 226
40 -99 226
41 -99 226
42 -99 225
43 -99 225
44 -99 225
45 -99 225
46 -99 224
47 -99 224
48 -99 224
49 -99 224
50 -99 223
51 -99 223
52 -99 223
53 -99 223
54 -99 222
55 -99 222
56 -99 222
57 -99 221
58 -99 221
59 -99 221
60 -99 221
61 -99 220
62 -99 220
63 -99 220
64 -99 219
65 -99 219
66 -99 219
67 -99 218
68 -99 218
69 -99 218
70 -99 217
71 -99 217
72 -99 216
73 -99 216
74 -99 216
75 -99 215
76 -99 215
77 -99 215
78 -99 214
79 -99 214
80 -99 213
81 -99 213
82 -99 212
83 -99 212
84 -99 212
85 -99 211
86 -99 211
87 -99 210
88 -99 210
89 -99 209
90 -99 209
91 -99 208
92 -99 208
93 -99 207
94 -99 207
95 -99 206
96 -99 206
97 -99 205
98 -99 205
99 -99 204
100 -99 204
101 -99 203
102 -99 203
103 -99 202
104 -99 202
105 -99 201
106 -99 201
107 -99 200
108 -99 200
-108 -98 200
-107 -98 201
-106 -98 201
-105 -98 202
-104 -98 202
-103 -98 203
-102 -98 203
-101 -98 204
-100 -98 204
-99 -98 205
-98 -98 205
-97 -98 206
-96 -98 206
-95 -98 207
-94 -98 207
-93 -98 208
-92 -98 208
-91 -98 209
-90 -98 209
-89 -98 210
-88 -98 210
-87 -98 211
-86 -98 211
-85 -98 212
-84 -98 212
-83 -98 213
-82 -98 213
-81 -98 213
-80 -98 214
-79 -98 214
-78 -98 215
-77 -98 215
-76 -98 215
-75 -98 216
-74 -98 216
-73 -98 217
-72 -98 217
-71 -98 217
-70 -98 218
-69 -98 218
-68 -98 218
-67 -98 219
-66 -98 219
-65 -98 219
-64 -98 220
-63 -98 220
-62 -98 220
-61 -98 221
-60 -98 221
-59 -98 221
-58 -98 222
-57 -98 222
-56 -98 222
-55 -98 223
-54 -98 223
-53 -98 223
-52 -98 223
-51 -98 224
-50 -98 224
-49 -98 224
-48 -98 224
-47 -98 225
-46 -98 225
-45 -98 225
-44 -98 225
-43 -98 226
-42 -98 226
-41 -98 226
-40 -98 226
-39 -98 226
-38 -98 227
-37 -98 227
-36 -98 227
-35 -98 227
-34 -98 227
-33 -98 228
-32 -98 228
-31 -98 228
-30 -98 228
-29 -98 228
-28 -98 228
-27 -98 228
-26 -98 229
-25 -98 229
-24 -98 229
-23 -98 229
-22 -98 229
-21 -98 229
-20 -98 229
-19 -98 229
-18 -98 229
-17 -98 230
-16 -98 230
-15 -98 230
-14 -98 230
-13 -98 230
-12 -98 230
-11 -98 230
-10 -98 230
-9 -98 230
-8 -98 230
-7 -98 230
-6 -98 230
-5 -98 230
-4 -98 230
-3 -98 230
-2 -98 230
-1 -98 230
0 -98 230
1 -98 230
2 -98 230
3 -98 230
4 -98 230
5 -98 230
6 -98 230
7 -98 230
8 -98 230
9 -98 230
10 -98 230
11 -98 230
12 -98 230
13 -98 230
14 -98 230
15 -98 230
16 -98 230
17 -98 230
18 -98 229
19 -98 229
20 -98 229
21 -98 229
22 -98 229
23 -98 229
24 -98 229
25 -98 229
26 -98 229
27 -98 228
28 -98 228
29 -98 228
30 -98 228
31 -98 228
32 -98 228
33 -98 228
34 -98 227
35 -98 227
36 -98 227
37 -98 227
38 -98 227
39 -98 226
40 -98 226
41 -98 226
42 -98 226
43 -98 226
44 -98 225
45 -98 225
46 -98 225
47 -98 225
48 -98 224
49 -98 224
50 -98 224
51 -98 224
52 -98 223
53 -98 223
54 -98 223
55 -98 223
56 -98 222
57 -98 222
58 -98 222
59 -98 221
60 -98 221
61 -98 221
62 -98 220
63 -98 220
64 -98 220
65 -98 219
66 -98 219
67 -98 219
68 -98 218
69 -98 218
70 -98 218
71 -98 217
72 -98 217
73 -98 217
74 -98 216
75 -98 216
76 -98 215
77 -98 215
78 -98 215
79 -98 214
80 -98 214
81 -98 213
82 -98 213
83 -98 213
84 -98 212
85 -98 212
86 -98 211
87 -98 211
88 -98 210
89 -98 210
90 -98 209
91 -98 209
92 -98 208
93 -98 208
94 -98 207
95 -98 207
96 -98 206
97 -98 206
98 -98 205
99 -98 205
100 -98 204
101 -98 204
102 -98 203
103 -98 203
104 -98 202
105 -98 202
106 -98 201
107 -98 201
108 -98 200
-109 -97 200
-108 -97 201
-107 -97 201
-106 -97 202
-105 -97 202
-104 -97 203
-103 -97 203
-102 -97 204
-101 -97 204
-100 -97 205
-99 -97 205
-98 -97 206
-97 -97 206
-96 -97 207
-95 -97 207
-94 -97 208
-93 -97 208
-92 -97 209
-91 -97 209
-90 -97 210
-89 -97 210
-88 -97 211
-87 -97 211
-86 -97 212
-85 -97 212
-84 -97 213
-83 -97 213
-82 -97 213
-81 -97 214
-80 -97 214
-79 -97 215
-78 -97 215
-77 -97 216
-76 -97 216
-75 -97 216
-74 -97 217
-73 -97 217
-72 -97 217
-71 -97 218
-70 -97 218
-69 -97 219
-68 -97 219
-67 -97 219
-66 -97 220
-65 -97 220
-64 -97 220
-63 -97 221
-62 -97 221
-61 -97 221
-60 -97 222
-59 -97 222
-58 -97 222
-57 -97 222
-56 -97 223
-55 -97 223
-54 -97 223
-53 -97 224
-52 -97 224
-51 -97 224
-50 -97 224
-49 -97 225
-48 -97 225
-47 -97 225
-46 -97 225
-45 -97 226
-44 -97 226
-43 -97 226
-42 -97 226
-41 -97 227
-40 -97 227
-39 -97 227
-38 -97 227
-37 -97 227
-36 -97 227
-35 -97 228
-34 -97 228
-33 -97 228
-32 -97 228
-31 -97 228
-30 -97 229
-29 -97 229
-28 -97 229
-27 -97 229
-26 -97 229
-25 -97 229
-24 -97 229
-23 -97 229
-22 -97 230
-21 -97 230
-20 -97 230
-19 -97 230
-18 -97 230
-17 -97 230
-16 -97 230
-15 -97 230
-14 -97 230
-13 -97 230
-12 -97 230
-11 -97 231
-10 -97 231
-9 -97 231
-8 -97 231
-7 -97 231
-6 -97 231
-5 -97 231
-4 -97 231
-3 -97 231
-2 -97 231
-1 -97 231
0 -97 231
1 -97 231
2 -97 231
3 -97 231
4 -97 231
5 -97 231
6 -97 231
7 -97 231
8 -97 231
9 -97 231
10 -97 231
11 -97 231
12 -97 230
13 -97 230
14 -97 230
15 -97 230
16 -97 230
17 -97 230
18 -97 230
19 -97 230
20 -97 230
21 -97 230
22 -97 230
23 -97 229
24 -97 229
25 -97 229
26 -97 229
27 -97 229
28 -97 229
29 -97 229
30 -97 229
31 -97 228
32 -97 228
33 -97 228
34 -97 228
35 -97 228
36 -97 227
37 -97 227
38 -97 227
39 -97 227
40 -97 227
41 -97 227
42 -97 226
43 -97 226
44 -97 226
45 -97 226
46 -97 225
47 -97 225
48 -97 225
49 -97 225
50 -97 224
51 -97 224
52 -97 224
53 -97 224
54 -97 223
55 -97 223
56 -97 223
57 -97 222
58 -97 222
59 -97 222
60 -97 222
61 -97 221
62 -97 221
63 -97 221
64 -97 220
65 -97 220
66 -97 220
67 -97 219
68 -97 219
69 -97 219
70 -97 218
71 -97 218
72 -97 217
73 -97 217
74 -97 217
75 -97 216
76 -97 216
77 -97 216
78 -97 215
79 -97 215
80 -97 214
81 -97 214
82 -97 213
83 -97 213
84 -97 213
85 -97 212
86 -97 212
87 -97 211
88 -97 211
89 -97 210
90 -97 210
91 -97 209
92 -97 209
93 -97 208
94 -97 208
95 -97 207
96 -97 207
97 -97 206
98 -97 206
99 -97 205
100 -97 205
101 -97 204
102 -97 204
103 -97 203
104 -97 203
105 -97 202
106 -97 202
107 -97 201
108 -97 201
109 -97 200
-110 -96 200
-109 -96 200
-108 -96 201
-107 -96 202
-106 -96 202
-105 -96 203
-104 -96 203
-103 -96 204
-102 -96 204
-101 -96 205
-100 -96 205
-99 -96 206
-98 -96 206
-97 -96 207
-96 -96 207
-95 -96 208
-94 -96 208
-93 -96 209
-92 -96 209
-91 -96 210
-90 -96 210
-89 -96 211
-88 -96 211
-87 -96 212
-86 -96 212
-85 -96 213
-84 -96 213
-83 -96 214
-82 -96 214
-81 -96 214
-80 -96 215
-79 -96 215
-78 -96 216
-77 -96 216
-76 -96 216
-75 -96 217
-74 -96 217
-73 -96 218
-72 -96 218
-71 -96 218
-70 -96 219
-69 -96 219
-68 -96 219
-67 -96 220
-66 -96 220
-65 -96 220
-64 -96 221
-63 -96 221
-62 -96 221
-61 -96 222
-60 -96 222
-59 -96 222
-58 -96 223
-57 -96 223
-56 -96 223
-55 -96 224
-54 -96 224
-53 -96 224
-52 -96 224
-51 -96 225
-50 -96 225
-49 -96 225
-48 -96 225
-47 -96 226
-46 -96 226
-45 -96 226
-44 -96 226
-43 -96 227
-42 -96 227
-41 -96 227
-40 -96 227
-39 -96 227
-38 -96 228
-37 -96 228
-36 -96 228
-35 -96 228
-34 -96 228
-33 -96 229
-32 -96 229
-31 -96 229
-30 -96 229
-29 -96 229
-28 -96 229
-27 -96 229
-26 -96 230
-25 -96 230
-24 -96 230
-23 -96 230
-22 -96 230
-21 -96 230
-20 -96 230
-19 -96 230
-18 -96 230
-17 -96 231
-16 -96 231
-15 -96 231
-14 -96 231
-13 -96 231
-12 -96 231
-11 -96 231
-10 -96 231
-9 -96 231
-8 -96 231
-7 -96 231
-6 -96 231
-5 -96 231
-4 -96 231
-3 -96 231
-2 -96 231
-1 -96 231
0 -96 231
1 -96 231
2 -96 231
3 -96 231
4 -96 231
5 -96 231
6 -96 231
7 -96 231
8 -96 231
9 -96 231
10 -96 231
11 -96 231
12 -96 231
13 -96 231
14 -96 231
15 -96 231
16 -96 231
17 -96 231
18 -96 230
19 -96 230
20 -96 230
21 -96 230
22 -96 230
23 -96 230
24 -96 230
25 -96 230
26 -96 230
27 -96 229
28 -96 229
29 -96 229
30 -96 229
31 -96 229
32 -96 229
33 -96 229
34 -96 228
35 -96 228
36 -96 228
37 -96 228
38 -96 228
39 -96 227
40 -96 227
41 -96 227
42 -96 227
43 -96 227
44 -96 226
45 -96 226
46 -96 226
47 -96 226
48 -96 225
49 -96 225
50 -96 225
51 -96 225
52 -96 224
53 -96 224
54 -96 224
55 -96 224
56 -96 223
57 -96 223
58 -96 223
59 -96 222
60 -96 222
61 -96 222
62 -96 221
63 -96 221
64 -96 221
65 -96 220
66 -96 220
67 -96 220
68 -96 219
69 -96 219
70 -96 219
71 -96 218
72 -96 218
73 -96 218
74 -96 217
75 -96 217
76 -96 216
77 -96 216
78 -96 216
79 -96 215
80 -96 215
81 -96 214
82 -96 214
83 -96 214
84 -96 213
85 -96 213
86 -96 212
87 -96 212
88 -96 211
89 -96 211
90 -96 210
91 -96 210
92 -96 209
93 -96 209
94 -96 208
95 -96 208
96 -96 207
97 -96 207
98 -96 206
99 -96 206
100 -96 205
101 -96 205
102 -96 204
103 -96 204
104 -96 203
105 -96 203
106 -96 202
107 -96 202
108 -96 201
109 -96 200
110 -96 200
-111 -95 200
-110 -95 200
-109 -95 201
-108 -95 202
-107 -95 202
-106 -95 203
-105 -95 203
-104 -95 204
-103 -95 204
-102 -95 205
-101 -95 205
-100 -95 206
-99 -95 206
-98 -95 207
-97 -95 207
-96 -95 208
-95 -95 208
-94 -95 209
-93 -95 209
-92 -95 210
-91 -95 210
-90 -95 211
-89 -95 211
-88 -95 212
-87 -95 212
-86 -95 213
-85 -95 213
-84 -95 214
-83 -95 214
-82 -95 214
-81 -95 215
-80 -95 215
-79 -95 216
-78 -95 216
-77 -95 217
-76 -95 217
-75 -95 217
-74 -95 218
-73 -95 218
-72 -95 218
-71 -95 219
-70 -95 219
-69 -95 220
-68 -95 220
-67 -95 220
-66 -95 221
-65 -95 221
-64 -95 221
-63 -95 222
-62 -95 222
-61 -95 222
-60 -95 223
-59 -95 223
-58 -95 223
-57 -95 223
-56 -95 224
-55 -95 224
-54 -95 224
-53 -95 225
-52 -95 225
-51 -95 225
-50 -95 225
-49 -95 226
-48 -95 226
-47 -95 226
-46 -95 226
-45 -95 227
-44 -95 227
-43 -95 227
-42 -95 227
-41 -95 227
-40 -95 228
-39 -95 228
-38 -95 228
-37 -95 228
-36 -95 228
-35 -95 229
-34 -95 229
-33 -95 229
-32 -95 229
-31 -95 229
-30 -95 229
-29 -95 230
-28 -95 230
-27 -95 230
-26 -95 230
-25 -95 230
-24 -95 230
-23 -95 230
-22 -95 231
-21 -95 231
-20 -95 231
-19 -95 231
-18 -95 231
-17 -95 231
-16 -95 231
-15 -95 231
-14 -95 231
-13 -95 231
-12 -95 231
-11 -95 231
-10 -95 232
-9 -95 232
-8 -95 232
-7 -95 232
-6 -95 232
-5 -95 232
-4 -95 232
-3 -95 232
-2 -95 232
-1 -95 232
0 -95 232
1 -95 232
2 -95 232
3 -95 232
4 -95 232
5 -95 232
6 -95 232
7 -95 232
8 -95 232
9 -95 232
10 -95 232
11 -95 231
12 -95 231
13 -95 231
14 -95 231
15 -95 231
16 -95 231
17 -95 231
18 -95 231
19 -95 231
20 -95 231
21 -95 231
22 -95 231
23 -95 230
24 -95 230
25 -95 230
26 -95 230
27 -95 230
28 -95 230
29 -95 230
30 -95 229
31 -95 229
32 -95 229
33 -95 229
34 -95 229
35 -95 229
36 -95 228
37 -95 228
38 -95 228
39 -95 228
40 -95 228
41 -95 227
42 -95 227
43 -95 227
44 -95 227
45 -95 227
46 -95 226
47 -95 226
48 -95 226
49 -95 226
50 -95 225
51 -95 225
52 -95 225
53 -95 225
54 -95 224
55 -95 224
56 -95 224
57 -95 223
58 -95 223
59 -95 223
60 -95 223
61 -95 222
62 -95 222
63 -95 222
64 -95 221
65 -95 221
66 -95 221
67 -95 220
68 -95 220
69 -95 220
70 -95 219
71 -95 219
72 -95 218
73 -95 218
74 -95 218
75 -95 217
76 -95 217
77 -95 217
78 -95 216
79 -95 216
80 -95 215
81 -95 215
82 -95 214
83 -95 214
84 -95 214
85 -95 213
86 -95 213
87 -95 212
88 -95 212
89 -95 211
90 -95 211
91 -95 210
92 -95 210
93 -95 209
94 -95 209
95 -95 208
96 -95 208
97 -95 207
98 -95 207
99 -95 206
100 -95 206
101 -95 205
102 -95 205
103 -95 204
104 -95 204
105 -95 203
106 -95 203
107 -95 202
108 -95 202
109 -95 201
110 -95 200
111 -95 200
-112 -94 200
-111 -94 200
-110 -94 201
-109 -94 201
-108 -94 202
-107 -94 203
-106 -94 203
-105 -94 204
-104 -94 204
-103 -94 205
-102 -94 205
-101 -94 206
-100 -94 206
-99 -94 207
-98 -94 207
-97 -94 208
-96 -94 208
-95 -94 209
-94 -94 209
-93 -94 210
-92 -94 210
-91 -94 211
-90 -94 211
-89 -94 212
-88 -94 212
-87 -94 213
-86 -94 213
-85 -94 214
-84 -94 214
-83 -94 215
-82 -94 215
-81 -94 215
-80 -94 216
-79 -94 216
-78 -94 217
-77 -94 217
-76 -94 217
-75 -94 218
-74 -94 218
-73 -94 219
-72 -94 219
-71 -94 219
-70 -94 220
-69 -94 220
-68 -94 220
-67 -94 221
-66 -94 221
-65 -94 221
-64 -94 222
-63 -94 222
-62 -94 222
-61 -94 223
-60 -94 223
-59 -94 223
-58 -94 224
-57 -94 224
-56 -94 224
-55 -94 225
-54 -94 225
-53 -94 225
-52 -94 225
-51 -94 226
-50 -94 226
-49 -94 226
-48 -94 226
-47 -94 227
-46 -94 227
-45 -94 227
-44 -94 227
-43 -94 228
-42 -94 228
-41 -94 228
-40 -94 228
-39 -94 228
-38 -94 229
-37 -94 229
-36 -94 229
-35 -94 229
-34 -94 229
-33 -94 229
-32 -94 230
-31 -94 230
-30 -94 230
-29 -94 230
-28 -94 230
-27 -94 230
-26 -94 231
-25 -94 231
-24 -94 231
-23 -94 231
-22 -94 231
-21 -94 231
-20 -94 231
-19 -94 231
-18 -94 231
-17 -94 232
-16 -94 232
-15 -94 232
-14 -94 232
-13 -94 232
-12 -94 232
-11 -94 232
-10 -94 232
-9 -94 232
-8 -94 232
-7 -94 232
-6 -94 232
-5 -94 232
-4 -94 232
-3 -94 232
-2 -94 232
-1 -94 232
0 -94 232
1 -94 232
2 -94 232
3 -94 232
4 -94 232
5 -94 232
6 -94 232
7 -94 232
8 -94 232
9 -94 232
10 -94 232
11 -94 232
12 -94 232
13 -94 232
14 -94 232
15 -94 232
16 -94 232
17 -94 232
18 -94 231
19 -94 231
20 -94 231
21 -94 231
22 -94 231
23 -94 231
24 -94 231
25 -94 231
26 -94 231
27 -94 230
28 -94 230
29 -94 230
30 -94 230
31 -94 230
32 -94 230
33 -94 229
34 -94 229
35 -94 229
36 -94 229
37 -94 229
38 -94 229
39 -94 228
40 -94 228
41 -94 228
42 -94 228
43 -94 228
44 -94 227
45 -94 227
46 -94 227
47 -94 227
48 -94 226
49 -94 226
50 -94 226
51 -94 226
52 -94 225
53 -94 225
54 -94 225
55 -94 225
56 -94 224
57 -94 224
58 -94 224
59 -94 223
60 -94 223
61 -94 223
62 -94 222
63 -94 222
64 -94 222
65 -94 221
66 -94 221
67 -94 221
68 -94 220
69 -94 220
70 -94 220
71 -94 219
72 -94 219
73 -94 219
74 -94 218
75 -94 218
76 -94 217
77 -94 217
78 -94 217
79 -94 216
80 -94 216
81 -94 215
82 -94 215
83 -94 215
84 -94 214
85 -94 214
86 -94 213
87 -94 213
88 -94 212
89 -94 212
90 -94 211
91 -94 211
92 -94 210
93 -94 210
94 -94 209
95 -94 209
96 -94 208
97 -94 208
98 -94 207
99 -94 207
100 -94 206
101 -94 206
102 -94 205
103 -94 205
104 -94 204
105 -94 204
106 -94 203
107 -94 203
108 -94 202
109 -94 201
110 -94 201
111 -94 200
112 -94 200
-113 -93 200
-112 -93 200
-111 -93 201
-110 -93 201
-109 -93 202
-108 -93 203
-107 -93 203
-106 -93 204
-105 -93 204
-104 -93 205
-103 -93 205
-102 -93 206
-101 -93 206
-100 -93 207
-99 -93 207
-98 -93 208
-97 -93 208
-96 -93 209
-95 -93 209
-94 -93 210
-93 -93 210
-92 -93 211
-91 -93 211
-90 -93 212
-89 -93 212
-88 -93 213
-87 -93 213
-86 -93 214
-85 -93 214
-84 -93 215
-83 -93 215
-82 -93 215
-81 -93 216
-80 -93 216
-79 -93 217
-78 -93 217
-77 -93 218
-76 -93 218
-75 -93 218
-74 -93 219
-73 -93 219
-72 -93 219
-71 -93 220
-70 -93 220
-69 -93 221
-68 -93 221
-67 -93 221
-66 -93 222
-65 -93 222
-64 -93 222
-63 -93 223
-62 -93 223
-61 -93 223
-60 -93 224
-59 -93 224
-58 -93 224
-57 -93 224
-56 -93 225
-55 -93 225
-54 -93 225
-53 -93 226
-52 -93 226
-51 -93 226
-50 -93 226
-49 -93 227
-48 -93 227
-47 -93 227
-46 -93 227
-45 -93 228
-44 -93 228
-43 -93 228
-42 -93 228
-41 -93 228
-40 -93 229
-39 -93 229
-38 -93 229
-37 -93 229
-36 -93 229
-35 -93 230
-34 -93 230
-33 -93 230
-32 -93 230
-31 -93 230
-30 -93 230
-29 -93 231
-28 -93 231
-27 -93 231
-26 -93 231
-25 -93 231
-24 -93 231
-23 -93 231
-22 -93 232
-21 -93 232
-20 -93 232
-19 -93 232
-18 -93 232
-17 -93 232
-16 -93 232
-15 -93 232
-14 -93 232
-13 -93 232
-12 -93 232
-11 -93 232
-10 -93 233
-9 -93 233
-8 -93 233
-7 -93 233
-6 -93 233
-5 -93 233
-4 -93 233
-3 -93 233
-2 -93 233
-1 -93 233
0 -93 233
1 -93 233
2 -93 233
3 -93 233
4 -93 233
5 -93 233
6 -93 233
7 -93 233
8 -93 233
9 -93 233
10 -93 233
11 -93 232
12 -93 232
13 -93 232
14 -93 232
15 -93 232
16 -93 232
17 -93 232
18 -93 232
19 -93 232
20 -93 232
21 -93 232
22 -93 232
23 -93 231
24 -93 231
25 -93 231
26 -93 231
27 -93 231
28 -93 231
29 -93 231
30 -93 230
31 -93 230
32 -93 230
33 -93 230
34 -93 230
35 -93 230
36 -93 229
37 -93 229
38 -93 229
39 -93 229
40 -93 229
41 -93 228
42 -93 228
43 -93 228
44 -93 228
45 -93 228
46 -93 227
47 -93 227
48 -93 227
49 -93 227
50 -93 226
51 -93 226
52 -93 226
53 -93 226
54 -93 225
55 -93 225
56 -93 225
57 -93 224
58 -93 224
59 -93 224
60 -93 224
61 -93 223
62 -93 223
63 -93 223
64 -93 222
65 -93 222
66 -93 222
67 -93 221
68 -93 221
69 -93 221
70 -93 220
71 -93 220
72 -93 219
73 -93 219
74 -93 219
75 -93 218
76 -93 218
77 -93 218
78 -93 217
79 -93 217
80 -93 216
81 -93 216
82 -93 215
83 -93 215
84 -93 215
85 -93 214
86 -93 214
87 -93 213
88 -93 213
89 -93 212
90 -93 212
91 -93 211
92 -93 211
93 -93 210
94 -93 210
95 -93 209
96 -93 209
97 -93 208
98 -93 208
99 -93 207
100 -93 207
101 -93 206
102 -93 206
103 -93 205
104 -93 205
105 -93 204
106 -93 204
107 -93 203
108 -93 203
109 -93 202
110 -93 201
111 -93 201
112 -93 200
113 -93 200
-114 -92 200
-113 -92 200
-112 -92 201
-111 -92 201
-110 -92 202
-109 -92 202
-108 -92 203
-107 -92 204
-106 -92 204
-105 -92 205
-104 -92 205
-103 -92 206
-102 -92 206
-101 -92 207
-100 -92 207
-99 -92 208
-98 -92 208
-97 -92 209
-96 -92 209
-95 -92 210
-94 -92 210
-93 -92 211
-92 -92 211
-91 -92 212
-90 -92 212
-89 -92 213
-88 -92 213
-87 -92 214
-86 -92 214
-85 -92 215
-84 -92 215
-83 -92 215
-82 -92 216
-81 -92 216
-80 -92 217
-79 -92 217
-78 -92 218
-77 -92 218
-76 -92 218
-75 -92 219
-74 -92 219
-73 -92 220
-72 -92 220
-71 -92 220
-70 -92 221
-69 -92 221
-68 -92 221
-67 -92 222
-66 -92 222
-65 -92 222
-64 -92 223
-63 -92 223
-62 -92 223
-61 -92 224
-60 -92 224
-59 -92 224
-58 -92 225
-57 -92 225
-56 -92 225
-55 -92 225
-54 -92 226
-53 -92 226
-52 -92 226
-51 -92 227
-50 -92 227
-49 -92 227
-48 -92 227
-47 -92 228
-46 -92 228
-45 -92 228
-44 -92 228
-43 -92 229
-42 -92 229
-41 -92 229
-40 -92 229
-39 -92 229
-38 -92 230
-37 -92 230
-36 -92 230
-35 -92 230
-34 -92 230
-33 -92 230
-32 -92 231
-31 -92 231
-30 -92 231
-29 -92 231
-28 -92 231
-27 -92 231
-26 -92 232
-25 -92 232
-24 -92 232
-23 -92 232
-22 -92 232
-21 -92 232
-20 -92 232
-19 -92 232
-18 -92 232
-17 -92 232
-16 -92 233
-15 -92 233
-14 -92 233
-13 -92 233
-12 -92 233
-11 -92 233
-10 -92 233
-9 -92 233
-8 -92 233
-7 -92 233
-6 -92 233
-5 -92 233
-4 -92 233
-3 -92 233
-2 -92 233
-1 -92 233
0 -92 233
1 -92 233
2 -92 233
3 -92 233
4 -92 233
5 -92 233
6 -92 233
7 -92 233
8 -92 233
9 -92 233
10 -92 233
11 -92 233
12 -92 233
13 -92 233
14 -92 233
15 -92 233
16 -92 233
17 -92 232
18 -92 232
19 -92 232
20 -92 232
21 -92 232
22 -92 232
23 -92 232
24 -92 232
25 -92 232
26 -92 232
27 -92 231
28 -92 231
29 -92 231
30 -92 231
31 -92 231
32 -92 231
33 -92 230
34 -92 230
35 -92 230
36 -92 230
37 -92 230
38 -92 230
39 -92 229
40 -92 229
41 -92 229
42 -92 229
43 -92 229
44 -92 228
45 -92 228
46 -92 228
47 -92 228
48 -92 227
49 -92 227
50 -92 227
51 -92 227
52 -92 226
53 -92 226
54 -92 226
55 -92 225
56 -92 225
57 -92 225
58 -92 225
59 -92 224
60 -92 224
61 -92 224
62 -92 223
63 -92 223
64 -92 223
65 -92 222
66 -92 222
67 -92 222
68 -92 221
69 -92 221
70 -92 221
71 -92 220
72 -92 220
73 -92 220
74 -92 219
75 -92 219
76 -92 218
77 -92 218
78 -92 218
79 -92 217
80 -92 217
81 -92 216
82 -92 216
83 -92 215
84 -92 215
85 -92 215
86 -92 214
87 -92 214
88 -92 213
89 -92 213
90 -92 212
91 -92 212
92 -92 211
93 -92 211
94 -92 210
95 -92 210
96 -92 209
97 -92 209
98 -92 208
99 -92 208
100 -92 207
101 -92 207
102 -92 206
103 -92 206
104 -92 205
105 -92 205
106 -92 204
107 -92 204
108 -92 203
109 -92 202
110 -92 202
111 -92 201
112 -92 201
113 -92 200
114 -92 200
-114 -91 200
-113 -91 201
-112 -91 201
-111 -91 202
-110 -91 202
-109 -91 203
-108 -91 204
-107 -91 204
-106 -91 205
-105 -91 205
-104 -91 206
-103 -91 206
-102 -91 207
-101 -91 207
-100 -91 208
-99 -91 208
-98 -91 209
-97 -91 209
-96 -91 210
-95 -91 210
-94 -91 211
-93 -91 211
-92 -91 212
-91 -91 212
-90 -91 213
-89 -91 213
-88 -91 214
-87 -91 214
-86 -91 215
-85 -91 215
-84 -91 216
-83 -91 216
-82 -91 216
-81 -91 217
-80 -91 217
-79 -91 218
-78 -91 218
-77 -91 218
-76 -91 219
-75 -91 219
-74 -91 220
-73 -91 220
-72 -91 220
-71 -91 221
-70 -91 221
-69 -91 221
-68 -91 222
-67 -91 222
-66 -91 223
-65 -91 223
-64 -91 223
-63 -91 224
-62 -91 224
-61 -91 224
-60 -91 224
-59 -91 225
-58 -91 225
-57 -91 225
-56 -91 226
-55 -91 226
-54 -91 226
-53 -91 227
-52 -91 227
-51 -91 227
-50 -91 227
-49 -91 228
-48 -91 228
-47 -91 228
-46 -91 228
-45 -91 229
-44 -91 229
-43 -91 229
-42 -91 229
-41 -91 229
-40 -91 230
-39 -91 230
-38 -91 230
-37 -91 230
-36 -91 230
-35 -91 231
-34 -91 231
-33 -91 231
-32 -91 231
-31 -91 231
-30 -91 231
-29 -91 232
-28 -91 232
-27 -91 232
-26 -91 232
-25 -91 232
-24 -91 232
-23 -91 232
-22 -91 232
-21 -91 233
-20 -91 233
-19 -91 233
-18 -91 233
-17 -91 233
-16 -91 233
-15 -91 233
-14 -91 233
-13 -91 233
-12 -91 233
-11 -91 233
-10 -91 233
-9 -91 233
-8 -91 234
-7 -91 234
-6 -91 234
-5 -91 234
-4 -91 234
-3 -91 234
-2 -91 234
-1 -91 234
0 -91 234
1 -91 234
2 -91 234
3 -91 234
4 -91 234
5 -91 234
6 -91 234
7 -91 234
8 -91 234
9 -91 233
10 -91 233
11 -91 233
12 -91 233
13 -91 233
14 -91 233
15 -91 233
16 -91 233
17 -91 233
18 -91 233
19 -91 233
20 -91 233
21 -91 233
22 -91 232
23 -91 232
24 -91 232
25 -91 232
26 -91 232
27 -91 232
28 -91 232
29 -91 232
30 -91 231
31 -91 231
32 -91 231
33 -91 231
34 -91 231
35 -91 231
36 -91 230
37 -91 230
38 -91 230
39 -91 230
40 -91 230
41 -91 229
42 -91 229
43 -91 229
44 -91 229
45 -91 229
46 -91 228
47 -91 228
48 -91 228
49 -91 228
50 -91 227
51 -91 227
52 -91 227
53 -91 227
54 -91 226
55 -91 226
56 -91 226
57 -91 225
58 -91 225
59 -91 225
60 -91 224
61 -91 224
62 -91 224
63 -91 224
64 -91 223
65 -91 223
66 -91 223
67 -91 222
68 -91 222
69 -91 221
70 -91 221
71 -91 221
72 -91 220
73 -91 220
74 -91 220
75 -91 219
76 -91 219
77 -91 218
78 -91 218
79 -91 218
80 -91 217
81 -91 217
82 -91 216
83 -91 216
84 -91 216
85 -91 215
86 -91 215
87 -91 214
88 -91 214
89 -91 213
90 -91 213
91 -91 212
92 -91 212
93 -91 211
94 -91 211
95 -91 210
96 -91 210
97 -91 209
98 -91 209
99 -91 208
100 -91 208
101 -91 207
102 -91 207
103 -91 206
104 -91 206
105 -91 205
106 -91 205
107 -91 204
108 -91 204
109 -91 203
110 -91 202
111 -91 202
112 -91 201
113 -91 201
114 -91 200
-115 -90 200
-114 -90 200
-113 -90 201
-112 -90 202
-111 -90 202
-110 -90 203
-109 -90 203
-108 -90 204
-107 -90 205
-106 -90 205
-105 -90 206
-104 -90 206
-103 -90 207
-102 -90 207
-101 -90 208
-100 -90 208
-99 -90 209
-98 -90 209
-97 -90 210
-96 -90 210
-95 -90 211
-94 -90 211
-93 -90 212
-92 -90 212
-91 -90 213
-90 -90 213
-89 -90 214
-88 -90 214
-87 -90 215
-86 -90 215
-85 -90 216
-84 -90 216
-83 -90 216
-82 -90 217
-81 -90 217
-80 -90 218
-79 -90 218
-78 -90 219
-77 -90 219
-76 -90 219
-75 -90 220
-74 -90 220
-73 -90 220
-72 -90 221
-71 -90 221
-70 -90 222
-69 -90 222
-68 -90 222
-67 -90 223
-66 -90 223
-65 -90 223
-64 -90 224
-63 -90 224
-62 -90 224
-61 -90 225
-60 -90 225
-59 -90 225
-58 -90 226
-57 -90 226
-56 -90 226
-55 -90 226
-54 -90 227
-53 -90 227
-52 -90 227
-51 -90 228
-50 -90 228
-49 -90 228
-48 -90 228
-47 -90 229
-46 -90 229
-45 -90 229
-44 -90 229
-43 -90 229
-42 -90 230
-41 -90 230
-40 -90 230
-39 -90 230
-38 -90 230
-37 -90 231
-36 -90 231
-35 -90 231
-34 -90 231
-33 -90 231
-32 -90 232
-31 -90 232
-30 -90 232
-29 -90 232
-28 -90 232
-27 -90 232
-26 -90 232
-25 -90 233
-24 -90 233
-23 -90 233
-22 -90 233
-21 -90 233
-20 -90 233
-19 -90 233
-18 -90 233
-17 -90 233
-16 -90 234
-15 -90 234
-14 -90 234
-13 -90 234
-12 -90 234
-11 -90 234
-10 -90 234
-9 -90 234
-8 -90 234
-7 -90 234
-6 -90 234
-5 -90 234
-4 -90 234
-3 -90 234
-2 -90 234
-1 -90 234
0 -90 234
1 -90 234
2 -90 234
3 -90 234
4 -90 234
5 -90 234
6 -90 234
7 -90 234
8 -90 234
9 -90 234
10 -90 234
11 -90 234
12 -90 234
13 -90 234
14 -90 234
15 -90 234
16 -90 234
17 -90 233
18 -90 233
19 -90 233
20 -90 233
21 -90 233
22 -90 233
23 -90 233
24 -90 233
25 -90 233
26 -90 232
27 -90 232
28 -90 232
29 -90 232
30 -90 232
31 -90 232
32 -90 232
33 -90 231
34 -90 231
35 -90 231
36 -90 231
37 -90 231
38 -90 230
39 -90 230
40 -90 230
41 -90 230
42 -90 230
43 -90 229
44 -90 229
45 -90 229
46 -90 229
47 -90 229
48 -90 228
49 -90 228
50 -90 228
51 -90 228
52 -90 227
53 -90 227
54 -90 227
55 -90 226
56 -90 226
57 -90 226
58 -90 226
59 -90 225
60 -90 225
61 -90 225
62 -90 224
63 -90 224
64 -90 224
65 -90 223
66 -90 223
67 -90 223
68 -90 222
69 -90 222
70 -90 222
71 -90 221
72 -90 221
73 -90 220
74 -90 220
75 -90 220
76 -90 219
77 -90 219
78 -90 219
79 -90 218
80 -90 218
81 -90 217
82 -90 217
83 -90 216
84 -90 216
85 -90 216
86 -90 215
87 -90 215
88 -90 214
89 -90 214
90 -90 213
91 -90 213
92 -90 212
93 -90 212
94 -90 211
95 -90 211
96 -90 210
97 -90 210
98 -90 209
99 -90 209
100 -90 208
101 -90 208
102 -90 207
103 -90 207
104 -90 206
105 -90 206
106 -90 205
107 -90 205
108 -90 204
109 -90 203
110 -90 203
111 -90 202
112 -90 202
113 -90 201
114 -90 200
115 -90 200
-116 -89 200
-115 -89 200
-114 -89 201
-113 -89 202
-112 -89 202
-111 -89 203
-110 -89 203
-109 -89 204
-108 -89 204
-107 -89 205
-106 -89 206
-105 -89 206
-104 -89 207
-103 -89 207
-102 -89 208
-101 -89 208
-100 -89 209
-99 -89 209
-98 -89 210
-97 -89 210
-96 -89 211
-95 -89 211
-94 -89 212
-93 -89 212
-92 -89 213
-91 -89 213
-90 -89 214
-89 -89 214
-88 -89 215
-87 -89 215
-86 -89 216
-85 -89 216
-84 -89 216
-83 -89 217
-82 -89 217
-81 -89 218
-80 -89 218
-79 -89 219
-78 -89 219
-77 -89 219
-76 -89 220
-75 -89 220
-74 -89 221
-73 -89 221
-72 -89 221
-71 -89 222
-70 -89 222
-69 -89 222
-68 -89 223
-67 -89 223
-66 -89 223
-65 -89 224
-64 -89 224
-63 -89 224
-62 -89 225
-61 -89 225
-60 -89 225
-59 -89 226
-58 -89 226
-57 -89 226
-56 -89 227
-55 -89 227
-54 -89 227
-53 -89 227
-52 -89 228
-51 -89 228
-50 -89 228
-49 -89 228
-48 -89 229
-47 -89 229
-46 -89 229
-45 -89 229
-44 -89 230
-43 -89 230
-42 -89 230
-41 -89 230
-40 -89 231
-39 -89 231
-38 -89 231
-37 -89 231
-36 -89 231
-35 -89 231
-34 -89 232
-33 -89 232
-32 -89 232
-31 -89 232
-30 -89 232
-29 -89 232
-28 -89 233
-27 -89 233
-26 -89 233
-25 -89 233
-24 -89 233
-23 -89 233
-22 -89 233
-21 -89 233
-20 -89 234
-19 -89 234
-18 -89 234
-17 -89 234
-16 -89 234
-15 -89 234
-14 -89 234
-13 -89 234
-12 -89 234
-11 -89 234
-10 -89 234
-9 -89 234
-8 -89 234
-7 -89 234
-6 -89 235
-5 -89 235
-4 -89 235
-3 -89 235
-2 -89 235
-1 -89 235
0 -89 235
1 -89 235
2 -89 235
3 -89 235
4 -89 235
5 -89 235
6 -89 235
7 -89 234
8 -89 234
9 -89 234
10 -89 234
11 -89 234
12 -89 234
13 -89 234
14 -89 234
15 -89 234
16 -89 234
17 -89 234
18 -89 234
19 -89 234
20 -89 234
21 -89 233
22 -89 233
23 -89 233
24 -89 233
25 -89 233
26 -89 233
27 -89 233
28 -89 233
29 -89 232
30 -89 232
31 -89 232
32 -89 232
33 -89 232
34 -89 232
35 -89 231
36 -89 231
37 -89 231
38 -89 231
39 -89 231
40 -89 231
41 -89 230
42 -89 230
43 -89 230
44 -89 230
45 -89 229
46 -89 229
47 -89 229
48 -89 229
49 -89 228
50 -89 228
51 -89 228
52 -89 228
53 -89 227
54 -89 227
55 -89 227
56 -89 227
57 -89 226
58 -89 226
59 -89 226
60 -89 225
61 -89 225
62 -89 225
63 -89 224
64 -89 224
65 -89 224
66 -89 223
67 -89 223
68 -89 223
69 -89 222
70 -89 222
71 -89 222
72 -89 221
73 -89 221
74 -89 221
75 -89 220
76 -89 220
77 -89 219
78 -89 219
79 -89 219
80 -89 218
81 -89 218
82 -89 217
83 -89 217
84 -89 216
85 -89 216
86 -89 216
87 -89 215
88 -89 215
89 -89 214
90 -89 214
91 -89 213
92 -89 213
93 -89 212
94 -89 212
95 -89 211
96 -89 211
97 -89 210
98 -89 210
99 -89 209
100 -89 209
101 -89 208
102 -89 208
103 -89 207
104 -89 207
105 -89 206
106 -89 206
107 -89 205
108 -89 204
109 -89 204
110 -89 203
111 -89 203
112 -89 202
113 -89 202
114 -89 201
115 -89 200
116 -89 200
-117 -88 200
-116 -88 200
-115 -88 201
-114 -88 201
-113 -88 202
-112 -88 203
-111 -88 203
-110 -88 204
-109 -88 204
-108 -88 205
-107 -88 205
-106 -88 206
-105 -88 207
-104 -88 207
-103 -88 208
-102 -88 208
-101 -88 209
-100 -88 209
-99 -88 210
-98 -88 210
-97 -88 211
-96 -88 211
-95 -88 212
-94 -88 212
-93 -88 213
-92 -88 213
-91 -88 214
-90 -88 214
-89 -88 215
-88 -88 215
-87 -88 216
-86 -88 216
-85 -88 216
-84 -88 217
-83 -88 217
-82 -88 218
-81 -88 218
-80 -88 219
-79 -88 219
-78 -88 219
-77 -88 220
-76 -88 220
-75 -88 221
-74 -88 221
-73 -88 221
-72 -88 222
-71 -88 222
-70 -88 223
-69 -88 223
-68 -88 223
-67 -88 224
-66 -88 224
-65 -88 224
-64 -88 225
-63 -88 225
-62 -88 225
-61 -88 226
-60 -88 226
-59 -88 226
-58 -88 226
-57 -88 227
-56 -88 227
-55 -88 227
-54 -88 228
-53 -88 228
-52 -88 228
-51 -88 228
-50 -88 229
-49 -88 229
-48 -88 229
-47 -88 229
-46 -88 230
-45 -88 230
-44 -88 230
-43 -88 230
-42 -88 231
-41 -88 231
-40 -88 231
-39 -88 231
-38 -88 231
-37 -88 232
-36 -88 232
-35 -88 232
-34 -88 232
-33 -88 232
-32 -88 232
-31 -88 233
-30 -88 233
-29 -88 233
-28 -88 233
-27 -88 233
-26 -88 233
-25 -88 233
-24 -88 234
-23 -88 234
-22 -88 234
-21 -88 234
-20 -88 234
-19 -88 234
-18 -88 234
-17 -88 234
-16 -88 234
-15 -88 234
-14 -88 235
-13 -88 235
-12 -88 235
-11 -88 235
-10 -88 235
-9 -88 235
-8 -88 235
-7 -88 235
-6 -88 235
-5 -88 235
-4 -88 235
-3 -88 235
-2 -88 235
-1 -88 235
0 -88 235
1 -88 235
2 -88 235
3 -88 235
4 -88 235
5 -88 235
6 -88 235
7 -88 235
8 -88 235
9 -88 235
10 -88 235
11 -88 235
12 -88 235
13 -88 235
14 -88 235
15 -88 234
16 -88 234
17 -88 234
18 -88 234
19 -88 234
20 -88 234
21 -88 234
22 -88 234
23 -88 234
24 -88 234
25 -88 233
26 -88 233
27 -88 233
28 -88 233
29 -88 233
30 -88 233
31 -88 233
32 -88 232
33 -88 232
34 -88 232
35 -88 232
36 -88 232
37 -88 232
38 -88 231
39 -88 231
40 -88 231
41 -88 231
42 -88 231
43 -88 230
44 -88 230
45 -88 230
46 -88 230
47 -88 229
48 -88 229
49 -88 229
50 -88 229
51 -88 228
52 -88 228
53 -88 228
54 -88 228
55 -88 227
56 -88 227
57 -88 227
58 -88 226
59 -88 226
60 -88 226
61 -88 226
62 -88 225
63 -88 225
64 -88 225
65 -88 224
66 -88 224
67 -88 224
68 -88 223
69 -88 223
70 -88 223
71 -88 222
72 -88 222
73 -88 221
74 -88 221
75 -88 221
76 -88 220
77 -88 220
78 -88 219
79 -88 219
80 -88 219
81 -88 218
82 -88 218
83 -88 217
84 -88 217
85 -88 216
86 -88 216
87 -88 216
88 -88 215
89 -88 215
90 -88 214
91 -88 214
92 -88 213
93 -88 213
94 -88 212
95 -88 212
96 -88 211
97 -88 211
98 -88 210
99 -88 210
100 -88 209
101 -88 209
102 -88 208
103 -88 208
104 -88 207
105 -88 207
106 -88 206
107 -88 205
108 -88 205
109 -88 204
110 -88 204
111 -88 203
112 -88 203
113 -88 202
114 -88 201
115 -88 201
116 -88 200
117 -88 200
-117 -87 200
-116 -87 201
-115 -87 201
-114 -87 202
-113 -87 202
-112 -87 203
-111 -87 204
-110 -87 204
-109 -87 205
-108 -87 205
-107 -87 206
-106 -87 206
-105 -87 207
-104 -87 208
-103 -87 208
-102 -87 209
-101 -87 209
-100 -87 210
-99 -87 210
-98 -87 211
-97 -87 211
-96 -87 212
-95 -87 212
-94 -87 213
-93 -87 213
-92 -87 214
-91 -87 214
-90 -87 215
-89 -87 215
-88 -87 216
-87 -87 216
-86 -87 217
-85 -87 217
-84 -87 217
-83 -87 218
-82 -87 218
-81 -87 219
-80 -87 219
-79 -87 219
-78 -87 220
-77 -87 220
-76 -87 221
-75 -87 221
-74 -87 221
-73 -87 222
-72 -87 222
-71 -87 223
-70 -87 223
-69 -87 223
-68 -87 224
-67 -87 224
-66 -87 224
-65 -87 225
-64 -87 225
-63 -87 225
-62 -87 226
-61 -87 226
-60 -87 226
-59 -87 227
-58 -87 227
-57 -87 227
-56 -87 227
-55 -87 228
-54 -87 228
-53 -87 228
-52 -87 229
-51 -87 229
-50 -87 229
-49 -87 229
-48 -87 230
-47 -87 230
-46 -87 230
-45 -87 230
-44 -87 231
-43 -87 231
-42 -87 231
-41 -87 231
-40 -87 231
-39 -87 232
-38 -87 232
-37 -87 232
-36 -87 232
-35 -87 232
-34 -87 233
-33 -87 233
-32 -87 233
-31 -87 233
-30 -87 233
-29 -87 233
-28 -87 234
-27 -87 234
-26 -87 234
-25 -87 234
-24 -87 234
-23 -87 234
-22 -87 234
-21 -87 234
-20 -87 234
-19 -87 235
-18 -87 235
-17 -87 235
-16 -87 235
-15 -87 235
-14 -87 235
-13 -87 235
-12 -87 235
-11 -87 235
-10 -87 235
-9 -87 235
-8 -87 235
-7 -87 235
-6 -87 235
-5 -87 235
-4 -87 235
-3 -87 235
-2 -87 235
-1 -87 236
0 -87 236
1 -87 236
2 -87 235
3 -87 235
4 -87 235
5 -87 235
6 -87 235
7 -87 235
8 -87 235
9 -87 235
10 -87 235
11 -87 235
12 -87 235
13 -87 235
14 -87 235
15 -87 235
16 -87 235
17 -87 235
18 -87 235
19 -87 235
20 -87 234
21 -87 234
22 -87 234
23 -87 234
24 -87 234
25 -87 234
26 -87 234
27 -87 234
28 -87 234
29 -87 233
30 -87 233
31 -87 233
32 -87 233
33 -87 233
34 -87 233
35 -87 232
36 -87 232
37 -87 232
38 -87 232
39 -87 232
40 -87 231
41 -87 231
42 -87 231
43 -87 231
44 -87 231
45 -87 230
46 -87 230
47 -87 230
48 -87 230
49 -87 229
50 -87 229
51 -87 229
52 -87 229
53 -87 228
54 -87 228
55 -87 228
56 -87 227
57 -87 227
58 -87 227
59 -87 227
60 -87 226
61 -87 226
62 -87 226
63 -87 225
64 -87 225
65 -87 225
66 -87 224
67 -87 224
68 -87 224
69 -87 223
70 -87 223
71 -87 223
72 -87 222
73 -87 222
74 -87 221
75 -87 221
76 -87 221
77 -87 220
78 -87 220
79 -87 219
80 -87 219
81 -87 219
82 -87 218
83 -87 218
84 -87 217
85 -87 217
86 -87 217
87 -87 216
88 -87 216
89 -87 215
90 -87 215
91 -87 214
92 -87 214
93 -87 213
94 -87 213
95 -87 212
96 -87 212
97 -87 211
98 -87 211
99 -87 210
100 -87 210
101 -87 209
102 -87 209
103 -87 208
104 -87 208
105 -87 207
106 -87 206
107 -87 206
108 -87 205
109 -87 205
110 -87 204
111 -87 204
112 -87 203
113 -87 202
114 -87 202
115 -87 201
116 -87 201
117 -87 200
-118 -86 200
-117 -86 201
-116 -86 201
-115 -86 202
-114 -86 202
-113 -86 203
-112 -86 204
-111 -86 204
-110 -86 205
-109 -86 205
-108 -86 206
-107 -86 206
-106 -86 207
-105 -86 207
-104 -86 208
-103 -86 209
-102 -86 209
-101 -86 210
-100 -86 210
-99 -86 211
-98 -86 211
-97 -86 212
-96 -86 212
-95 -86 213
-94 -86 213
-93 -86 214
-92 -86 214
-91 -86 215
-90 -86 215
-89 -86 216
-88 -86 216
-87 -86 217
-86 -86 217
-85 -86 217
-84 -86 218
-83 -86 218
-82 -86 219
-81 -86 219
-80 -86 220
-79 -86 220
-78 -86 220
-77 -86 221
-76 -86 221
-75 -86 222
-74 -86 222
-73 -86 222
-72 -86 223
-71 -86 223
-70 -86 223
-69 -86 224
-68 -86 224
-67 -86 224
-66 -86 225
-65 -86 225
-64 -86 225
-63 -86 226
-62 -86 226
-61 -86 226
-60 -86 227
-59 -86 227
-58 -86 227
-57 -86 228
-56 -86 228
-55 -86 228
-54 -86 229
-53 -86 229
-52 -86 229
-51 -86 229
-50 -86 230
-49 -86 230
-48 -86 230
-47 -86 230
-46 -86 231
-45 -86 231
-44 -86 231
-43 -86 231
-42 -86 231
-41 -86 232
-40 -86 232
-39 -86 232
-38 -86 232
-37 -86 232
-36 -86 233
-35 -86 233
-34 -86 233
-33 -86 233
-32 -86 233
-31 -86 234
-30 -86 234
-29 -86 234
-28 -86 234
-27 -86 234
-26 -86 234
-25 -86 234
-24 -86 234
-23 -86 235
-22 -86 235
-21 -86 235
-20 -86 235
-19 -86 235
-18 -86 235
-17 -86 235
-16 -86 235
-15 -86 235
-14 -86 235
-13 -86 236
-12 -86 236
-11 -86 236
-10 -86 236
-9 -86 236
-8 -86 236
-7 -86 236
-6 -86 236
-5 -86 236
-4 -86 236
-3 -86 236
-2 -86 236
-1 -86 236
0 -86 236
1 -86 236
2 -86 236
3 -86 236
4 -86 236
5 -86 236
6 -86 236
7 -86 236
8 -86 236
9 -86 236
10 -86 236
11 -86 236
12 -86 236
13 -86 236
14 -86 235
15 -86 235
16 -86 235
17 -86 235
18 -86 235
19 -86 235
20 -86 235
21 -86 235
22 -86 235
23 -86 235
24 -86 234
25 -86 234
26 -86 234
27 -86 234
28 -86 234
29 -86 234
30 -86 234
31 -86 234
32 -86 233
33 -86 233
34 -86 233
35 -86 233
36 -86 233
37 -86 232
38 -86 232
39 -86 232
40 -86 232
41 -86 232
42 -86 231
43 -86 231
44 -86 231
45 -86 231
46 -86 231
47 -86 230
48 -86 230
49 -86 230
50 -86 230
51 -86 229
52 -86 229
53 -86 229
54 -86 229
55 -86 228
56 -86 228
57 -86 228
58 -86 227
59 -86 227
60 -86 227
61 -86 226
62 -86 226
63 -86 226
64 -86 225
65 -86 225
66 -86 225
67 -86 224
68 -86 224
69 -86 224
70 -86 223
71 -86 223
72 -86 223
73 -86 222
74 -86 222
75 -86 222
76 -86 221
77 -86 221
78 -86 220
79 -86 220
80 -86 220
81 -86 219
82 -86 219
83 -86 218
84 -86 218
85 -86 217
86 -86 217
87 -86 217
88 -86 216
89 -86 216
90 -86 215
91 -86 215
92 -86 214
93 -86 214
94 -86 213
95 -86 213
96 -86 212
97 -86 212
98 -86 211
99 -86 211
100 -86 210
101 -86 210
102 -86 209
103 -86 209
104 -86 208
105 -86 207
106 -86 207
107 -86 206
108 -86 206
109 -86 205
110 -86 205
111 -86 204
112 -86 204
113 -86 203
114 -86 202
115 -86 202
116 -86 201
117 -86 201
118 -86 200
-119 -85 200
-118 -85 200
-117 -85 201
-116 -85 202
-115 -85 202
-114 -85 203
-113 -85 203
-112 -85 204
-111 -85 205
-110 -85 205
-109 -85 206
-108 -85 206
-107 -85 207
-106 -85 207
-105 -85 208
-104 -85 208
-103 -85 209
-102 -85 210
-101 -85 210
-100 -85 211
-99 -85 211
-98 -85 212
-97 -85 212
-96 -85 213
-95 -85 213
-94 -85 214
-93 -85 214
-92 -85 215
-91 -85 215
-90 -85 216
-89 -85 216
-88 -85 216
-87 -85 217
-86 -85 217
-85 -85 218
-84 -85 218
-83 -85 219
-82 -85 219
-81 -85 220
-80 -85 220
-79 -85 220
-78 -85 221
-77 -85 221
-76 -85 222
-75 -85 222
-74 -85 222
-73 -85 223
-72 -85 223
-71 -85 223
-70 -85 224
-69 -85 224
-68 -85 225
-67 -85 225
-66 -85 225
-65 -85 226
-64 -85 226
-63 -85 226
-62 -85 227
-61 -85 227
-60 -85 227
-59 -85 227
-58 -85 228
-57 -85 228
-56 -85 228
-55 -85 229
-54 -85 229
-53 -85 229
-52 -85 229
-51 -85 230
-50 -85 230
-49 -85 230
-48 -85 231
-47 -85 231
-46 -85 231
-45 -85 231
-44 -85 231
-43 -85 232
-42 -85 232
-41 -85 232
-40 -85 232
-39 -85 233
-38 -85 233
-37 -85 233
-36 -85 233
-35 -85 233
-34 -85 233
-33 -85 234
-32 -85 234
-31 -85 234
-30 -85 234
-29 -85 234
-28 -85 234
-27 -85 235
-26 -85 235
-25 -85 235
-24 -85 235
-23 -85 235
-22 -85 235
-21 -85 235
-20 -85 235
-19 -85 235
-18 -85 236
-17 -85 236
-16 -85 236
-15 -85 236
-14 -85 236
-13 -85 236
-12 -85 236
-11 -85 236
-10 -85 236
-9 -85 236
-8 -85 236
-7 -85 236
-6 -85 236
-5 -85 236
-4 -85 236
-3 -85 236
-2 -85 236
-1 -85 236
0 -85 236
1 -85 236
2 -85 236
3 -85 236
4 -85 236
5 -85 236
6 -85 236
7 -85 236
8 -85 236
9 -85 236
10 -85 236
11 -85 236
12 -85 236
13 -85 236
14 -85 236
15 -85 236
16 -85 236
17 -85 236
18 -85 236
19 -85 235
20 -85 235
21 -85 235
22 -85 235
23 -85 235
24 -85 235
25 -85 235
26 -85 235
27 -85 235
28 -85 234
29 -85 234
30 -85 234
31 -85 234
32 -85 234
33 -85 234
34 -85 233
35 -85 233
36 -85 233
37 -85 233
38 -85 233
39 -85 233
40 -85 232
41 -85 232
42 -85 232
43 -85 232
44 -85 231
45 -85 231
46 -85 231
47 -85 231
48 -85 231
49 -85 230
50 -85 230
51 -85 230
52 -85 229
53 -85 229
54 -85 229
55 -85 229
56 -85 228
57 -85 228
58 -85 228
59 -85 227
60 -85 227
61 -85 227
62 -85 227
63 -85 226
64 -85 226
65 -85 226
66 -85 225
67 -85 225
68 -85 225
69 -85 224
70 -85 224
71 -85 223
72 -85 223
73 -85 223
74 -85 222
75 -85 222
76 -85 222
77 -85 221
78 -85 221
79 -85 220
80 -85 220
81 -85 220
82 -85 219
83 -85 219
84 -85 218
85 -85 218
86 -85 217
87 -85 217
88 -85 216
89 -85 216
90 -85 216
91 -85 215
92 -85 215
93 -85 214
94 -85 214
95 -85 213
96 -85 213
97 -85 212
98 -85 212
99 -85 211
100 -85 211
101 -85 210
102 -85 210
103 -85 209
104 -85 208
105 -85 208
106 -85 207
107 -85 207
108 -85 206
109 -85 206
110 -85 205
111 -85 205
112 -85 204
113 -85 203
114 -85 203
115 -85 202
116 -85 202
117 -85 201
118 -85 200
119 -85 200
-120 -84 200
-119 -84 200
-118 -84 201
-117 -84 201
-116 -84 202
-115 -84 203
-114 -84 203
-113 -84 204
-112 -84 204
-111 -84 205
-110 -84 206
-109 -84 206
-108 -84 207
-107 -84 207
-106 -84 208
-105 -84 208
-104 -84 209
-103 -84 209
-102 -84 210
-101 -84 211
-100 -84 211
-99 -84 212
-98 -84 212
-97 -84 213
-96 -84 213
-95 -84 214
-94 -84 214
-93 -84 215
-92 -84 215
-91 -84 216
-90 -84 216
-89 -84 216
-88 -84 217
-87 -84 217
-86 -84 218
-85 -84 218
-84 -84 219
-83 -84 219
-82 -84 220
-81 -84 220
-80 -84 220
-79 -84 221
-78 -84 221
-77 -84 222
-76 -84 222
-75 -84 222
-74 -84 223
-73 -84 223
-72 -84 224
-71 -84 224
-70 -84 224
-69 -84 225
-68 -84 225
-67 -84 225
-66 -84 226
-65 -84 226
-64 -84 226
-63 -84 227
-62 -84 227
-61 -84 227
-60 -84 228
-59 -84 228
-58 -84 228
-57 -84 229
-56 -84 229
-55 -84 229
-54 -84 229
-53 -84 230
-52 -84 230
-51 -84 230
-50 -84 230
-49 -84 231
-48 -84 231
-47 -84 231
-46 -84 231
-45 -84 232
-44 -84 232
-43 -84 232
-42 -84 232
-41 -84 233
-40 -84 233
-39 -84 233
-38 -84 233
-37 -84 233
-36 -84 234
-35 -84 234
-34 -84 234
-33 -84 234
-32 -84 234
-31 -84 234
-30 -84 235
-29 -84 235
-28 -84 235
-27 -84 235
-26 -84 235
-25 -84 235
-24 -84 235
-23 -84 235
-22 -84 236
-21 -84 236
-20 -84 236
-19 -84 236
-18 -84 236
-17 -84 236
-16 -84 236
-15 -84 236
-14 -84 236
-13 -84 236
-12 -84 236
-11 -84 237
-10 -84 237
-9 -84 237
-8 -84 237
-7 -84 237
-6 -84 237
-5 -84 237
-4 -84 237
-3 -84 237
-2 -84 237
-1 -84 237
0 -84 237
1 -84 237
2 -84 237
3 -84 237
4 -84 237
5 -84 237
6 -84 237
7 -84 237
8 -84 237
9 -84 237
10 -84 237
11 -84 237
12 -84 236
13 -84 236
14 -84 236
15 -84 236
16 -84 236
17 -84 236
18 -84 236
19 -84 236
20 -84 236
21 -84 236
22 -84 236
23 -84 235
24 -84 235
25 -84 235
26 -84 235
27 -84 235
28 -84 235
29 -84 235
30 -84 235
31 -84 234
32 -84 234
33 -84 234
34 -84 234
35 -84 234
36 -84 234
37 -84 233
38 -84 233
39 -84 233
40 -84 233
41 -84 233
42 -84 232
43 -84 232
44 -84 232
45 -84 232
46 -84 231
47 -84 231
48 -84 231
49 -84 231
50 -84 230
51 -84 230
52 -84 230
53 -84 230
54 -84 229
55 -84 229
56 -84 229
57 -84 229
58 -84 228
59 -84 228
60 -84 228
61 -84 227
62 -84 227
63 -84 227
64 -84 226
65 -84 226
66 -84 226
67 -84 225
68 -84 225
69 -84 225
70 -84 224
71 -84 224
72 -84 224
73 -84 223
74 -84 223
75 -84 222
76 -84 222
77 -84 222
78 -84 221
79 -84 221
80 -84 220
81 -84 220
82 -84 220
83 -84 219
84 -84 219
85 -84 218
86 -84 218
87 -84 217
88 -84 217
89 -84 216
90 -84 216
91 -84 216
92 -84 215
93 -84 215
94 -84 214
95 -84 214
96 -84 213
97 -84 213
98 -84 212
99 -84 212
100 -84 211
101 -84 211
102 -84 210
103 -84 209
104 -84 209
105 -84 208
106 -84 208
107 -84 207
108 -84 207
109 -84 206
110 -84 206
111 -84 205
112 -84 204
113 -84 204
114 -84 203
115 -84 203
116 -84 202
117 -84 201
118 -84 201
119 -84 200
120 -84 200
-120 -83 200
-119 -83 201
-118 -83 201
-117 -83 202
-116 -83 202
-115 -83 203
-114 -83 204
-113 -83 204
-112 -83 205
-111 -83 205
-110 -83 206
-109 -83 207
-108 -83 207
-107 -83 208
-106 -83 208
-105 -83 209
-104 -83 209
-103 -83 210
-102 -83 210
-101 -83 211
-100 -83 211
-99 -83 212
-98 -83 213
-97 -83 213
-96 -83 214
-95 -83 214
-94 -83 215
-93 -83 215
-92 -83 215
-91 -83 216
-90 -83 216
-89 -83 217
-88 -83 217
-87 -83 218
-86 -83 218
-85 -83 219
-84 -83 219
-83 -83 220
-82 -83 220
-81 -83 220
-80 -83 221
-79 -83 221
-78 -83 222
-77 -83 222
-76 -83 222
-75 -83 223
-74 -83 223
-73 -83 224
-72 -83 224
-71 -83 224
-70 -83 225
-69 -83 225
-68 -83 225
-67 -83 226
-66 -83 226
-65 -83 226
-64 -83 227
-63 -83 227
-62 -83 227
-61 -83 228
-60 -83 228
-59 -83 228
-58 -83 229
-57 -83 229
-56 -83 229
-55 -83 230
-54 -83 230
-53 -83 230
-52 -83 230
-51 -83 231
-50 -83 231
-49 -83 231
-48 -83 231
-47 -83 232
-46 -83 232
-45 -83 232
-44 -83 232
-43 -83 233
-42 -83 233
-41 -83 233
-40 -83 233
-39 -83 233
-38 -83 234
-37 -83 234
-36 -83 234
-35 -83 234
-34 -83 234
-33 -83 234
-32 -83 235
-31 -83 235
-30 -83 235
-29 -83 235
-28 -83 235
-27 -83 235
-26 -83 236
-25 -83 236
-24 -83 236
-23 -83 236
-22 -83 236
-21 -83 236
-20 -83 236
-19 -83 236
-18 -83 236
-17 -83 237
-16 -83 237
-15 -83 237
-14 -83 237
-13 -83 237
-12 -83 237
-11 -83 237
-10 -83 237
-9 -83 237
-8 -83 237
-7 -83 237
-6 -83 237
-5 -83 237
-4 -83 237
-3 -83 237
-2 -83 237
-1 -83 237
0 -83 237
1 -83 237
2 -83 237
3 -83 237
4 -83 237
5 -83 237
6 -83 237
7 -83 237
8 -83 237
9 -83 237
10 -83 237
11 -83 237
12 -83 237
13 -83 237
14 -83 237
15 -83 237
16 -83 237
17 -83 237
18 -83 236
19 -83 236
20 -83 236
21 -83 236
22 -83 236
23 -83 236
24 -83 236
25 -83 236
26 -83 236
27 -83 235
28 -83 235
29 -83 235
30 -83 235
31 -83 235
32 -83 235
33 -83 234
34 -83 234
35 -83 234
36 -83 234
37 -83 234
38 -83 234
39 -83 233
40 -83 233
41 -83 233
42 -83 233
43 -83 233
44 -83 232
45 -83 232
46 -83 232
47 -83 232
48 -83 231
49 -83 231
50 -83 231
51 -83 231
52 -83 230
53 -83 230
54 -83 230
55 -83 230
56 -83 229
57 -83 229
58 -83 229
59 -83 228
60 -83 228
61 -83 228
62 -83 227
63 -83 227
64 -83 227
65 -83 226
66 -83 226
67 -83 226
68 -83 225
69 -83 225
70 -83 225
71 -83 224
72 -83 224
73 -83 224
74 -83 223
75 -83 223
76 -83 222
77 -83 222
78 -83 222
79 -83 221
80 -83 221
81 -83 220
82 -83 220
83 -83 220
84 -83 219
85 -83 219
86 -83 218
87 -83 218
88 -83 217
89 -83 217
90 -83 216
91 -83 216
92 -83 215
93 -83 215
94 -83 215
95 -83 214
96 -83 214
97 -83 213
98 -83 213
99 -83 212
100 -83 211
101 -83 211
102 -83 210
103 -83 210
104 -83 209
105 -83 209
106 -83 208
107 -83 208
108 -83 207
109 -83 207
110 -83 206
111 -83 205
112 -83 205
113 -83 204
114 -83 204
115 -83 203
116 -83 202
117 -83 202
118 -83 201
119 -83 201
120 -83 200
-121 -82 200
-120 -82 200
-119 -82 201
-118 -82 202
-117 -82 202
-116 -82 203
-115 -82 203
-114 -82 204
-113 -82 205
-112 -82 205
-111 -82 206
-110 -82 206
-109 -82 207
-108 -82 208
-107 -82 208
-106 -82 209
-105 -82 209
-104 -82 210
-103 -82 210
-102 -82 211
-101 -82 211
-100 -82 212
-99 -82 212
-98 -82 213
-97 -82 213
-96 -82 214
-95 -82 214
-94 -82 215
-93 -82 215
-92 -82 216
-91 -82 216
-90 -82 217
-89 -82 217
-88 -82 218
-87 -82 218
-86 -82 219
-85 -82 219
-84 -82 220
-83 -82 220
-82 -82 220
-81 -82 221
-80 -82 221
-79 -82 222
-78 -82 222
-77 -82 222
-76 -82 223
-75 -82 223
-74 -82 224
-73 -82 224
-72 -82 224
-71 -82 225
-70 -82 225
-69 -82 225
-68 -82 226
-67 -82 226
-66 -82 227
-65 -82 227
-64 -82 227
-63 -82 228
-62 -82 228
-61 -82 228
-60 -82 228
-59 -82 229
-58 -82 229
-57 -82 229
-56 -82 230
-55 -82 230
-54 -82 230
-53 -82 230
-52 -82 231
-51 -82 231
-50 -82 231
-49 -82 232
-48 -82 232
-47 -82 232
-46 -82 232
-45 -82 233
-44 -82 233
-43 -82 233
-42 -82 233
-41 -82 233
-40 -82 234
-39 -82 234
-38 -82 234
-37 -82 234
-36 -82 234
-35 -82 235
-34 -82 235
-33 -82 235
-32 -82 235
-31 -82 235
-30 -82 235
-29 -82 236
-28 -82 236
-27 -82 236
-26 -82 236
-25 -82 236
-24 -82 236
-23 -82 236
-22 -82 236
-21 -82 237
-20 -82 237
-19 -82 237
-18 -82 237
-17 -82 237
-16 -82 237
-15 -82 237
-14 -82 237
-13 -82 237
-12 -82 237
-11 -82 237
-10 -82 237
-9 -82 237
-8 -82 237
-7 -82 238
-6 -82 238
-5 -82 238
-4 -82 238
-3 -82 238
-2 -82 238
-1 -82 238
0 -82 238
1 -82 238
2 -82 238
3 -82 238
4 -82 238
5 -82 238
6 -82 238
7 -82 238
8 -82 237
9 -82 237
10 -82 237
11 -82 237
12 -82 237
13 -82 237
14 -82 237
15 -82 237
16 -82 237
17 -82 237
18 -82 237
19 -82 237
20 -82 237
21 -82 237
22 -82 236
23 -82 236
24 -82 236
25 -82 236
26 -82 236
27 -82 236
28 -82 236
29 -82 236
30 -82 235
31 -82 235
32 -82 235
33 -82 235
34 -82 235
35 -82 235
36 -82 234
37 -82 234
38 -82 234
39 -82 234
40 -82 234
41 -82 233
42 -82 233
43 -82 233
44 -82 233
45 -82 233
46 -82 232
47 -82 232
48 -82 232
49 -82 232
50 -82 231
51 -82 231
52 -82 231
53 -82 230
54 -82 230
55 -82 230
56 -82 230
57 -82 229
58 -82 229
59 -82 229
60 -82 228
61 -82 228
62 -82 228
63 -82 228
64 -82 227
65 -82 227
66 -82 227
67 -82 226
68 -82 226
69 -82 225
70 -82 225
71 -82 225
72 -82 224
73 -82 224
74 -82 224
75 -82 223
76 -82 223
77 -82 222
78 -82 222
79 -82 222
80 -82 221
81 -82 221
82 -82 220
83 -82 220
84 -82 220
85 -82 219
86 -82 219
87 -82 218
88 -82 218
89 -82 217
90 -82 217
91 -82 216
92 -82 216
93 -82 215
94 -82 215
95 -82 214
96 -82 214
97 -82 213
98 -82 213
99 -82 212
100 -82 212
101 -82 211
102 -82 211
103 -82 210
104 -82 210
105 -82 209
106 -82 209
107 -82 208
108 -82 208
109 -82 207
110 -82 206
111 -82 206
112 -82 205
113 -82 205
114 -82 204
115 -82 203
116 -82 203
117 -82 202
118 -82 202
119 -82 201
120 -82 200
121 -82 200
-122 -81 200
-121 -81 200
-120 -81 201
-119 -81 201
-118 -81 202
-117 -81 203
-116 -81 203
-115 -81 204
-114 -81 205
-113 -81 205
-112 -81 206
-111 -81 206
-110 -81 207
-109 -81 207
-108 -81 208
-107 -81 209
-106 -81 209
-105 -81 210
-104 -81 210
-103 -81 211
-102 -81 211
-101 -81 212
-100 -81 212
-99 -81 213
-98 -81 213
-97 -81 214
-96 -81 214
-95 -81 215
-94 -81 215
-93 -81 216
-92 -81 216
-91 -81 217
-90 -81 217
-89 -81 218
-88 -81 218
-87 -81 219
-86 -81 219
-85 -81 220
-84 -81 220
-83 -81 220
-82 -81 221
-81 -81 221
-80 -81 222
-79 -81 222
-78 -81 223
-77 -81 223
-76 -81 223
-75 -81 224
-74 -81 224
-73 -81 224
-72 -81 225
-71 -81 225
-70 -81 226
-69 -81 226
-68 -81 226
-67 -81 227
-66 -81 227
-65 -81 227
-64 -81 228
-63 -81 228
-62 -81 228
-61 -81 229
-60 -81 229
-59 -81 229
-58 -81 229
-57 -81 230
-56 -81 230
-55 -81 230
-54 -81 231
-53 -81 231
-52 -81 231
-51 -81 231
-50 -81 232
-49 -81 232
-48 -81 232
-47 -81 232
-46 -81 233
-45 -81 233
-44 -81 233
-43 -81 233
-42 -81 234
-41 -81 234
-40 -81 234
-39 -81 234
-38 -81 234
-37 -81 235
-36 -81 235
-35 -81 235
-34 -81 235
-33 -81 235
-32 -81 235
-31 -81 236
-30 -81 236
-29 -81 236
-28 -81 236
-27 -81 236
-26 -81 236
-25 -81 236
-24 -81 237
-23 -81 237
-22 -81 237
-21 -81 237
-20 -81 237
-19 -81 237
-18 -81 237
-17 -81 237
-16 -81 237
-15 -81 237
-14 -81 238
-13 -81 238
-12 -81 238
-11 -81 238
-10 -81 238
-9 -81 238
-8 -81 238
-7 -81 238
-6 -81 238
-5 -81 238
-4 -81 238
-3 -81 238
-2 -81 238
-1 -81 238
0 -81 238
1 -81 238
2 -81 238
3 -81 238
4 -81 238
5 -81 238
6 -81 238
7 -81 238
8 -81 238
9 -81 238
10 -81 238
11 -81 238
12 -81 238
13 -81 238
14 -81 238
15 -81 237
16 -81 237
17 -81 237
18 -81 237
19 -81 237
20 -81 237
21 -81 237
22 -81 237
23 -81 237
24 -81 237
25 -81 236
26 -81 236
27 -81 236
28 -81 236
29 -81 236
30 -81 236
31 -81 236
32 -81 235
33 -81 235
34 -81 235
35 -81 235
36 -81 235
37 -81 235
38 -81 234
39 -81 234
40 -81 234
41 -81 234
42 -81 234
43 -81 233
44 -81 233
45 -81 233
46 -81 233
47 -81 232
48 -81 232
49 -81 232
50 -81 232
51 -81 231
52 -81 231
53 -81 231
54 -81 231
55 -81 230
56 -81 230
57 -81 230
58 -81 229
59 -81 229
60 -81 229
61 -81 229
62 -81 228
63 -81 228
64 -81 228
65 -81 227
66 -81 227
67 -81 227
68 -81 226
69 -81 226
70 -81 226
71 -81 225
72 -81 225
73 -81 224
74 -81 224
75 -81 224
76 -81 223
77 -81 223
78 -81 223
79 -81 222
80 -81 222
81 -81 221
82 -81 221
83 -81 220
84 -81 220
85 -81 220
86 -81 219
87 -81 219
88 -81 218
89 -81 218
90 -81 217
91 -81 217
92 -81 216
93 -81 216
94 -81 215
95 -81 215
96 -81 214
97 -81 214
98 -81 213
99 -81 213
100 -81 212
101 -81 212
102 -81 211
103 -81 211
104 -81 210
105 -81 210
106 -81 209
107 -81 209
108 -81 208
109 -81 207
110 -81 207
111 -81 206
112 -81 206
113 -81 205
114 -81 205
115 -81 204
116 -81 203
117 -81 203
118 -81 202
119 -81 201
120 -81 201
121 -81 200
122 -81 200
-122 -80 200
-121 -80 201
-120 -80 201
-119 -80 202
-118 -80 203
-117 -80 203
-116 -80 204
-115 -80 204
-114 -80 205
-113 -80 206
-112 -80 206
-111 -80 207
-110 -80 207
-109 -80 208
-108 -80 208
-107 -80 209
-106 -80 210
-105 -80 210
-104 -80 211
-103 -80 211
-102 -80 212
-101 -80 212
-100 -80 213
-99 -80 213
-98 -80 214
-97 -80 214
-96 -80 215
-95 -80 215
-94 -80 216
-93 -80 216
-92 -80 217
-91 -80 217
-90 -80 218
-89 -80 218
-88 -80 219
-87 -80 219
-86 -80 220
-85 -80 220
-84 -80 220
-83 -80 221
-82 -80 221
-81 -80 222
-80 -80 222
-79 -80 223
-78 -80 223
-77 -80 223
-76 -80 224
-75 -80 224
-74 -80 224
-73 -80 225
-72 -80 225
-71 -80 226
-70 -80 226
-69 -80 226
-68 -80 227
-67 -80 227
-66 -80 227
-65 -80 228
-64 -80 228
-63 -80 228
-62 -80 229
-61 -80 229
-60 -80 229
-59 -80 230
-58 -80 230
-57 -80 230
-56 -80 230
-55 -80 231
-54 -80 231
-53 -80 231
-52 -80 232
-51 -80 232
-50 -80 232
-49 -80 232
-48 -80 233
-47 -80 233
-46 -80 233
-45 -80 233
-44 -80 234
-43 -80 234
-42 -80 234
-41 -80 234
-40 -80 234
-39 -80 235
-38 -80 235
-37 -80 235
-36 -80 235
-35 -80 235
-34 -80 236
-33 -80 236
-32 -80 236
-31 -80 236
-30 -80 236
-29 -80 236
-28 -80 236
-27 -80 237
-26 -80 237
-25 -80 237
-24 -80 237
-23 -80 237
-22 -80 237
-21 -80 237
-20 -80 237
-19 -80 238
-18 -80 238
-17 -80 238
-16 -80 238
-15 -80 238
-14 -80 238
-13 -80 238
-12 -80 238
-11 -80 238
-10 -80 238
-9 -80 238
-8 -80 238
-7 -80 238
-6 -80 238
-5 -80 238
-4 -80 238
-3 -80 238
-2 -80 238
-1 -80 238
0 -80 238
1 -80 238
2 -80 238
3 -80 238
4 -80 238
5 -80 238
6 -80 238
7 -80 238
8 -80 238
9 -80 238
10 -80 238
11 -80 238
12 -80 238
13 -80 238
14 -80 238
15 -80 238
16 -80 238
17 -80 238
18 -80 238
19 -80 238
20 -80 237
21 -80 237
22 -80 237
23 -80 237
24 -80 237
25 -80 237
26 -80 237
27 -80 237
28 -80 236
29 -80 236
30 -80 236
31 -80 236
32 -80 236
33 -80 236
34 -80 236
35 -80 235
36 -80 235
37 -80 235
38 -80 235
39 -80 235
40 -80 234
41 -80 234
42 -80 234
43 -80 234
44 -80 234
45 -80 233
46 -80 233
47 -80 233
48 -80 233
49 -80 232
50 -80 232
51 -80 232
52 -80 232
53 -80 231
54 -80 231
55 -80 231
56 -80 230
57 -80 230
58 -80 230
59 -80 230
60 -80 229
61 -80 229
62 -80 229
63 -80 228
64 -80 228
65 -80 228
66 -80 227
67 -80 227
68 -80 227
69 -80 226
70 -80 226
71 -80 226
72 -80 225
73 -80 225
74 -80 224
75 -80 224
76 -80 224
77 -80 223
78 -80 223
79 -80 223
80 -80 222
81 -80 222
82 -80 221
83 -80 221
84 -80 220
85 -80 220
86 -80 220
87 -80 219
88 -80 219
89 -80 218
90 -80 218
91 -80 217
92 -80 217
93 -80 216
94 -80 216
95 -80 215
96 -80 215
97 -80 214
98 -80 214
99 -80 213
100 -80 213
101 -80 212
102 -80 212
103 -80 211
104 -80 211
105 -80 210
106 -80 210
107 -80 209
108 -80 208
109 -80 208
110 -80 207
111 -80 207
112 -80 206
113 -80 206
114 -80 205
115 -80 204
116 -80 204
117 -80 203
118 -80 203
119 -80 202
120 -80 201
121 -80 201
122 -80 200
-123 -79 200
-122 -79 200
-121 -79 201
-120 -79 202
-119 -79 202
-118 -79 203
-117 -79 204
-116 -79 204
-115 -79 205
-114 -79 205
-113 -79 206
-112 -79 207
-111 -79 207
-110 -79 208
-109 -79 208
-108 -79 209
-107 -79 209
-106 -79 210
-105 -79 211
-104 -79 211
-103 -79 212
-102 -79 212
-101 -79 213
-100 -79 213
-99 -79 214
-98 -79 214
-97 -79 215
-96 -79 215
-95 -79 216
-94 -79 216
-93 -79 217
-92 -79 217
-91 -79 218
-90 -79 218
-89 -79 219
-88 -79 219
-87 -79 219
-86 -79 220
-85 -79 220
-84 -79 221
-83 -79 221
-82 -79 222
-81 -79 222
-80 -79 223
-79 -79 223
-78 -79 223
-77 -79 224
-76 -79 224
-75 -79 225
-74 -79 225
-73 -79 225
-72 -79 226
-71 -79 226
-70 -79 226
-69 -79 227
-68 -79 227
-67 -79 227
-66 -79 228
-65 -79 228
-64 -79 228
-63 -79 229
-62 -79 229
-61 -79 229
-60 -79 230
-59 -79 230
-58 -79 230
-57 -79 231
-56 -79 231
-55 -79 231
-54 -79 231
-53 -79 232
-52 -79 232
-51 -79 232
-50 -79 233
-49 -79 233
-48 -79 233
-47 -79 233
-46 -79 234
-45 -79 234
-44 -79 234
-43 -79 234
-42 -79 234
-41 -79 235
-40 -79 235
-39 -79 235
-38 -79 235
-37 -79 235
-36 -79 236
-35 -79 236
-34 -79 236
-33 -79 236
-32 -79 236
-31 -79 236
-30 -79 237
-29 -79 237
-28 -79 237
-27 -79 237
-26 -79 237
-25 -79 237
-24 -79 237
-23 -79 238
-22 -79 238
-21 -79 238
-20 -79 238
-19 -79 238
-18 -79 238
-17 -79 238
-16 -79 238
-15 -79 238
-14 -79 238
-13 -79 238
-12 -79 239
-11 -79 239
-10 -79 239
-9 -79 239
-8 -79 239
-7 -79 239
-6 -79 239
-5 -79 239
-4 -79 239
-3 -79 239
-2 -79 239
-1 -79 239
0 -79 239
1 -79 239
2 -79 239
3 -79 239
4 -79 239
5 -79 239
6 -79 239
7 -79 239
8 -79 239
9 -79 239
10 -79 239
11 -79 239
12 -79 239
13 -79 238
14 -79 238
15 -79 238
16 -79 238
17 -79 238
18 -79 238
19 -79 238
20 -79 238
21 -79 238
22 -79 238
23 -79 238
24 -79 237
25 -79 237
26 -79 237
27 -79 237
28 -79 237
29 -79 237
30 -79 237
31 -79 236
32 -79 236
33 -79 236
34 -79 236
35 -79 236
36 -79 236
37 -79 235
38 -79 235
39 -79 235
40 -79 235
41 -79 235
42 -79 234
43 -79 234
44 -79 234
45 -79 234
46 -79 234
47 -79 233
48 -79 233
49 -79 233
50 -79 233
51 -79 232
52 -79 232
53 -79 232
54 -79 231
55 -79 231
56 -79 231
57 -79 231
58 -79 230
59 -79 230
60 -79 230
61 -79 229
62 -79 229
63 -79 229
64 -79 228
65 -79 228
66 -79 228
67 -79 227
68 -79 227
69 -79 227
70 -79 226
71 -79 226
72 -79 226
73 -79 225
74 -79 225
75 -79 225
76 -79 224
77 -79 224
78 -79 223
79 -79 223
80 -79 223
81 -79 222
82 -79 222
83 -79 221
84 -79 221
85 -79 220
86 -79 220
87 -79 219
88 -79 219
89 -79 219
90 -79 218
91 -79 218
92 -79 217
93 -79 217
94 -79 216
95 -79 216
96 -79 215
97 -79 215
98 -79 214
99 -79 214
100 -79 213
101 -79 213
102 -79 212
103 -79 212
104 -79 211
105 -79 211
106 -79 210
107 -79 209
108 -79 209
109 -79 208
110 -79 208
111 -79 207
112 -79 207
113 -79 206
114 -79 205
115 -79 205
116 -79 204
117 -79 204
118 -79 203
119 -79 202
120 -79 202
121 -79 201
122 -79 200
123 -79 200
-124 -78 200
-123 -78 200
-122 -78 201
-121 -78 201
-120 -78 202
-119 -78 203
-118 -78 203
-117 -78 204
-116 -78 205
-115 -78 205
-114 -78 206
-113 -78 206
-112 -78 207
-111 -78 208
-110 -78 208
-109 -78 209
-108 -78 209
-107 -78 210
-106 -78 210
-105 -78 211
-104 -78 211
-103 -78 212
-102 -78 213
-101 -78 213
-100 -78 214
-99 -78 214
-98 -78 215
-97 -78 215
-96 -78 216
-95 -78 216
-94 -78 217
-93 -78 217
-92 -78 218
-91 -78 218
-90 -78 219
-89 -78 219
-88 -78 219
-87 -78 220
-86 -78 220
-85 -78 221
-84 -78 221
-83 -78 222
-82 -78 222
-81 -78 223
-80 -78 223
-79 -78 223
-78 -78 224
-77 -78 224
-76 -78 225
-75 -78 225
-74 -78 225
-73 -78 226
-72 -78 226
-71 -78 226
-70 -78 227
-69 -78 227
-68 -78 227
-67 -78 228
-66 -78 228
-65 -78 229
-64 -78 229
-63 -78 229
-62 -78 229
-61 -78 230
-60 -78 230
-59 -78 230
-58 -78 231
-57 -78 231
-56 -78 231
-55 -78 232
-54 -78 232
-53 -78 232
-52 -78 232
-51 -78 233
-50 -78 233
-49 -78 233
-48 -78 233
-47 -78 234
-46 -78 234
-45 -78 234
-44 -78 234
-43 -78 235
-42 -78 235
-41 -78 235
-40 -78 235
-39 -78 235
-38 -78 236
-37 -78 236
-36 -78 236
-35 -78 236
-34 -78 236
-33 -78 237
-32 -78 237
-31 -78 237
-30 -78 237
-29 -78 237
-28 -78 237
-27 -78 237
-26 -78 238
-25 -78 238
-24 -78 238
-23 -78 238
-22 -78 238
-21 -78 238
-20 -78 238
-19 -78 238
-18 -78 238
-17 -78 239
-16 -78 239
-15 -78 239
-14 -78 239
-13 -78 239
-12 -78 239
-11 -78 239
-10 -78 239
-9 -78 239
-8 -78 239
-7 -78 239
-6 -78 239
-5 -78 239
-4 -78 239
-3 -78 239
-2 -78 239
-1 -78 239
0 -78 239
1 -78 239
2 -78 239
3 -78 239
4 -78 239
5 -78 239
6 -78 239
7 -78 239
8 -78 239
9 -78 239
10 -78 239
11 -78 239
12 -78 239
13 -78 239
14 -78 239
15 -78 239
16 -78 239
17 -78 239
18 -78 238
19 -78 238
20 -78 238
21 -78 238
22 -78 238
23 -78 238
24 -78 238
25 -78 238
26 -78 238
27 -78 237
28 -78 237
29 -78 237
30 -78 237
31 -78 237
32 -78 237
33 -78 237
34 -78 236
35 -78 236
36 -78 236
37 -78 236
38 -78 236
39 -78 235
40 -78 235
41 -78 235
42 -78 235
43 -78 235
44 -78 234
45 -78 234
46 -78 234
47 -78 234
48 -78 233
49 -78 233
50 -78 233
51 -78 233
52 -78 232
53 -78 232
54 -78 232
55 -78 232
56 -78 231
57 -78 231
58 -78 231
59 -78 230
60 -78 230
61 -78 230
62 -78 229
63 -78 229
64 -78 229
65 -78 229
66 -78 228
67 -78 228
68 -78 227
69 -78 227
70 -78 227
71 -78 226
72 -78 226
73 -78 226
74 -78 225
75 -78 225
76 -78 225
77 -78 224
78 -78 224
79 -78 223
80 -78 223
81 -78 223
82 -78 222
83 -78 222
84 -78 221
85 -78 221
86 -78 220
87 -78 220
88 -78 219
89 -78 219
90 -78 219
91 -78 218
92 -78 218
93 -78 217
94 -78 217
95 -78 216
96 -78 216
97 -78 215
98 -78 215
99 -78 214
100 -78 214
101 -78 213
102 -78 213
103 -78 212
104 -78 211
105 -78 211
106 -78 210
107 -78 210
108 -78 209
109 -78 209
110 -78 208
111 -78 208
112 -78 207
113 -78 206
114 -78 206
115 -78 205
116 -78 205
117 -78 204
118 -78 203
119 -78 203
120 -78 202
121 -78 201
122 -78 201
123 -78 200
124 -78 200
-124 -77 200
-123 -77 201
-122 -77 201
-121 -77 202
-120 -77 202
-119 -77 203
-118 -77 204
-117 -77 204
-116 -77 205
-115 -77 206
-114 -77 206
-113 -77 207
-112 -77 207
-111 -77 208
-110 -77 209
-109 -77 209
-108 -77 210
-107 -77 210
-106 -77 211
-105 -77 211
-104 -77 212
-103 -77 212
-102 -77 213
-101 -77 213
-100 -77 214
-99 -77 215
-98 -77 215
-97 -77 216
-96 -77 216
-95 -77 217
-94 -77 217
-93 -77 218
-92 -77 218
-91 -77 218
-90 -77 219
-89 -77 219
-88 -77 220
-87 -77 220
-86 -77 221
-85 -77 221
-84 -77 222
-83 -77 222
-82 -77 222
-81 -77 223
-80 -77 223
-79 -77 224
-78 -77 224
-77 -77 225
-76 -77 225
-75 -77 225
-74 -77 226
-73 -77 226
-72 -77 226
-71 -77 227
-70 -77 227
-69 -77 228
-68 -77 228
-67 -77 228
-66 -77 229
-65 -77 229
-64 -77 229
-63 -77 230
-62 -77 230
-61 -77 230
-60 -77 231
-59 -77 231
-58 -77 231
-57 -77 231
-56 -77 232
-55 -77 232
-54 -77 232
-53 -77 233
-52 -77 233
-51 -77 233
-50 -77 233
-49 -77 234
-48 -77 234
-47 -77 234
-46 -77 234
-45 -77 235
-44 -77 235
-43 -77 235
-42 -77 235
-41 -77 235
-40 -77 236
-39 -77 236
-38 -77 236
-37 -77 236
-36 -77 236
-35 -77 237
-34 -77 237
-33 -77 237
-32 -77 237
-31 -77 237
-30 -77 237
-29 -77 238
-28 -77 238
-27 -77 238
-26 -77 238
-25 -77 238
-24 -77 238
-23 -77 238
-22 -77 238
-21 -77 239
-20 -77 239
-19 -77 239
-18 -77 239
-17 -77 239
-16 -77 239
-15 -77 239
-14 -77 239
-13 -77 239
-12 -77 239
-11 -77 239
-10 -77 239
-9 -77 239
-8 -77 240
-7 -77 240
-6 -77 240
-5 -77 240
-4 -77 240
-3 -77 240
-2 -77 240
-1 -77 240
0 -77 240
1 -77 240
2 -77 240
3 -77 240
4 -77 240
5 -77 240
6 -77 240
7 -77 240
8 -77 240
9 -77 239
10 -77 239
11 -77 239
12 -77 239
13 -77 239
14 -77 239
15 -77 239
16 -77 239
17 -77 239
18 -77 239
19 -77 239
20 -77 239
21 -77 239
22 -77 238
23 -77 238
24 -77 238
25 -77 238
26 -77 238
27 -77 238
28 -77 238
29 -77 238
30 -77 237
31 -77 237
32 -77 237
33 -77 237
34 -77 237
35 -77 237
36 -77 236
37 -77 236
38 -77 236
39 -77 236
40 -77 236
41 -77 235
42 -77 235
43 -77 235
44 -77 235
45 -77 235
46 -77 234
47 -77 234
48 -77 234
49 -77 234
50 -77 233
51 -77 233
52 -77 233
53 -77 233
54 -77 232
55 -77 232
56 -77 232
57 -77 231
58 -77 231
59 -77 231
60 -77 231
61 -77 230
62 -77 230
63 -77 230
64 -77 229
65 -77 229
66 -77 229
67 -77 228
68 -77 228
69 -77 228
70 -77 227
71 -77 227
72 -77 226
73 -77 226
74 -77 226
75 -77 225
76 -77 225
77 -77 225
78 -77 224
79 -77 224
80 -77 223
81 -77 223
82 -77 222
83 -77 222
84 -77 222
85 -77 221
86 -77 221
87 -77 220
88 -77 220
89 -77 219
90 -77 219
91 -77 218
92 -77 218
93 -77 218
94 -77 217
95 -77 217
96 -77 216
97 -77 216
98 -77 215
99 -77 215
100 -77 214
101 -77 213
102 -77 213
103 -77 212
104 -77 212
105 -77 211
106 -77 211
107 -77 210
108 -77 210
109 -77 209
110 -77 209
111 -77 208
112 -77 207
113 -77 207
114 -77 206
115 -77 206
116 -77 205
117 -77 204
118 -77 204
119 -77 203
120 -77 202
121 -77 202
122 -77 201
123 -77 201
124 -77 200
-125 -76 200
-124 -76 200
-123 -76 201
-122 -76 202
-121 -76 202
-120 -76 203
-119 -76 204
-118 -76 204
-117 -76 205
-116 -76 205
-115 -76 206
-114 -76 207
-113 -76 207
-112 -76 208
-111 -76 208
-110 -76 209
-109 -76 209
-108 -76 210
-107 -76 211
-106 -76 211
-105 -76 212
-104 -76 212
-103 -76 213
-102 -76 213
-101 -76 214
-100 -76 214
-99 -76 215
-98 -76 215
-97 -76 216
-96 -76 216
-95 -76 217
-94 -76 217
-93 -76 218
-92 -76 218
-91 -76 219
-90 -76 219
-89 -76 220
-88 -76 220
-87 -76 221
-86 -76 221
-85 -76 222
-84 -76 222
-83 -76 222
-82 -76 223
-81 -76 223
-80 -76 224
-79 -76 224
-78 -76 225
-77 -76 225
-76 -76 225
-75 -76 226
-74 -76 226
-73 -76 226
-72 -76 227
-71 -76 227
-70 -76 228
-69 -76 228
-68 -76 228
-67 -76 229
-66 -76 229
-65 -76 229
-64 -76 230
-63 -76 230
-62 -76 230
-61 -76 231
-60 -76 231
-59 -76 231
-58 -76 232
-57 -76 232
-56 -76 232
-55 -76 232
-54 -76 233
-53 -76 233
-52 -76 233
-51 -76 233
-50 -76 234
-49 -76 234
-48 -76 234
-47 -76 234
-46 -76 235
-45 -76 235
-44 -76 235
-43 -76 235
-42 -76 236
-41 -76 236
-40 -76 236
-39 -76 236
-38 -76 236
-37 -76 237
-36 -76 237
-35 -76 237
-34 -76 237
-33 -76 237
-32 -76 237
-31 -76 238
-30 -76 238
-29 -76 238
-28 -76 238
-27 -76 238
-26 -76 238
-25 -76 238
-24 -76 239
-23 -76 239
-22 -76 239
-21 -76 239
-20 -76 239
-19 -76 239
-18 -76 239
-17 -76 239
-16 -76 239
-15 -76 239
-14 -76 240
-13 -76 240
-12 -76 240
-11 -76 240
-10 -76 240
-9 -76 240
-8 -76 240
-7 -76 240
-6 -76 240
-5 -76 240
-4 -76 240
-3 -76 240
-2 -76 240
-1 -76 240
0 -76 240
1 -76 240
2 -76 240
3 -76 240
4 -76 240
5 -76 240
6 -76 240
7 -76 240
8 -76 240
9 -76 240
10 -76 240
11 -76 240
12 -76 240
13 -76 240
14 -76 240
15 -76 239
16 -76 239
17 -76 239
18 -76 239
19 -76 239
20 -76 239
21 -76 239
22 -76 239
23 -76 239
24 -76 239
25 -76 238
26 -76 238
27 -76 238
28 -76 238
29 -76 238
30 -76 238
31 -76 238
32 -76 237
33 -76 237
34 -76 237
35 -76 237
36 -76 237
37 -76 237
38 -76 236
39 -76 236
40 -76 236
41 -76 236
42 -76 236
43 -76 235
44 -76 235
45 -76 235
46 -76 235
47 -76 234
48 -76 234
49 -76 234
50 -76 234
51 -76 233
52 -76 233
53 -76 233
54 -76 233
55 -76 232
56 -76 232
57 -76 232
58 -76 232
59 -76 231
60 -76 231
61 -76 231
62 -76 230
63 -76 230
64 -76 230
65 -76 229
66 -76 229
67 -76 229
68 -76 228
69 -76 228
70 -76 228
71 -76 227
72 -76 227
73 -76 226
74 -76 226
75 -76 226
76 -76 225
77 -76 225
78 -76 225
79 -76 224
80 -76 224
81 -76 223
82 -76 223
83 -76 222
84 -76 222
85 -76 222
86 -76 221
87 -76 221
88 -76 220
89 -76 220
90 -76 219
91 -76 219
92 -76 218
93 -76 218
94 -76 217
95 -76 217
96 -76 216
97 -76 216
98 -76 215
99 -76 215
100 -76 214
101 -76 214
102 -76 213
103 -76 213
104 -76 212
105 -76 212
106 -76 211
107 -76 211
108 -76 210
109 -76 209
110 -76 209
111 -76 208
112 -76 208
113 -76 207
114 -76 207
115 -76 206
116 -76 205
117 -76 205
118 -76 204
119 -76 204
120 -76 203
121 -76 202
122 -76 202
123 -76 201
124 -76 200
125 -76 200
-125 -75 200
-124 -75 201
-123 -75 201
-122 -75 202
-121 -75 203
-120 -75 203
-119 -75 204
-118 -75 205
-117 -75 205
-116 -75 206
-115 -75 206
-114 -75 207
-113 -75 208
-112 -75 208
-111 -75 209
-110 -75 209
-109 -75 210
-108 -75 210
-107 -75 211
-106 -75 212
-105 -75 212
-104 -75 213
-103 -75 213
-102 -75 214
-101 -75 214
-100 -75 215
-99 -75 215
-98 -75 216
-97 -75 216
-96 -75 217
-95 -75 217
-94 -75 218
-93 -75 218
-92 -75 219
-91 -75 219
-90 -75 220
-89 -75 220
-88 -75 221
-87 -75 221
-86 -75 222
-85 -75 222
-84 -75 222
-83 -75 223
-82 -75 223
-81 -75 224
-80 -75 224
-79 -75 225
-78 -75 225
-77 -75 225
-76 -75 226
-75 -75 226
-74 -75 226
-73 -75 227
-72 -75 227
-71 -75 228
-70 -75 228
-69 -75 228
-68 -75 229
-67 -75 229
-66 -75 229
-65 -75 230
-64 -75 230
-63 -75 230
-62 -75 231
-61 -75 231
-60 -75 231
-59 -75 232
-58 -75 232
-57 -75 232
-56 -75 232
-55 -75 233
-54 -75 233
-53 -75 233
-52 -75 234
-51 -75 234
-50 -75 234
-49 -75 234
-48 -75 235
-47 -75 235
-46 -75 235
-45 -75 235
-44 -75 236
-43 -75 236
-42 -75 236
-41 -75 236
-40 -75 236
-39 -75 237
-38 -75 237
-37 -75 237
-36 -75 237
-35 -75 237
-34 -75 238
-33 -75 238
-32 -75 238
-31 -75 238
-30 -75 238
-29 -75 238
-28 -75 238
-27 -75 239
-26 -75 239
-25 -75 239
-24 -75 239
-23 -75 239
-22 -75 239
-21 -75 239
-20 -75 239
-19 -75 240
-18 -75 240
-17 -75 240
-16 -75 240
-15 -75 240
-14 -75 240
-13 -75 240
-12 -75 240
-11 -75 240
-10 -75 240
-9 -75 240
-8 -75 240
-7 -75 240
-6 -75 240
-5 -75 240
-4 -75 240
-3 -75 240
-2 -75 240
-1 -75 240
0 -75 240
1 -75 240
2 -75 240
3 -75 240
4 -75 240
5 -75 240
6 -75 240
7 -75 240
8 -75 240
9 -75 240
10 -75 240
11 -75 240
12 -75 240
13 -75 240
14 -75 240
15 -75 240
16 -75 240
17 -75 240
18 -75 240
19 -75 240
20 -75 239
21 -75 239
22 -75 239
23 -75 239
24 -75 239
25 -75 239
26 -75 239
27 -75 239
28 -75 238
29 -75 238
30 -75 238
31 -75 238
32 -75 238
33 -75 238
34 -75 238
35 -75 237
36 -75 237
37 -75 237
38 -75 237
39 -75 237
40 -75 236
41 -75 236
42 -75 236
43 -75 236
44 -75 236
45 -75 235
46 -75 235
47 -75 235
48 -75 235
49 -75 234
50 -75 234
51 -75 234
52 -75 234
53 -75 233
54 -75 233
55 -75 233
56 -75 232
57 -75 232
58 -75 232
59 -75 232
60 -75 231
61 -75 231
62 -75 231
63 -75 230
64 -75 230
65 -75 230
66 -75 229
67 -75 229
68 -75 229
69 -75 228
70 -75 228
71 -75 228
72 -75 227
73 -75 227
74 -75 226
75 -75 226
76 -75 226
77 -75 225
78 -75 225
79 -75 225
80 -75 224
81 -75 224
82 -75 223
83 -75 223
84 -75 222
85 -75 222
86 -75 222
87 -75 221
88 -75 221
89 -75 220
90 -75 220
91 -75 219
92 -75 219
93 -75 218
94 -75 218
95 -75 217
96 -75 217
97 -75 216
98 -75 216
99 -75 215
100 -75 215
101 -75 214
102 -75 214
103 -75 213
104 -75 213
105 -75 212
106 -75 212
107 -75 211
108 -75 210
109 -75 210
110 -75 209
111 -75 209
112 -75 208
113 -75 208
114 -75 207
115 -75 206
116 -75 206
117 -75 205
118 -75 205
119 -75 204
120 -75 203
121 -75 203
122 -75 202
123 -75 201
124 -75 201
125 -75 200
-126 -74 200
-125 -74 200
-124 -74 201
-123 -74 202
-122 -74 202
-121 -74 203
-120 -74 204
-119 -74 204
-118 -74 205
-117 -74 206
-116 -74 206
-115 -74 207
-114 -74 207
-113 -74 208
-112 -74 209
-111 -74 209
-110 -74 210
-109 -74 210
-108 -74 211
-107 -74 211
-106 -74 212
-105 -74 213
-104 -74 213
-103 -74 214
-102 -74 214
-101 -74 215
-100 -74 215
-99 -74 216
-98 -74 216
-97 -74 217
-96 -74 217
-95 -74 218
-94 -74 218
-93 -74 219
-92 -74 219
-91 -74 220
-90 -74 220
-89 -74 221
-88 -74 221
-87 -74 221
-86 -74 222
-85 -74 222
-84 -74 223
-83 -74 223
-82 -74 224
-81 -74 224
-80 -74 224
-79 -74 225
-78 -74 225
-77 -74 226
-76 -74 226
-75 -74 226
-74 -74 227
-73 -74 227
-72 -74 228
-71 -74 228
-70 -74 228
-69 -74 229
-68 -74 229
-67 -74 229
-66 -74 230
-65 -74 230
-64 -74 230
-63 -74 231
-62 -74 231
-61 -74 231
-60 -74 232
-59 -74 232
-58 -74 232
-57 -74 233
-56 -74 233
-55 -74 233
-54 -74 233
-53 -74 234
-52 -74 234
-51 -74 234
-50 -74 234
-49 -74 235
-48 -74 235
-47 -74 235
-46 -74 235
-45 -74 236
-44 -74 236
-43 -74 236
-42 -74 236
-41 -74 237
-40 -74 237
-39 -74 237
-38 -74 237
-37 -74 237
-36 -74 238
-35 -74 238
-34 -74 238
-33 -74 238
-32 -74 238
-31 -74 238
-30 -74 239
-29 -74 239
-28 -74 239
-27 -74 239
-26 -74 239
-25 -74 239
-24 -74 239
-23 -74 239
-22 -74 240
-21 -74 240
-20 -74 240
-19 -74 240
-18 -74 240
-17 -74 240
-16 -74 240
-15 -74 240
-14 -74 240
-13 -74 240
-12 -74 240
-11 -74 241
-10 -74 241
-9 -74 241
-8 -74 241
-7 -74 241
-6 -74 241
-5 -74 241
-4 -74 241
-3 -74 241
-2 -74 241
-1 -74 241
0 -74 241
1 -74 241
2 -74 241
3 -74 241
4 -74 241
5 -74 241
6 -74 241
7 -74 241
8 -74 241
9 -74 241
10 -74 241
11 -74 241
12 -74 240
13 -74 240
14 -74 240
15 -74 240
16 -74 240
17 -74 240
18 -74 240
19 -74 240
20 -74 240
21 -74 240
22 -74 240
23 -74 239
24 -74 239
25 -74 239
26 -74 239
27 -74 239
28 -74 239
29 -74 239
30 -74 239
31 -74 238
32 -74 238
33 -74 238
34 -74 238
35 -74 238
36 -74 238
37 -74 237
38 -74 237
39 -74 237
40 -74 237
41 -74 237
42 -74 236
43 -74 236
44 -74 236
45 -74 236
46 -74 235
47 -74 235
48 -74 235
49 -74 235
50 -74 234
51 -74 234
52 -74 234
53 -74 234
54 -74 233
55 -74 233
56 -74 233
57 -74 233
58 -74 232
59 -74 232
60 -74 232
61 -74 231
62 -74 231
63 -74 231
64 -74 230
65 -74 230
66 -74 230
67 -74 229
68 -74 229
69 -74 229
70 -74 228
71 -74 228
72 -74 228
73 -74 227
74 -74 227
75 -74 226
76 -74 226
77 -74 226
78 -74 225
79 -74 225
80 -74 224
81 -74 224
82 -74 224
83 -74 223
84 -74 223
85 -74 222
86 -74 222
87 -74 221
88 -74 221
89 -74 221
90 -74 220
91 -74 220
92 -74 219
93 -74 219
94 -74 218
95 -74 218
96 -74 217
97 -74 217
98 -74 216
99 -74 216
100 -74 215
101 -74 215
102 -74 214
103 -74 214
104 -74 213
105 -74 213
106 -74 212
107 -74 211
108 -74 211
109 -74 210
110 -74 210
111 -74 209
112 -74 209
113 -74 208
114 -74 207
115 -74 207
116 -74 206
117 -74 206
118 -74 205
119 -74 204
120 -74 204
121 -74 203
122 -74 202
123 -74 202
124 -74 201
125 -74 200
126 -74 200
-127 -73 200
-126 -73 200
-125 -73 201
-124 -73 202
-123 -73 202
-122 -73 203
-121 -73 203
-120 -73 204
-119 -73 205
-118 -73 205
-117 -73 206
-116 -73 207
-115 -73 207
-114 -73 208
-113 -73 208
-112 -73 209
-111 -73 210
-110 -73 210
-109 -73 211
-108 -73 211
-107 -73 212
-106 -73 212
-105 -73 213
-104 -73 213
-103 -73 214
-102 -73 215
-101 -73 215
-100 -73 216
-99 -73 216
-98 -73 217
-97 -73 217
-96 -73 218
-95 -73 218
-94 -73 219
-93 -73 219
-92 -73 220
-91 -73 220
-90 -73 220
-89 -73 221
-88 -73 221
-87 -73 222
-86 -73 222
-85 -73 223
-84 -73 223
-83 -73 224
-82 -73 224
-81 -73 224
-80 -73 225
-79 -73 225
-78 -73 226
-77 -73 226
-76 -73 226
-75 -73 227
-74 -73 227
-73 -73 228
-72 -73 228
-71 -73 228
-70 -73 229
-69 -73 229
-68 -73 229
-67 -73 230
-66 -73 230
-65 -73 230
-64 -73 231
-63 -73 231
-62 -73 231
-61 -73 232
-60 -73 232
-59 -73 232
-58 -73 233
-57 -73 233
-56 -73 233
-55 -73 234
-54 -73 234
-53 -73 234
-52 -73 234
-51 -73 235
-50 -73 235
-49 -73 235
-48 -73 235
-47 -73 236
-46 -73 236
-45 -73 236
-44 -73 236
-43 -73 236
-42 -73 237
-41 -73 237
-40 -73 237
-39 -73 237
-38 -73 238
-37 -73 238
-36 -73 238
-35 -73 238
-34 -73 238
-33 -73 238
-32 -73 239
-31 -73 239
-30 -73 239
-29 -73 239
-28 -73 239
-27 -73 239
-26 -73 239
-25 -73 240
-24 -73 240
-23 -73 240
-22 -73 240
-21 -73 240
-20 -73 240
-19 -73 240
-18 -73 240
-17 -73 240
-16 -73 241
-15 -73 241
-14 -73 241
-13 -73 241
-12 -73 241
-11 -73 241
-10 -73 241
-9 -73 241
-8 -73 241
-7 -73 241
-6 -73 241
-5 -73 241
-4 -73 241
-3 -73 241
-2 -73 241
-1 -73 241
0 -73 241
1 -73 241
2 -73 241
3 -73 241
4 -73 241
5 -73 241
6 -73 241
7 -73 241
8 -73 241
9 -73 241
10 -73 241
11 -73 241
12 -73 241
13 -73 241
14 -73 241
15 -73 241
16 -73 241
17 -73 240
18 -73 240
19 -73 240
20 -73 240
21 -73 240
22 -73 240
23 -73 240
24 -73 240
25 -73 240
26 -73 239
27 -73 239
28 -73 239
29 -73 239
30 -73 239
31 -73 239
32 -73 239
33 -73 238
34 -73 238
35 -73 238
36 -73 238
37 -73 238
38 -73 238
39 -73 237
40 -73 237
41 -73 237
42 -73 237
43 -73 236
44 -73 236
45 -73 236
46 -73 236
47 -73 236
48 -73 235
49 -73 235
50 -73 235
51 -73 235
52 -73 234
53 -73 234
54 -73 234
55 -73 234
56 -73 233
57 -73 233
58 -73 233
59 -73 232
60 -73 232
61 -73 232
62 -73 231
63 -73 231
64 -73 231
65 -73 230
66 -73 230
67 -73 230
68 -73 229
69 -73 229
70 -73 229
71 -73 228
72 -73 228
73 -73 228
74 -73 227
75 -73 227
76 -73 226
77 -73 226
78 -73 226
79 -73 225
80 -73 225
81 -73 224
82 -73 224
83 -73 224
84 -73 223
85 -73 223
86 -73 222
87 -73 222
88 -73 221
89 -73 221
90 -73 220
91 -73 220
92 -73 220
93 -73 219
94 -73 219
95 -73 218
96 -73 218
97 -73 217
98 -73 217
99 -73 216
100 -73 216
101 -73 215
102 -73 215
103 -73 214
104 -73 213
105 -73 213
106 -73 212
107 -73 212
108 -73 211
109 -73 211
110 -73 210
111 -73 210
112 -73 209
113 -73 208
114 -73 208
115 -73 207
116 -73 207
117 -73 206
118 -73 205
119 -73 205
120 -73 204
121 -73 203
122 -73 203
123 -73 202
124 -73 202
125 -73 201
126 -73 200
127 -73 200
-127 -72 200
-126 -72 201
-125 -72 201
-124 -72 202
-123 -72 203
-122 -72 203
-121 -72 204
-120 -72 204
-119 -72 205
-118 -72 206
-117 -72 206
-116 -72 207
-115 -72 208
-114 -72 208
-113 -72 209
-112 -72 209
-111 -72 210
-110 -72 210
-109 -72 211
-108 -72 212
-107 -72 212
-106 -72 213
-105 -72 213
-104 -72 214
-103 -72 214
-102 -72 215
-101 -72 215
-100 -72 216
-99 -72 216
-98 -72 217
-97 -72 217
-96 -72 218
-95 -72 218
-94 -72 219
-93 -72 219
-92 -72 220
-91 -72 220
-90 -72 221
-89 -72 221
-88 -72 222
-87 -72 222
-86 -72 223
-85 -72 223
-84 -72 224
-83 -72 224
-82 -72 224
-81 -72 225
-80 -72 225
-79 -72 226
-78 -72 226
-77 -72 226
-76 -72 227
-75 -72 227
-74 -72 228
-73 -72 228
-72 -72 228
-71 -72 229
-70 -72 229
-69 -72 229
-68 -72 230
-67 -72 230
-66 -72 230
-65 -72 231
-64 -72 231
-63 -72 231
-62 -72 232
-61 -72 232
-60 -72 232
-59 -72 233
-58 -72 233
-57 -72 233
-56 -72 234
-55 -72 234
-54 -72 234
-53 -72 234
-52 -72 235
-51 -72 235
-50 -72 235
-49 -72 235
-48 -72 236
-47 -72 236
-46 -72 236
-45 -72 236
-44 -72 237
-43 -72 237
-42 -72 237
-41 -72 237
-40 -72 237
-39 -72 238
-38 -72 238
-37 -72 238
-36 -72 238
-35 -72 238
-34 -72 239
-33 -72 239
-32 -72 239
-31 -72 239
-30 -72 239
-29 -72 239
-28 -72 240
-27 -72 240
-26 -72 240
-25 -72 240
-24 -72 240
-23 -72 240
-22 -72 240
-21 -72 240
-20 -72 241
-19 -72 241
-18 -72 241
-17 -72 241
-16 -72 241
-15 -72 241
-14 -72 241
-13 -72 241
-12 -72 241
-11 -72 241
-10 -72 241
-9 -72 241
-8 -72 241
-7 -72 241
-6 -72 241
-5 -72 241
-4 -72 242
-3 -72 242
-2 -72 242
-1 -72 242
0 -72 242
1 -72 242
2 -72 242
3 -72 242
4 -72 242
5 -72 241
6 -72 241
7 -72 241
8 -72 241
9 -72 241
10 -72 241
11 -72 241
12 -72 241
13 -72 241
14 -72 241
15 -72 241
16 -72 241
17 -72 241
18 -72 241
19 -72 241
20 -72 241
21 -72 240
22 -72 240
23 -72 240
24 -72 240
25 -72 240
26 -72 240
27 -72 240
28 -72 240
29 -72 239
30 -72 239
31 -72 239
32 -72 239
33 -72 239
34 -72 239
35 -72 238
36 -72 238
37 -72 238
38 -72 238
39 -72 238
40 -72 237
41 -72 237
42 -72 237
43 -72 237
44 -72 237
45 -72 236
46 -72 236
47 -72 236
48 -72 236
49 -72 235
50 -72 235
51 -72 235
52 -72 235
53 -72 234
54 -72 234
55 -72 234
56 -72 234
57 -72 233
58 -72 233
59 -72 233
60 -72 232
61 -72 232
62 -72 232
63 -72 231
64 -72 231
65 -72 231
66 -72 230
67 -72 230
68 -72 230
69 -72 229
70 -72 229
71 -72 229
72 -72 228
73 -72 228
74 -72 228
75 -72 227
76 -72 227
77 -72 226
78 -72 226
79 -72 226
80 -72 225
81 -72 225
82 -72 224
83 -72 224
84 -72 224
85 -72 223
86 -72 223
87 -72 222
88 -72 222
89 -72 221
90 -72 221
91 -72 220
92 -72 220
93 -72 219
94 -72 219
95 -72 218
96 -72 218
97 -72 217
98 -72 217
99 -72 216
100 -72 216
101 -72 215
102 -72 215
103 -72 214
104 -72 214
105 -72 213
106 -72 213
107 -72 212
108 -72 212
109 -72 211
110 -72 210
111 -72 210
112 -72 209
113 -72 209
114 -72 208
115 -72 208
116 -72 207
117 -72 206
118 -72 206
119 -72 205
120 -72 204
121 -72 204
122 -72 203
123 -72 203
124 -72 202
125 -72 201
126 -72 201
127 -72 200
-128 -71 200
-127 -71 200
-126 -71 201
-125 -71 202
-124 -71 202
-123 -71 203
-122 -71 204
-121 -71 204
-120 -71 205
-119 -71 205
-118 -71 206
-117 -71 207
-116 -71 207
-115 -71 208
-114 -71 208
-113 -71 209
-112 -71 210
-111 -71 210
-110 -71 211
-109 -71 211
-108 -71 212
-107 -71 213
-106 -71 213
-105 -71 214
-104 -71 214
-103 -71 215
-102 -71 215
-101 -71 216
-100 -71 216
-99 -71 217
-98 -71 217
-97 -71 218
-96 -71 218
-95 -71 219
-94 -71 219
-93 -71 220
-92 -71 220
-91 -71 221
-90 -71 221
-89 -71 222
-88 -71 222
-87 -71 223
-86 -71 223
-85 -71 223
-84 -71 224
-83 -71 224
-82 -71 225
-81 -71 225
-80 -71 226
-79 -71 226
-78 -71 226
-77 -71 227
-76 -71 227
-75 -71 228
-74 -71 228
-73 -71 228
-72 -71 229
-71 -71 229
-70 -71 229
-69 -71 230
-68 -71 230
-67 -71 231
-66 -71 231
-65 -71 231
-64 -71 232
-63 -71 232
-62 -71 232
-61 -71 232
-60 -71 233
-59 -71 233
-58 -71 233
-57 -71 234
-56 -71 234
-55 -71 234
-54 -71 235
-53 -71 235
-52 -71 235
-51 -71 235
-50 -71 236
-49 -71 236
-48 -71 236
-47 -71 236
-46 -71 237
-45 -71 237
-44 -71 237
-43 -71 237
-42 -71 237
-41 -71 238
-40 -71 238
-39 -71 238
-38 -71 238
-37 -71 238
-36 -71 239
-35 -71 239
-34 -71 239
-33 -71 239
-32 -71 239
-31 -71 239
-30 -71 240
-29 -71 240
-28 -71 240
-27 -71 240
-26 -71 240
-25 -71 240
-24 -71 240
-23 -71 241
-22 -71 241
-21 -71 241
-20 -71 241
-19 -71 241
-18 -71 241
-17 -71 241
-16 -71 241
-15 -71 241
-14 -71 241
-13 -71 241
-12 -71 242
-11 -71 242
-10 -71 242
-9 -71 242
-8 -71 242
-7 -71 242
-6 -71 242
-5 -71 242
-4 -71 242
-3 -71 242
-2 -71 242
-1 -71 242
0 -71 242
1 -71 242
2 -71 242
3 -71 242
4 -71 242
5 -71 242
6 -71 242
7 -71 242
8 -71 242
9 -71 242
10 -71 242
11 -71 242
12 -71 242
13 -71 241
14 -71 241
15 -71 241
16 -71 241
17 -71 241
18 -71 241
19 -71 241
20 -71 241
21 -71 241
22 -71 241
23 -71 241
24 -71 240
25 -71 240
26 -71 240
27 -71 240
28 -71 240
29 -71 240
30 -71 240
31 -71 239
32 -71 239
33 -71 239
34 -71 239
35 -71 239
36 -71 239
37 -71 238
38 -71 238
39 -71 238
40 -71 238
41 -71 238
42 -71 237
43 -71 237
44 -71 237
45 -71 237
46 -71 237
47 -71 236
48 -71 236
49 -71 236
50 -71 236
51 -71 235
52 -71 235
53 -71 235
54 -71 235
55 -71 234
56 -71 234
57 -71 234
58 -71 233
59 -71 233
60 -71 233
61 -71 232
62 -71 232
63 -71 232
64 -71 232
65 -71 231
66 -71 231
67 -71 231
68 -71 230
69 -71 230
70 -71 229
71 -71 229
72 -71 229
73 -71 228
74 -71 228
75 -71 228
76 -71 227
77 -71 227
78 -71 226
79 -71 226
80 -71 226
81 -71 225
82 -71 225
83 -71 224
84 -71 224
85 -71 223
86 -71 223
87 -71 223
88 -71 222
89 -71 222
90 -71 221
91 -71 221
92 -71 220
93 -71 220
94 -71 219
95 -71 219
96 -71 218
97 -71 218
98 -71 217
99 -71 217
100 -71 216
101 -71 216
102 -71 215
103 -71 215
104 -71 214
105 -71 214
106 -71 213
107 -71 213
108 -71 212
109 -71 211
110 -71 211
111 -71 210
112 -71 210
113 -71 209
114 -71 208
115 -71 208
116 -71 207
117 -71 207
118 -71 206
119 -71 205
120 -71 205
121 -71 204
122 -71 204
123 -71 203
124 -71 202
125 -71 202
126 -71 201
127 -71 200
128 -71 200
-128 -70 200
-127 -70 201
-126 -70 201
-125 -70 202
-124 -70 203
-123 -70 203
-122 -70 204
-121 -70 205
-120 -70 205
-119 -70 206
-118 -70 206
-117 -70 207
-116 -70 208
-115 -70 208
-114 -70 209
-113 -70 209
-112 -70 210
-111 -70 211
-110 -70 211
-109 -70 212
-108 -70 212
-107 -70 213
-106 -70 213
-105 -70 214
-104 -70 215
-103 -70 215
-102 -70 216
-101 -70 216
-100 -70 217
-99 -70 217
-98 -70 218
-97 -70 218
-96 -70 219
-95 -70 219
-94 -70 220
-93 -70 220
-92 -70 221
-91 -70 221
-90 -70 222
-89 -70 222
-88 -70 223
-87 -70 223
-86 -70 223
-85 -70 224
-84 -70 224
-83 -70 225
-82 -70 225
-81 -70 226
-80 -70 226
-79 -70 226
-78 -70 227
-77 -70 227
-76 -70 228
-75 -70 228
-74 -70 228
-73 -70 229
-72 -70 229
-71 -70 229
-70 -70 230
-69 -70 230
-68 -70 231
-67 -70 231
-66 -70 231
-65 -70 232
-64 -70 232
-63 -70 232
-62 -70 233
-61 -70 233
-60 -70 233
-59 -70 233
-58 -70 234
-57 -70 234
-56 -70 234
-55 -70 235
-54 -70 235
-53 -70 235
-52 -70 235
-51 -70 236
-50 -70 236
-49 -70 236
-48 -70 236
-47 -70 237
-46 -70 237
-45 -70 237
-44 -70 237
-43 -70 238
-42 -70 238
-41 -70 238
-40 -70 238
-39 -70 238
-38 -70 239
-37 -70 239
-36 -70 239
-35 -70 239
-34 -70 239
-33 -70 240
-32 -70 240
-31 -70 240
-30 -70 240
-29 -70 240
-28 -70 240
-27 -70 240
-26 -70 241
-25 -70 241
-24 -70 241
-23 -70 241
-22 -70 241
-21 -70 241
-20 -70 241
-19 -70 241
-18 -70 241
-17 -70 242
-16 -70 242
-15 -70 242
-14 -70 242
-13 -70 242
-12 -70 242
-11 -70 242
-10 -70 242
-9 -70 242
-8 -70 242
-7 -70 242
-6 -70 242
-5 -70 242
-4 -70 242
-3 -70 242
-2 -70 242
-1 -70 242
0 -70 242
1 -70 242
2 -70 242
3 -70 242
4 -70 242
5 -70 242
6 -70 242
7 -70 242
8 -70 242
9 -70 242
10 -70 242
11 -70 242
12 -70 242
13 -70 242
14 -70 242
15 -70 242
16 -70 242
17 -70 242
18 -70 241
19 -70 241
20 -70 241
21 -70 241
22 -70 241
23 -70 241
24 -70 241
25 -70 241
26 -70 241
27 -70 240
28 -70 240
29 -70 240
30 -70 240
31 -70 240
32 -70 240
33 -70 240
34 -70 239
35 -70 239
36 -70 239
37 -70 239
38 -70 239
39 -70 238
40 -70 238
41 -70 238
42 -70 238
43 -70 238
44 -70 237
45 -70 237
46 -70 237
47 -70 237
48 -70 236
49 -70 236
50 -70 236
51 -70 236
52 -70 235
53 -70 235
54 -70 235
55 -70 235
56 -70 234
57 -70 234
58 -70 234
59 -70 233
60 -70 233
61 -70 233
62 -70 233
63 -70 232
64 -70 232
65 -70 232
66 -70 231
67 -70 231
68 -70 231
69 -70 230
70 -70 230
71 -70 229
72 -70 229
73 -70 229
74 -70 228
75 -70 228
76 -70 228
77 -70 227
78 -70 227
79 -70 226
80 -70 226
81 -70 226
82 -70 225
83 -70 225
84 -70 224
85 -70 224
86 -70 223
87 -70 223
88 -70 223
89 -70 222
90 -70 222
91 -70 221
92 -70 221
93 -70 220
94 -70 220
95 -70 219
96 -70 219
97 -70 218
98 -70 218
99 -70 217
100 -70 217
101 -70 216
102 -70 216
103 -70 215
104 -70 215
105 -70 214
106 -70 213
107 -70 213
108 -70 212
109 -70 212
110 -70 211
111 -70 211
112 -70 210
113 -70 209
114 -70 209
115 -70 208
116 -70 208
117 -70 207
118 -70 206
119 -70 206
120 -70 205
121 -70 205
122 -70 204
123 -70 203
124 -70 203
125 -70 202
126 -70 201
127 -70 201
128 -70 200
-129 -69 200
-128 -69 200
-127 -69 201
-126 -69 202
-125 -69 202
-124 -69 203
-123 -69 204
-122 -69 204
-121 -69 205
-120 -69 206
-119 -69 206
-118 -69 207
-117 -69 207
-116 -69 208
-115 -69 209
-114 -69 209
-113 -69 210
-112 -69 210
-111 -69 211
-110 -69 212
-109 -69 212
-108 -69 213
-107 -69 213
-106 -69 214
-105 -69 214
-104 -69 215
-103 -69 215
-102 -69 216
-101 -69 217
-100 -69 217
-99 -69 218
-98 -69 218
-97 -69 219
-96 -69 219
-95 -69 220
-94 -69 220
-93 -69 221
-92 -69 221
-91 -69 221
-90 -69 222
-89 -69 222
-88 -69 223
-87 -69 223
-86 -69 224
-85 -69 224
-84 -69 225
-83 -69 225
-82 -69 225
-81 -69 226
-80 -69 226
-79 -69 227
-78 -69 227
-77 -69 228
-76 -69 228
-75 -69 228
-74 -69 229
-73 -69 229
-72 -69 229
-71 -69 230
-70 -69 230
-69 -69 231
-68 -69 231
-67 -69 231
-66 -69 232
-65 -69 232
-64 -69 232
-63 -69 233
-62 -69 233
-61 -69 233
-60 -69 233
-59 -69 234
-58 -69 234
-57 -69 234
-56 -69 235
-55 -69 235
-54 -69 235
-53 -69 236
-52 -69 236
-51 -69 236
-50 -69 236
-49 -69 237
-48 -69 237
-47 -69 237
-46 -69 237
-45 -69 237
-44 -69 238
-43 -69 238
-42 -69 238
-41 -69 238
-40 -69 239
-39 -69 239
-38 -69 239
-37 -69 239
-36 -69 239
-35 -69 240
-34 -69 240
-33 -69 240
-32 -69 240
-31 -69 240
-30 -69 240
-29 -69 240
-28 -69 241
-27 -69 241
-26 -69 241
-25 -69 241
-24 -69 241
-23 -69 241
-22 -69 241
-21 -69 242
-20 -69 242
-19 -69 242
-18 -69 242
-17 -69 242
-16 -69 242
-15 -69 242
-14 -69 242
-13 -69 242
-12 -69 242
-11 -69 242
-10 -69 242
-9 -69 242
-8 -69 242
-7 -69 242
-6 -69 243
-5 -69 243
-4 -69 243
-3 -69 243
-2 -69 243
-1 -69 243
0 -69 243
1 -69 243
2 -69 243
3 -69 243
4 -69 243
5 -69 243
6 -69 243
7 -69 242
8 -69 242
9 -69 242
10 -69 242
11 -69 242
12 -69 242
13 -69 242
14 -69 242
15 -69 242
16 -69 242
17 -69 242
18 -69 242
19 -69 242
20 -69 242
21 -69 242
22 -69 241
23 -69 241
24 -69 241
25 -69 241
26 -69 241
27 -69 241
28 -69 241
29 -69 240
30 -69 240
31 -69 240
32 -69 240
33 -69 240
34 -69 240
35 -69 240
36 -69 239
37 -69 239
38 -69 239
39 -69 239
40 -69 239
41 -69 238
42 -69 238
43 -69 238
44 -69 238
45 -69 237
46 -69 237
47 -69 237
48 -69 237
49 -69 237
50 -69 236
51 -69 236
52 -69 236
53 -69 236
54 -69 235
55 -69 235
56 -69 235
57 -69 234
58 -69 234
59 -69 234
60 -69 233
61 -69 233
62 -69 233
63 -69 233
64 -69 232
65 -69 232
66 -69 232
67 -69 231
68 -69 231
69 -69 231
70 -69 230
71 -69 230
72 -69 229
73 -69 229
74 -69 229
75 -69 228
76 -69 228
77 -69 228
78 -69 227
79 -69 227
80 -69 226
81 -69 226
82 -69 225
83 -69 225
84 -69 225
85 -69 224
86 -69 224
87 -69 223
88 -69 223
89 -69 222
90 -69 222
91 -69 221
92 -69 221
93 -69 221
94 -69 220
95 -69 220
96 -69 219
97 -69 219
98 -69 218
99 -69 218
100 -69 217
101 -69 217
102 -69 216
103 -69 215
104 -69 215
105 -69 214
106 -69 214
107 -69 213
108 -69 213
109 -69 212
110 -69 212
111 -69 211
112 -69 210
113 -69 210
114 -69 209
115 -69 209
116 -69 208
117 -69 207
118 -69 207
119 -69 206
120 -69 206
121 -69 205
122 -69 204
123 -69 204
124 -69 203
125 -69 202
126 -69 202
127 -69 201
128 -69 200
129 -69 200
-129 -68 200
-128 -68 201
-127 -68 201
-126 -68 202
-125 -68 203
-124 -68 203
-123 -68 204
-122 -68 205
-121 -68 205
-120 -68 206
-119 -68 207
-118 -68 207
-117 -68 208
-116 -68 208
-115 -68 209
-114 -68 210
-113 -68 210
-112 -68 211
-111 -68 211
-110 -68 212
-109 -68 212
-108 -68 213
-107 -68 214
-106 -68 214
-105 -68 215
-104 -68 215
-103 -68 216
-102 -68 216
-101 -68 217
-100 -68 217
-99 -68 218
-98 -68 218
-97 -68 219
-96 -68 219
-95 -68 220
-94 -68 220
-93 -68 221
-92 -68 221
-91 -68 222
-90 -68 222
-89 -68 223
-88 -68 223
-87 -68 224
-86 -68 224
-85 -68 225
-84 -68 225
-83 -68 225
-82 -68 226
-81 -68 226
-80 -68 227
-79 -68 227
-78 -68 227
-77 -68 228
-76 -68 228
-75 -68 229
-74 -68 229
-73 -68 229
-72 -68 230
-71 -68 230
-70 -68 231
-69 -68 231
-68 -68 231
-67 -68 232
-66 -68 232
-65 -68 232
-64 -68 233
-63 -68 233
-62 -68 233
-61 -68 234
-60 -68 234
-59 -68 234
-58 -68 234
-57 -68 235
-56 -68 235
-55 -68 235
-54 -68 236
-53 -68 236
-52 -68 236
-51 -68 236
-50 -68 237
-49 -68 237
-48 -68 237
-47 -68 237
-46 -68 238
-45 -68 238
-44 -68 238
-43 -68 238
-42 -68 239
-41 -68 239
-40 -68 239
-39 -68 239
-38 -68 239
-37 -68 240
-36 -68 240
-35 -68 240
-34 -68 240
-33 -68 240
-32 -68 240
-31 -68 241
-30 -68 241
-29 -68 241
-28 -68 241
-27 -68 241
-26 -68 241
-25 -68 241
-24 -68 242
-23 -68 242
-22 -68 242
-21 -68 242
-20 -68 242
-19 -68 242
-18 -68 242
-17 -68 242
-16 -68 242
-15 -68 242
-14 -68 242
-13 -68 243
-12 -68 243
-11 -68 243
-10 -68 243
-9 -68 243
-8 -68 243
-7 -68 243
-6 -68 243
-5 -68 243
-4 -68 243
-3 -68 243
-2 -68 243
-1 -68 243
0 -68 243
1 -68 243
2 -68 243
3 -68 243
4 -68 243
5 -68 243
6 -68 243
7 -68 243
8 -68 243
9 -68 243
10 -68 243
11 -68 243
12 -68 243
13 -68 243
14 -68 242
15 -68 242
16 -68 242
17 -68 242
18 -68 242
19 -68 242
20 -68 242
21 -68 242
22 -68 242
23 -68 242
24 -68 242
25 -68 241
26 -68 241
27 -68 241
28 -68 241
29 -68 241
30 -68 241
31 -68 241
32 -68 240
33 -68 240
34 -68 240
35 -68 240
36 -68 240
37 -68 240
38 -68 239
39 -68 239
40 -68 239
41 -68 239
42 -68 239
43 -68 238
44 -68 238
45 -68 238
46 -68 238
47 -68 237
48 -68 237
49 -68 237
50 -68 237
51 -68 236
52 -68 236
53 -68 236
54 -68 236
55 -68 235
56 -68 235
57 -68 235
58 -68 234
59 -68 234
60 -68 234
61 -68 234
62 -68 233
63 -68 233
64 -68 233
65 -68 232
66 -68 232
67 -68 232
68 -68 231
69 -68 231
70 -68 231
71 -68 230
72 -68 230
73 -68 229
74 -68 229
75 -68 229
76 -68 228
77 -68 228
78 -68 227
79 -68 227
80 -68 227
81 -68 226
82 -68 226
83 -68 225
84 -68 225
85 -68 225
86 -68 224
87 -68 224
88 -68 223
89 -68 223
90 -68 222
91 -68 222
92 -68 221
93 -68 221
94 -68 220
95 -68 220
96 -68 219
97 -68 219
98 -68 218
99 -68 218
100 -68 217
101 -68 217
102 -68 216
103 -68 216
104 -68 215
105 -68 215
106 -68 214
107 -68 214
108 -68 213
109 -68 212
110 -68 212
111 -68 211
112 -68 211
113 -68 210
114 -68 210
115 -68 209
116 -68 208
117 -68 208
118 -68 207
119 -68 207
120 -68 206
121 -68 205
122 -68 205
123 -68 204
124 -68 203
125 -68 203
126 -68 202
127 -68 201
128 -68 201
129 -68 200
-130 -67 200
-129 -67 200
-128 -67 201
-127 -67 202
-126 -67 202
-125 -67 203
-124 -67 204
-123 -67 204
-122 -67 205
-121 -67 206
-120 -67 206
-119 -67 207
-118 -67 208
-117 -67 208
-116 -67 209
-115 -67 209
-114 -67 210
-113 -67 211
-112 -67 211
-111 -67 212
-110 -67 212
-109 -67 213
-108 -67 213
-107 -67 214
-106 -67 215
-105 -67 215
-104 -67 216
-103 -67 216
-102 -67 217
-101 -67 217
-100 -67 218
-99 -67 218
-98 -67 219
-97 -67 219
-96 -67 220
-95 -67 220
-94 -67 221
-93 -67 221
-92 -67 222
-91 -67 222
-90 -67 223
-89 -67 223
-88 -67 224
-87 -67 224
-86 -67 224
-85 -67 225
-84 -67 225
-83 -67 226
-82 -67 226
-81 -67 227
-80 -67 227
-79 -67 227
-78 -67 228
-77 -67 228
-76 -67 229
-75 -67 229
-74 -67 229
-73 -67 230
-72 -67 230
-71 -67 231
-70 -67 231
-69 -67 231
-68 -67 232
-67 -67 232
-66 -67 232
-65 -67 233
-64 -67 233
-63 -67 233
-62 -67 234
-61 -67 234
-60 -67 234
-59 -67 234
-58 -67 235
-57 -67 235
-56 -67 235
-55 -67 236
-54 -67 236
-53 -67 236
-52 -67 236
-51 -67 237
-50 -67 237
-49 -67 237
-48 -67 237
-47 -67 238
-46 -67 238
-45 -67 238
-44 -67 238
-43 -67 239
-42 -67 239
-41 -67 239
-40 -67 239
-39 -67 239
-38 -67 240
-37 -67 240
-36 -67 240
-35 -67 240
-34 -67 240
-33 -67 241
-32 -67 241
-31 -67 241
-30 -67 241
-29 -67 241
-28 -67 241
-27 -67 241
-26 -67 242
-25 -67 242
-24 -67 242
-23 -67 242
-22 -67 242
-21 -67 242
-20 -67 242
-19 -67 242
-18 -67 242
-17 -67 243
-16 -67 243
-15 -67 243
-14 -67 243
-13 -67 243
-12 -67 243
-11 -67 243
-10 -67 243
-9 -67 243
-8 -67 243
-7 -67 243
-6 -67 243
-5 -67 243
-4 -67 243
-3 -67 243
-2 -67 243
-1 -67 243
0 -67 243
1 -67 243
2 -67 243
3 -67 243
4 -67 243
5 -67 243
6 -67 243
7 -67 243
8 -67 243
9 -67 243
10 -67 243
11 -67 243
12 -67 243
13 -67 243
14 -67 243
15 -67 243
16 -67 243
17 -67 243
18 -67 242
19 -67 242
20 -67 242
21 -67 242
22 -67 242
23 -67 242
24 -67 242
25 -67 242
26 -67 242
27 -67 241
28 -67 241
29 -67 241
30 -67 241
31 -67 241
32 -67 241
33 -67 241
34 -67 240
35 -67 240
36 -67 240
37 -67 240
38 -67 240
39 -67 239
40 -67 239
41 -67 239
42 -67 239
43 -67 239
44 -67 238
45 -67 238
46 -67 238
47 -67 238
48 -67 237
49 -67 237
50 -67 237
51 -67 237
52 -67 236
53 -67 236
54 -67 236
55 -67 236
56 -67 235
57 -67 235
58 -67 235
59 -67 234
60 -67 234
61 -67 234
62 -67 234
63 -67 233
64 -67 233
65 -67 233
66 -67 232
67 -67 232
68 -67 232
69 -67 231
70 -67 231
71 -67 231
72 -67 230
73 -67 230
74 -67 229
75 -67 229
76 -67 229
77 -67 228
78 -67 228
79 -67 227
80 -67 227
81 -67 227
82 -67 226
83 -67 226
84 -67 225
85 -67 225
86 -67 224
87 -67 224
88 -67 224
89 -67 223
90 -67 223
91 -67 222
92 -67 222
93 -67 221
94 -67 221
95 -67 220
96 -67 220
97 -67 219
98 -67 219
99 -67 218
100 -67 218
101 -67 217
102 -67 217
103 -67 216
104 -67 216
105 -67 215
106 -67 215
107 -67 214
108 -67 213
109 -67 213
110 -67 212
111 -67 212
112 -67 211
113 -67 211
114 -67 210
115 -67 209
116 -67 209
117 -67 208
118 -67 208
119 -67 207
120 -67 206
121 -67 206
122 -67 205
123 -67 204
124 -67 204
125 -67 203
126 -67 202
127 -67 202
128 -67 201
129 -67 200
130 -67 200
-130 -66 200
-129 -66 201
-128 -66 201
-127 -66 202
-126 -66 203
-125 -66 203
-124 -66 204
-123 -66 205
-122 -66 205
-121 -66 206
-120 -66 207
-119 -66 207
-118 -66 208
-117 -66 208
-116 -66 209
-115 -66 210
-114 -66 210
-113 -66 211
-112 -66 211
-111 -66 212
-110 -66 213
-109 -66 213
-108 -66 214
-107 -66 214
-106 -66 215
-105 -66 215
-104 -66 216
-103 -66 217
-102 -66 217
-101 -66 218
-100 -66 218
-99 -66 219
-98 -66 219
-97 -66 220
-96 -66 220
-95 -66 221
-94 -66 221
-93 -66 222
-92 -66 222
-91 -66 223
-90 -66 223
-89 -66 223
-88 -66 224
-87 -66 224
-86 -66 225
-85 -66 225
-84 -66 226
-83 -66 226
-82 -66 227
-81 -66 227
-80 -66 227
-79 -66 228
-78 -66 228
-77 -66 229
-76 -66 229
-75 -66 229
-74 -66 230
-73 -66 230
-72 -66 230
-71 -66 231
-70 -66 231
-69 -66 232
-68 -66 232
-67 -66 232
-66 -66 233
-65 -66 233
-64 -66 233
-63 -66 234
-62 -66 234
-61 -66 234
-60 -66 235
-59 -66 235
-58 -66 235
-57 -66 235
-56 -66 236
-55 -66 236
-54 -66 236
-53 -66 237
-52 -66 237
-51 -66 237
-50 -66 237
-49 -66 238
-48 -66 238
-47 -66 238
-46 -66 238
-45 -66 239
-44 -66 239
-43 -66 239
-42 -66 239
-41 -66 239
-40 -66 240
-39 -66 240
-38 -66 240
-37 -66 240
-36 -66 240
-35 -66 241
-34 -66 241
-33 -66 241
-32 -66 241
-31 -66 241
-30 -66 241
-29 -66 242
-28 -66 242
-27 -66 242
-26 -66 242
-25 -66 242
-24 -66 242
-23 -66 242
-22 -66 242
-21 -66 243
-20 -66 243
-19 -66 243
-18 -66 243
-17 -66 243
-16 -66 243
-15 -66 243
-14 -66 243
-13 -66 243
-12 -66 243
-11 -66 243
-10 -66 243
-9 -66 243
-8 -66 243
-7 -66 244
-6 -66 244
-5 -66 244
-4 -66 244
-3 -66 244
-2 -66 244
-1 -66 244
0 -66 244
1 -66 244
2 -66 244
3 -66 244
4 -66 244
5 -66 244
6 -66 244
7 -66 244
8 -66 243
9 -66 243
10 -66 243
11 -66 243
12 -66 243
13 -66 243
14 -66 243
15 -66 243
16 -66 243
17 -66 243
18 -66 243
19 -66 243
20 -66 243
21 -66 243
22 -66 242
23 -66 242
24 -66 242
25 -66 242
26 -66 242
27 -66 242
28 -66 242
29 -66 242
30 -66 241
31 -66 241
32 -66 241
33 -66 241
34 -66 241
35 -66 241
36 -66 240
37 -66 240
38 -66 240
39 -66 240
40 -66 240
41 -66 239
42 -66 239
43 -66 239
44 -66 239
45 -66 239
46 -66 238
47 -66 238
48 -66 238
49 -66 238
50 -66 237
51 -66 237
52 -66 237
53 -66 237
54 -66 236
55 -66 236
56 -66 236
57 -66 235
58 -66 235
59 -66 235
60 -66 235
61 -66 234
62 -66 234
63 -66 234
64 -66 233
65 -66 233
66 -66 233
67 -66 232
68 -66 232
69 -66 232
70 -66 231
71 -66 231
72 -66 230
73 -66 230
74 -66 230
75 -66 229
76 -66 229
77 -66 229
78 -66 228
79 -66 228
80 -66 227
81 -66 227
82 -66 227
83 -66 226
84 -66 226
85 -66 225
86 -66 225
87 -66 224
88 -66 224
89 -66 223
90 -66 223
91 -66 223
92 -66 222
93 -66 222
94 -66 221
95 -66 221
96 -66 220
97 -66 220
98 -66 219
99 -66 219
100 -66 218
101 -66 218
102 -66 217
103 -66 217
104 -66 216
105 -66 215
106 -66 215
107 -66 214
108 -66 214
109 -66 213
110 -66 213
111 -66 212
112 -66 211
113 -66 211
114 -66 210
115 -66 210
116 -66 209
117 -66 208
118 -66 208
119 -66 207
120 -66 207
121 -66 206
122 -66 205
123 -66 205
124 -66 204
125 -66 203
126 -66 203
127 -66 202
128 -66 201
129 -66 201
130 -66 200
-131 -65 200
-130 -65 200
-129 -65 201
-128 -65 202
-127 -65 202
-126 -65 203
-125 -65 204
-124 -65 204
-123 -65 205
-122 -65 206
-121 -65 206
-120 -65 207
-119 -65 208
-118 -65 208
-117 -65 209
-116 -65 209
-115 -65 210
-114 -65 211
-113 -65 211
-112 -65 212
-111 -65 212
-110 -65 213
-109 -65 214
-108 -65 214
-107 -65 215
-106 -65 215
-105 -65 216
-104 -65 216
-103 -65 217
-102 -65 217
-101 -65 218
-100 -65 218
-99 -65 219
-98 -65 219
-97 -65 220
-96 -65 220
-95 -65 221
-94 -65 221
-93 -65 222
-92 -65 222
-91 -65 223
-90 -65 223
-89 -65 224
-88 -65 224
-87 -65 225
-86 -65 225
-85 -65 226
-84 -65 226
-83 -65 226
-82 -65 227
-81 -65 227
-80 -65 228
-79 -65 228
-78 -65 229
-77 -65 229
-76 -65 229
-75 -65 230
-74 -65 230
-73 -65 230
-72 -65 231
-71 -65 231
-70 -65 232
-69 -65 232
-68 -65 232
-67 -65 233
-66 -65 233
-65 -65 233
-64 -65 234
-63 -65 234
-62 -65 234
-61 -65 235
-60 -65 235
-59 -65 235
-58 -65 235
-57 -65 236
-56 -65 236
-55 -65 236
-54 -65 237
-53 -65 237
-52 -65 237
-51 -65 237
-50 -65 238
-49 -65 238
-48 -65 238
-47 -65 238
-46 -65 239
-45 -65 239
-44 -65 239
-43 -65 239
-42 -65 240
-41 -65 240
-40 -65 240
-39 -65 240
-38 -65 240
-37 -65 241
-36 -65 241
-35 -65 241
-34 -65 241
-33 -65 241
-32 -65 241
-31 -65 242
-30 -65 242
-29 -65 242
-28 -65 242
-27 -65 242
-26 -65 242
-25 -65 242
-24 -65 243
-23 -65 243
-22 -65 243
-21 -65 243
-20 -65 243
-19 -65 243
-18 -65 243
-17 -65 243
-16 -65 243
-15 -65 243
-14 -65 243
-13 -65 244
-12 -65 244
-11 -65 244
-10 -65 244
-9 -65 244
-8 -65 244
-7 -65 244
-6 -65 244
-5 -65 244
-4 -65 244
-3 -65 244
-2 -65 244
-1 -65 244
0 -65 244
1 -65 244
2 -65 244
3 -65 244
4 -65 244
5 -65 244
6 -65 244
7 -65 244
8 -65 244
9 -65 244
10 -65 244
11 -65 244
12 -65 244
13 -65 244
14 -65 243
15 -65 243
16 -65 243
17 -65 243
18 -65 243
19 -65 243
20 -65 243
21 -65 243
22 -65 243
23 -65 243
24 -65 243
25 -65 242
26 -65 242
27 -65 242
28 -65 242
29 -65 242
30 -65 242
31 -65 242
32 -65 241
33 -65 241
34 -65 241
35 -65 241
36 -65 241
37 -65 241
38 -65 240
39 -65 240
40 -65 240
41 -65 240
42 -65 240
43 -65 239
44 -65 239
45 -65 239
46 -65 239
47 -65 238
48 -65 238
49 -65 238
50 -65 238
51 -65 237
52 -65 237
53 -65 237
54 -65 237
55 -65 236
56 -65 236
57 -65 236
58 -65 235
59 -65 235
60 -65 235
61 -65 235
62 -65 234
63 -65 234
64 -65 234
65 -65 233
66 -65 233
67 -65 233
68 -65 232
69 -65 232
70 -65 232
71 -65 231
72 -65 231
73 -65 230
74 -65 230
75 -65 230
76 -65 229
77 -65 229
78 -65 229
79 -65 228
80 -65 228
81 -65 227
82 -65 227
83 -65 226
84 -65 226
85 -65 226
86 -65 225
87 -65 225
88 -65 224
89 -65 224
90 -65 223
91 -65 223
92 -65 222
93 -65 222
94 -65 221
95 -65 221
96 -65 220
97 -65 220
98 -65 219
99 -65 219
100 -65 218
101 -65 218
102 -65 217
103 -65 217
104 -65 216
105 -65 216
106 -65 215
107 -65 215
108 -65 214
109 -65 214
110 -65 213
111 -65 212
112 -65 212
113 -65 211
114 -65 211
115 -65 210
116 -65 209
117 -65 209
118 -65 208
119 -65 208
120 -65 207
121 -65 206
122 -65 206
123 -65 205
124 -65 204
125 -65 204
126 -65 203
127 -65 202
128 -65 202
129 -65 201
130 -65 200
131 -65 200
-131 -64 200
-130 -64 201
-129 -64 201
-128 -64 202
-127 -64 203
-126 -64 203
-125 -64 204
-124 -64 205
-123 -64 205
-122 -64 206
-121 -64 207
-120 -64 207
-119 -64 208
-118 -64 209
-117 -64 209
-116 -64 210
-115 -64 210
-114 -64 211
-113 -64 212
-112 -64 212
-111 -64 213
-110 -64 213
-109 -64 214
-108 -64 214
-107 -64 215
-106 -64 216
-105 -64 216
-104 -64 217
-103 -64 217
-102 -64 218
-101 -64 218
-100 -64 219
-99 -64 219
-98 -64 220
-97 -64 220
-96 -64 221
-95 -64 221
-94 -64 222
-93 -64 222
-92 -64 223
-91 -64 223
-90 -64 224
-89 -64 224
-88 -64 225
-87 -64 225
-86 -64 225
-85 -64 226
-84 -64 226
-83 -64 227
-82 -64 227
-81 -64 228
-80 -64 228
-79 -64 228
-78 -64 229
-77 -64 229
-76 -64 230
-75 -64 230
-74 -64 230
-73 -64 231
-72 -64 231
-71 -64 232
-70 -64 232
-69 -64 232
-68 -64 233
-67 -64 233
-66 -64 233
-65 -64 234
-64 -64 234
-63 -64 234
-62 -64 235
-61 -64 235
-60 -64 235
-59 -64 235
-58 -64 236
-57 -64 236
-56 -64 236
-55 -64 237
-54 -64 237
-53 -64 237
-52 -64 237
-51 -64 238
-50 -64 238
-49 -64 238
-48 -64 238
-47 -64 239
-46 -64 239
-45 -64 239
-44 -64 239
-43 -64 240
-42 -64 240
-41 -64 240
-40 -64 240
-39 -64 240
-38 -64 241
-37 -64 241
-36 -64 241
-35 -64 241
-34 -64 241
-33 -64 242
-32 -64 242
-31 -64 242
-30 -64 242
-29 -64 242
-28 -64 242
-27 -64 242
-26 -64 243
-25 -64 243
-24 -64 243
-23 -64 243
-22 -64 243
-21 -64 243
-20 -64 243
-19 -64 243
-18 -64 243
-17 -64 244
-16 -64 244
-15 -64 244
-14 -64 244
-13 -64 244
-12 -64 244
-11 -64 244
-10 -64 244
-9 -64 244
-8 -64 244
-7 -64 244
-6 -64 244
-5 -64 244
-4 -64 244
-3 -64 244
-2 -64 244
-1 -64 244
0 -64 244
1 -64 244
2 -64 244
3 -64 244
4 -64 244
5 -64 244
6 -64 244
7 -64 244
8 -64 244
9 -64 244
10 -64 244
11 -64 244
12 -64 244
13 -64 244
14 -64 244
15 -64 244
16 -64 244
17 -64 244
18 -64 243
19 -64 243
20 -64 243
21 -64 243
22 -64 243
23 -64 243
24 -64 243
25 -64 243
26 -64 243
27 -64 242
28 -64 242
29 -64 242
30 -64 242
31 -64 242
32 -64 242
33 -64 242
34 -64 241
35 -64 241
36 -64 241
37 -64 241
38 -64 241
39 -64 240
40 -64 240
41 -64 240
42 -64 240
43 -64 240
44 -64 239
45 -64 239
46 -64 239
47 -64 239
48 -64 238
49 -64 238
50 -64 238
51 -64 238
52 -64 237
53 -64 237
54 -64 237
55 -64 237
56 -64 236
57 -64 236
58 -64 236
59 -64 235
60 -64 235
61 -64 235
62 -64 235
63 -64 234
64 -64 234
65 -64 234
66 -64 233
67 -64 233
68 -64 233
69 -64 232
70 -64 232
71 -64 232
72 -64 231
73 -64 231
74 -64 230
75 -64 230
76 -64 230
77 -64 229
78 -64 229
79 -64 228
80 -64 228
81 -64 228
82 -64 227
83 -64 227
84 -64 226
85 -64 226
86 -64 225
87 -64 225
88 -64 225
89 -64 224
90 -64 224
91 -64 223
92 -64 223
93 -64 222
94 -64 222
95 -64 221
96 -64 221
97 -64 220
98 -64 220
99 -64 219
100 -64 219
101 -64 218
102 -64 218
103 -64 217
104 -64 217
105 -64 216
106 -64 216
107 -64 215
108 -64 214
109 -64 214
110 -64 213
111 -64 213
112 -64 212
113 -64 212
114 -64 211
115 -64 210
116 -64 210
117 -64 209
118 -64 209
119 -64 208
120 -64 207
121 -64 207
122 -64 206
123 -64 205
124 -64 205
125 -64 204
126 -64 203
127 -64 203
128 -64 202
129 -64 201
130 -64 201
131 -64 200
-132 -63 200
-131 -63 200
-130 -63 201
-129 -63 202
-128 -63 202
-127 -63 203
-126 -63 204
-125 -63 204
-124 -63 205
-123 -63 206
-122 -63 206
-121 -63 207
-120 -63 208
-119 -63 208
-118 -63 209
-117 -63 209
-116 -63 210
-115 -63 211
-114 -63 211
-113 -63 212
-112 -63 212
-111 -63 213
-110 -63 214
-109 -63 214
-108 -63 215
-107 -63 215
-106 -63 216
-105 -63 216
-104 -63 217
-103 -63 218
-102 -63 218
-101 -63 219
-100 -63 219
-99 -63 220
-98 -63 220
-97 -63 221
-96 -63 221
-95 -63 222
-94 -63 222
-93 -63 223
-92 -63 223
-91 -63 224
-90 -63 224
-89 -63 224
-88 -63 225
-87 -63 225
-86 -63 226
-85 -63 226
-84 -63 227
-83 -63 227
-82 -63 228
-81 -63 228
-80 -63 228
-79 -63 229
-78 -63 229
-77 -63 230
-76 -63 230
-75 -63 230
-74 -63 231
-73 -63 231
-72 -63 231
-71 -63 232
-70 -63 232
-69 -63 233
-68 -63 233
-67 -63 233
-66 -63 234
-65 -63 234
-64 -63 234
-63 -63 235
-62 -63 235
-61 -63 235
-60 -63 236
-59 -63 236
-58 -63 236
-57 -63 236
-56 -63 237
-55 -63 237
-54 -63 237
-53 -63 238
-52 -63 238
-51 -63 238
-50 -63 238
-49 -63 239
-48 -63 239
-47 -63 239
-46 -63 239
-45 -63 239
-44 -63 240
-43 -63 240
-42 -63 240
-41 -63 240
-40 -63 241
-39 -63 241
-38 -63 241
-37 -63 241
-36 -63 241
-35 -63 242
-34 -63 242
-33 -63 242
-32 -63 242
-31 -63 242
-30 -63 242
-29 -63 242
-28 -63 243
-27 -63 243
-26 -63 243
-25 -63 243
-24 -63 243
-23 -63 243
-22 -63 243
-21 -63 243
-20 -63 244
-19 -63 244
-18 -63 244
-17 -63 244
-16 -63 244
-15 -63 244
-14 -63 244
-13 -63 244
-12 -63 244
-11 -63 244
-10 -63 244
-9 -63 244
-8 -63 244
-7 -63 244
-6 -63 245
-5 -63 245
-4 -63 245
-3 -63 245
-2 -63 245
-1 -63 245
0 -63 245
1 -63 245
2 -63 245
3 -63 245
4 -63 245
5 -63 245
6 -63 245
7 -63 244
8 -63 244
9 -63 244
10 -63 244
11 -63 244
12 -63 244
13 -63 244
14 -63 244
15 -63 244
16 -63 244
17 -63 244
18 -63 244
19 -63 244
20 -63 244
21 -63 243
22 -63 243
23 -63 243
24 -63 243
25 -63 243
26 -63 243
27 -63 243
28 -63 243
29 -63 242
30 -63 242
31 -63 242
32 -63 242
33 -63 242
34 -63 242
35 -63 242
36 -63 241
37 -63 241
38 -63 241
39 -63 241
40 -63 241
41 -63 240
42 -63 240
43 -63 240
44 -63 240
45 -63 239
46 -63 239
47 -63 239
48 -63 239
49 -63 239
50 -63 238
51 -63 238
52 -63 238
53 -63 238
54 -63 237
55 -63 237
56 -63 237
57 -63 236
58 -63 236
59 -63 236
60 -63 236
61 -63 235
62 -63 235
63 -63 235
64 -63 234
65 -63 234
66 -63 234
67 -63 233
68 -63 233
69 -63 233
70 -63 232
71 -63 232
72 -63 231
73 -63 231
74 -63 231
75 -63 230
76 -63 230
77 -63 230
78 -63 229
79 -63 229
80 -63 228
81 -63 228
82 -63 228
83 -63 227
84 -63 227
85 -63 226
86 -63 226
87 -63 225
88 -63 225
89 -63 224
90 -63 224
91 -63 224
92 -63 223
93 -63 223
94 -63 222
95 -63 222
96 -63 221
97 -63 221
98 -63 220
99 -63 220
100 -63 219
101 -63 219
102 -63 218
103 -63 218
104 -63 217
105 -63 216
106 -63 216
107 -63 215
108 -63 215
109 -63 214
110 -63 214
111 -63 213
112 -63 212
113 -63 212
114 -63 211
115 -63 211
116 -63 210
117 -63 209
118 -63 209
119 -63 208
120 -63 208
121 -63 207
122 -63 206
123 -63 206
124 -63 205
125 -63 204
126 -63 204
127 -63 203
128 -63 202
129 -63 202
130 -63 201
131 -63 200
132 -63 200
-132 -62 200
-131 -62 201
-130 -62 201
-129 -62 202
-128 -62 203
-127 -62 203
-126 -62 204
-125 -62 205
-124 -62 205
-123 -62 206
-122 -62 207
-121 -62 207
-120 -62 208
-119 -62 209
-118 -62 209
-117 -62 210
-116 -62 210
-115 -62 211
-114 -62 212
-113 -62 212
-112 -62 213
-111 -62 213
-110 -62 214
-109 -62 215
-108 -62 215
-107 -62 216
-106 -62 216
-105 -62 217
-104 -62 217
-103 -62 218
-102 -62 218
-101 -62 219
-100 -62 219
-99 -62 220
-98 -62 220
-97 -62 221
-96 -62 221
-95 -62 222
-94 -62 222
-93 -62 223
-92 -62 223
-91 -62 224
-90 -62 224
-89 -62 225
-88 -62 225
-87 -62 226
-86 -62 226
-85 -62 227
-84 -62 227
-83 -62 227
-82 -62 228
-81 -62 228
-80 -62 229
-79 -62 229
-78 -62 229
-77 -62 230
-76 -62 230
-75 -62 231
-74 -62 231
-73 -62 231
-72 -62 232
-71 -62 232
-70 -62 233
-69 -62 233
-68 -62 233
-67 -62 234
-66 -62 234
-65 -62 234
-64 -62 235
-63 -62 235
-62 -62 235
-61 -62 236
-60 -62 236
-59 -62 236
-58 -62 236
-57 -62 237
-56 -62 237
-55 -62 237
-54 -62 238
-53 -62 238
-52 -62 238
-51 -62 238
-50 -62 239
-49 -62 239
-48 -62 239
-47 -62 239
-46 -62 240
-45 -62 240
-44 -62 240
-43 -62 240
-42 -62 240
-41 -62 241
-40 -62 241
-39 -62 241
-38 -62 241
-37 -62 241
-36 -62 242
-35 -62 242
-34 -62 242
-33 -62 242
-32 -62 242
-31 -62 242
-30 -62 243
-29 -62 243
-28 -62 243
-27 -62 243
-26 -62 243
-25 -62 243
-24 -62 243
-23 -62 244
-22 -62 244
-21 -62 244
-20 -62 244
-19 -62 244
-18 -62 244
-17 -62 244
-16 -62 244
-15 -62 244
-14 -62 244
-13 -62 244
-12 -62 245
-11 -62 245
-10 -62 245
-9 -62 245
-8 -62 245
-7 -62 245
-6 -62 245
-5 -62 245
-4 -62 245
-3 -62 245
-2 -62 245
-1 -62 245
0 -62 245
1 -62 245
2 -62 245
3 -62 245
4 -62 245
5 -62 245
6 -62 245
7 -62 245
8 -62 245
9 -62 245
10 -62 245
11 -62 245
12 -62 245
13 -62 244
14 -62 244
15 -62 244
16 -62 244
17 -62 244
18 -62 244
19 -62 244
20 -62 244
21 -62 244
22 -62 244
23 -62 244
24 -62 243
25 -62 243
26 -62 243
27 -62 243
28 -62 243
29 -62 243
30 -62 243
31 -62 242
32 -62 242
33 -62 242
34 -62 242
35 -62 242
36 -62 242
37 -62 241
38 -62 241
39 -62 241
40 -62 241
41 -62 241
42 -62 240
43 -62 240
44 -62 240
45 -62 240
46 -62 240
47 -62 239
48 -62 239
49 -62 239
50 -62 239
51 -62 238
52 -62 238
53 -62 238
54 -62 238
55 -62 237
56 -62 237
57 -62 237
58 -62 236
59 -62 236
60 -62 236
61 -62 236
62 -62 235
63 -62 235
64 -62 235
65 -62 234
66 -62 234
67 -62 234
68 -62 233
69 -62 233
70 -62 233
71 -62 232
72 -62 232
73 -62 231
74 -62 231
75 -62 231
76 -62 230
77 -62 230
78 -62 229
79 -62 229
80 -62 229
81 -62 228
82 -62 228
83 -62 227
84 -62 227
85 -62 227
86 -62 226
87 -62 226
88 -62 225
89 -62 225
90 -62 224
91 -62 224
92 -62 223
93 -62 223
94 -62 222
95 -62 222
96 -62 221
97 -62 221
98 -62 220
99 -62 220
100 -62 219
101 -62 219
102 -62 218
103 -62 218
104 -62 217
105 -62 217
106 -62 216
107 -62 216
108 -62 215
109 -62 215
110 -62 214
111 -62 213
112 -62 213
113 -62 212
114 -62 212
115 -62 211
116 -62 210
117 -62 210
118 -62 209
119 -62 209
120 -62 208
121 -62 207
122 -62 207
123 -62 206
124 -62 205
125 -62 205
126 -62 204
127 -62 203
128 -62 203
129 -62 202
130 -62 201
131 -62 201
132 -62 200
-133 -61 200
-132 -61 200
-131 -61 201
-130 -61 202
-129 -61 202
-128 -61 203
-127 -61 204
-126 -61 204
-125 -61 205
-124 -61 206
-123 -61 206
-122 -61 207
-121 -61 208
-120 -61 208
-119 -61 209
-118 -61 210
-117 -61 210
-116 -61 211
-115 -61 211
-114 -61 212
-113 -61 213
-112 -61 213
-111 -61 214
-110 -61 214
-109 -61 215
-108 -61 215
-107 -61 216
-106 -61 217
-105 -61 217
-104 -61 218
-103 -61 218
-102 -61 219
-101 -61 219
-100 -61 220
-99 -61 220
-98 -61 221
-97 -61 221
-96 -61 222
-95 -61 222
-94 -61 223
-93 -61 223
-92 -61 224
-91 -61 224
-90 -61 225
-89 -61 225
-88 -61 226
-87 -61 226
-86 -61 226
-85 -61 227
-84 -61 227
-83 -61 228
-82 -61 228
-81 -61 229
-80 -61 229
-79 -61 229
-78 -61 230
-77 -61 230
-76 -61 231
-75 -61 231
-74 -61 231
-73 -61 232
-72 -61 232
-71 -61 232
-70 -61 233
-69 -61 233
-68 -61 234
-67 -61 234
-66 -61 234
-65 -61 235
-64 -61 235
-63 -61 235
-62 -61 236
-61 -61 236
-60 -61 236
-59 -61 236
-58 -61 237
-57 -61 237
-56 -61 237
-55 -61 238
-54 -61 238
-53 -61 238
-52 -61 238
-51 -61 239
-50 -61 239
-49 -61 239
-48 -61 239
-47 -61 240
-46 -61 240
-45 -61 240
-44 -61 240
-43 -61 241
-42 -61 241
-41 -61 241
-40 -61 241
-39 -61 241
-38 -61 242
-37 -61 242
-36 -61 242
-35 -61 242
-34 -61 242
-33 -61 242
-32 -61 243
-31 -61 243
-30 -61 243
-29 -61 243
-28 -61 243
-27 -61 243
-26 -61 244
-25 -61 244
-24 -61 244
-23 -61 244
-22 -61 244
-21 -61 244
-20 -61 244
-19 -61 244
-18 -61 244
-17 -61 244
-16 -61 245
-15 -61 245
-14 -61 245
-13 -61 245
-12 -61 245
-11 -61 245
-10 -61 245
-9 -61 245
-8 -61 245
-7 -61 245
-6 -61 245
-5 -61 245
-4 -61 245
-3 -61 245
-2 -61 245
-1 -61 245
0 -61 245
1 -61 245
2 -61 245
3 -61 245
4 -61 245
5 -61 245
6 -61 245
7 -61 245
8 -61 245
9 -61 245
10 -61 245
11 -61 245
12 -61 245
13 -61 245
14 -61 245
15 -61 245
16 -61 245
17 -61 244
18 -61 244
19 -61 244
20 -61 244
21 -61 244
22 -61 244
23 -61 244
24 -61 244
25 -61 244
26 -61 244
27 -61 243
28 -61 243
29 -61 243
30 -61 243
31 -61 243
32 -61 243
33 -61 242
34 -61 242
35 -61 242
36 -61 242
37 -61 242
38 -61 242
39 -61 241
40 -61 241
41 -61 241
42 -61 241
43 -61 241
44 -61 240
45 -61 240
46 -61 240
47 -61 240
48 -61 239
49 -61 239
50 -61 239
51 -61 239
52 -61 238
53 -61 238
54 -61 238
55 -61 238
56 -61 237
57 -61 237
58 -61 237
59 -61 236
60 -61 236
61 -61 236
62 -61 236
63 -61 235
64 -61 235
65 -61 235
66 -61 234
67 -61 234
68 -61 234
69 -61 233
70 -61 233
71 -61 232
72 -61 232
73 -61 232
74 -61 231
75 -61 231
76 -61 231
77 -61 230
78 -61 230
79 -61 229
80 -61 229
81 -61 229
82 -61 228
83 -61 228
84 -61 227
85 -61 227
86 -61 226
87 -61 226
88 -61 226
89 -61 225
90 -61 225
91 -61 224
92 -61 224
93 -61 223
94 -61 223
95 -61 222
96 -61 222
97 -61 221
98 -61 221
99 -61 220
100 -61 220
101 -61 219
102 -61 219
103 -61 218
104 -61 218
105 -61 217
106 -61 217
107 -61 216
108 -61 215
109 -61 215
110 -61 214
111 -61 214
112 -61 213
113 -61 213
114 -61 212
115 -61 211
116 -61 211
117 -61 210
118 -61 210
119 -61 209
120 -61 208
121 -61 208
122 -61 207
123 -61 206
124 -61 206
125 -61 205
126 -61 204
127 -61 204
128 -61 203
129 -61 202
130 -61 202
131 -61 201
132 -61 200
133 -61 200
-133 -60 200
-132 -60 201
-131 -60 201
-130 -60 202
-129 -60 203
-128 -60 203
-127 -60 204
-126 -60 205
-125 -60 205
-124 -60 206
-123 -60 207
-122 -60 207
-121 -60 208
-120 -60 209
-119 -60 209
-118 -60 210
-117 -60 210
-116 -60 211
-115 -60 212
-114 -60 212
-113 -60 213
-112 -60 213
-111 -60 214
-110 -60 215
-109 -60 215
-108 -60 216
-107 -60 216
-106 -60 217
-105 -60 217
-104 -60 218
-103 -60 218
-102 -60 219
-101 -60 220
-100 -60 220
-99 -60 221
-98 -60 221
-97 -60 222
-96 -60 222
-95 -60 223
-94 -60 223
-93 -60 224
-92 -60 224
-91 -60 224
-90 -60 225
-89 -60 225
-88 -60 226
-87 -60 226
-86 -60 227
-85 -60 227
-84 -60 228
-83 -60 228
-82 -60 228
-81 -60 229
-80 -60 229
-79 -60 230
-78 -60 230
-77 -60 231
-76 -60 231
-75 -60 231
-74 -60 232
-73 -60 232
-72 -60 232
-71 -60 233
-70 -60 233
-69 -60 233
-68 -60 234
-67 -60 234
-66 -60 235
-65 -60 235
-64 -60 235
-63 -60 236
-62 -60 236
-61 -60 236
-60 -60 236
-59 -60 237
-58 -60 237
-57 -60 237
-56 -60 238
-55 -60 238
-54 -60 238
-53 -60 238
-52 -60 239
-51 -60 239
-50 -60 239
-49 -60 239
-48 -60 240
-47 -60 240
-46 -60 240
-45 -60 240
-44 -60 241
-43 -60 241
-42 -60 241
-41 -60 241
-40 -60 242
-39 -60 242
-38 -60 242
-37 -60 242
-36 -60 242
-35 -60 242
-34 -60 243
-33 -60 243
-32 -60 243
-31 -60 243
-30 -60 243
-29 -60 243
-28 -60 244
-27 -60 244
-26 -60 244
-25 -60 244
-24 -60 244
-23 -60 244
-22 -60 244
-21 -60 244
-20 -60 245
-19 -60 245
-18 -60 245
-17 -60 245
-16 -60 245
-15 -60 245
-14 -60 245
-13 -60 245
-12 -60 245
-11 -60 245
-10 -60 245
-9 -60 245
-8 -60 245
-7 -60 245
-6 -60 245
-5 -60 245
-4 -60 245
-3 -60 246
-2 -60 246
-1 -60 246
0 -60 246
1 -60 246
2 -60 246
3 -60 246
4 -60 245
5 -60 245
6 -60 245
7 -60 245
8 -60 245
9 -60 245
10 -60 245
11 -60 245
12 -60 245
13 -60 245
14 -60 245
15 -60 245
16 -60 245
17 -60 245
18 -60 245
19 -60 245
20 -60 245
21 -60 244
22 -60 244
23 -60 244
24 -60 244
25 -60 244
26 -60 244
27 -60 244
28 -60 244
29 -60 243
30 -60 243
31 -60 243
32 -60 243
33 -60 243
34 -60 243
35 -60 242
36 -60 242
37 -60 242
38 -60 242
39 -60 242
40 -60 242
41 -60 241
42 -60 241
43 -60 241
44 -60 241
45 -60 240
46 -60 240
47 -60 240
48 -60 240
49 -60 239
50 -60 239
51 -60 239
52 -60 239
53 -60 238
54 -60 238
55 -60 238
56 -60 238
57 -60 237
58 -60 237
59 -60 237
60 -60 236
61 -60 236
62 -60 236
63 -60 236
64 -60 235
65 -60 235
66 -60 235
67 -60 234
68 -60 234
69 -60 233
70 -60 233
71 -60 233
72 -60 232
73 -60 232
74 -60 232
75 -60 231
76 -60 231
77 -60 231
78 -60 230
79 -60 230
80 -60 229
81 -60 229
82 -60 228
83 -60 228
84 -60 228
85 -60 227
86 -60 227
87 -60 226
88 -60 226
89 -60 225
90 -60 225
91 -60 224
92 -60 224
93 -60 224
94 -60 223
95 -60 223
96 -60 222
97 -60 222
98 -60 221
99 -60 221
100 -60 220
101 -60 220
102 -60 219
103 -60 218
104 -60 218
105 -60 217
106 -60 217
107 -60 216
108 -60 216
109 -60 215
110 -60 215
111 -60 214
112 -60 213
113 -60 213
114 -60 212
115 -60 212
116 -60 211
117 -60 210
118 -60 210
119 -60 209
120 -60 209
121 -60 208
122 -60 207
123 -60 207
124 -60 206
125 -60 205
126 -60 205
127 -60 204
128 -60 203
129 -60 203
130 -60 202
131 -60 201
132 -60 201
133 -60 200
-134 -59 200
-133 -59 200
-132 -59 201
-131 -59 202
-130 -59 202
-129 -59 203
-128 -59 204
-127 -59 204
-126 -59 205
-125 -59 206
-124 -59 206
-123 -59 207
-122 -59 208
-121 -59 208
-120 -59 209
-119 -59 210
-118 -59 210
-117 -59 211
-116 -59 211
-115 -59 212
-114 -59 213
-113 -59 213
-112 -59 214
-111 -59 214
-110 -59 215
-109 -59 215
-108 -59 216
-107 -59 217
-106 -59 217
-105 -59 218
-104 -59 218
-103 -59 219
-102 -59 219
-101 -59 220
-100 -59 220
-99 -59 221
-98 -59 221
-97 -59 222
-96 -59 222
-95 -59 223
-94 -59 223
-93 -59 224
-92 -59 224
-91 -59 225
-90 -59 225
-89 -59 226
-88 -59 226
-87 -59 227
-86 -59 227
-85 -59 227
-84 -59 228
-83 -59 228
-82 -59 229
-81 -59 229
-80 -59 230
-79 -59 230
-78 -59 230
-77 -59 231
-76 -59 231
-75 -59 232
-74 -59 232
-73 -59 232
-72 -59 233
-71 -59 233
-70 -59 233
-69 -59 234
-68 -59 234
-67 -59 234
-66 -59 235
-65 -59 235
-64 -59 235
-63 -59 236
-62 -59 236
-61 -59 236
-60 -59 237
-59 -59 237
-58 -59 237
-57 -59 238
-56 -59 238
-55 -59 238
-54 -59 238
-53 -59 239
-52 -59 239
-51 -59 239
-50 -59 240
-49 -59 240
-48 -59 240
-47 -59 240
-46 -59 241
-45 -59 241
-44 -59 241
-43 -59 241
-42 -59 241
-41 -59 242
-40 -59 242
-39 -59 242
-38 -59 242
-37 -59 242
-36 -59 243
-35 -59 243
-34 -59 243
-33 -59 243
-32 -59 243
-31 -59 243
-30 -59 244
-29 -59 244
-28 -59 244
-27 -59 244
-26 -59 244
-25 -59 244
-24 -59 244
-23 -59 244
-22 -59 245
-21 -59 245
-20 -59 245
-19 -59 245
-18 -59 245
-17 -59 245
-16 -59 245
-15 -59 245
-14 -59 245
-13 -59 245
-12 -59 245
-11 -59 246
-10 -59 246
-9 -59 246
-8 -59 246
-7 -59 246
-6 -59 246
-5 -59 246
-4 -59 246
-3 -59 246
-2 -59 246
-1 -59 246
0 -59 246
1 -59 246
2 -59 246
3 -59 246
4 -59 246
5 -59 246
6 -59 246
7 -59 246
8 -59 246
9 -59 246
10 -59 246
11 -59 246
12 -59 245
13 -59 245
14 -59 245
15 -59 245
16 -59 245
17 -59 245
18 -59 245
19 -59 245
20 -59 245
21 -59 245
22 -59 245
23 -59 244
24 -59 244
25 -59 244
26 -59 244
27 -59 244
28 -59 244
29 -59 244
30 -59 244
31 -59 243
32 -59 243
33 -59 243
34 -59 243
35 -59 243
36 -59 243
37 -59 242
38 -59 242
39 -59 242
40 -59 242
41 -59 242
42 -59 241
43 -59 241
44 -59 241
45 -59 241
46 -59 241
47 -59 240
48 -59 240
49 -59 240
50 -59 240
51 -59 239
52 -59 239
53 -59 239
54 -59 238
55 -59 238
56 -59 238
57 -59 238
58 -59 237
59 -59 237
60 -59 237
61 -59 236
62 -59 236
63 -59 236
64 -59 235
65 -59 235
66 -59 235
67 -59 234
68 -59 234
69 -59 234
70 -59 233
71 -59 233
72 -59 233
73 -59 232
74 -59 232
75 -59 232
76 -59 231
77 -59 231
78 -59 230
79 -59 230
80 -59 230
81 -59 229
82 -59 229
83 -59 228
84 -59 228
85 -59 227
86 -59 227
87 -59 227
88 -59 226
89 -59 226
90 -59 225
91 -59 225
92 -59 224
93 -59 224
94 -59 223
95 -59 223
96 -59 222
97 -59 222
98 -59 221
99 -59 221
100 -59 220
101 -59 220
102 -59 219
103 -59 219
104 -59 218
105 -59 218
106 -59 217
107 -59 217
108 -59 216
109 -59 215
110 -59 215
111 -59 214
112 -59 214
113 -59 213
114 -59 213
115 -59 212
116 -59 211
117 -59 211
118 -59 210
119 -59 210
120 -59 209
121 -59 208
122 -59 208
123 -59 207
124 -59 206
125 -59 206
126 -59 205
127 -59 204
128 -59 204
129 -59 203
130 -59 202
131 -59 202
132 -59 201
133 -59 200
134 -59 200
-134 -58 200
-133 -58 201
-132 -58 201
-131 -58 202
-130 -58 203
-129 -58 203
-128 -58 204
-127 -58 205
-126 -58 205
-125 -58 206
-124 -58 207
-123 -58 207
-122 -58 208
-121 -58 209
-120 -58 209
-119 -58 210
-118 -58 210
-117 -58 211
-116 -58 212
-115 -58 212
-114 -58 213
-113 -58 213
-112 -58 214
-111 -58 215
-110 -58 215
-109 -58 216
-108 -58 216
-107 -58 217
-106 -58 217
-105 -58 218
-104 -58 219
-103 -58 219
-102 -58 220
-101 -58 220
-100 -58 221
-99 -58 221
-98 -58 222
-97 -58 222
-96 -58 223
-95 -58 223
-94 -58 224
-93 -58 224
-92 -58 225
-91 -58 225
-90 -58 226
-89 -58 226
-88 -58 226
-87 -58 227
-86 -58 227
-85 -58 228
-84 -58 228
-83 -58 229
-82 -58 229
-81 -58 229
-80 -58 230
-79 -58 230
-78 -58 231
-77 -58 231
-76 -58 232
-75 -58 232
-74 -58 232
-73 -58 233
-72 -58 233
-71 -58 233
-70 -58 234
-69 -58 234
-68 -58 234
-67 -58 235
-66 -58 235
-65 -58 235
-64 -58 236
-63 -58 236
-62 -58 236
-61 -58 237
-60 -58 237
-59 -58 237
-58 -58 238
-57 -58 238
-56 -58 238
-55 -58 238
-54 -58 239
-53 -58 239
-52 -58 239
-51 -58 240
-50 -58 240
-49 -58 240
-48 -58 240
-47 -58 241
-46 -58 241
-45 -58 241
-44 -58 241
-43 -58 241
-42 -58 242
-41 -58 242
-40 -58 242
-39 -58 242
-38 -58 242
-37 -58 243
-36 -58 243
-35 -58 243
-34 -58 243
-33 -58 243
-32 -58 244
-31 -58 244
-30 -58 244
-29 -58 244
-28 -58 244
-27 -58 244
-26 -58 244
-25 -58 245
-24 -58 245
-23 -58 245
-22 -58 245
-21 -58 245
-20 -58 245
-19 -58 245
-18 -58 245
-17 -58 245
-16 -58 245
-15 -58 246
-14 -58 246
-13 -58 246
-12 -58 246
-11 -58 246
-10 -58 246
-9 -58 246
-8 -58 246
-7 -58 246
-6 -58 246
-5 -58 246
-4 -58 246
-3 -58 246
-2 -58 246
-1 -58 246
0 -58 246
1 -58 246
2 -58 246
3 -58 246
4 -58 246
5 -58 246
6 -58 246
7 -58 246
8 -58 246
9 -58 246
10 -58 246
11 -58 246
12 -58 246
13 -58 246
14 -58 246
15 -58 246
16 -58 245
17 -58 245
18 -58 245
19 -58 245
20 -58 245
21 -58 245
22 -58 245
23 -58 245
24 -58 245
25 -58 245
26 -58 244
27 -58 244
28 -58 244
29 -58 244
30 -58 244
31 -58 244
32 -58 244
33 -58 243
34 -58 243
35 -58 243
36 -58 243
37 -58 243
38 -58 242
39 -58 242
40 -58 242
41 -58 242
42 -58 242
43 -58 241
44 -58 241
45 -58 241
46 -58 241
47 -58 241
48 -58 240
49 -58 240
50 -58 240
51 -58 240
52 -58 239
53 -58 239
54 -58 239
55 -58 238
56 -58 238
57 -58 238
58 -58 238
59 -58 237
60 -58 237
61 -58 237
62 -58 236
63 -58 236
64 -58 236
65 -58 235
66 -58 235
67 -58 235
68 -58 234
69 -58 234
70 -58 234
71 -58 233
72 -58 233
73 -58 233
74 -58 232
75 -58 232
76 -58 232
77 -58 231
78 -58 231
79 -58 230
80 -58 230
81 -58 229
82 -58 229
83 -58 229
84 -58 228
85 -58 228
86 -58 227
87 -58 227
88 -58 226
89 -58 226
90 -58 226
91 -58 225
92 -58 225
93 -58 224
94 -58 224
95 -58 223
96 -58 223
97 -58 222
98 -58 222
99 -58 221
100 -58 221
101 -58 220
102 -58 220
103 -58 219
104 -58 219
105 -58 218
106 -58 217
107 -58 217
108 -58 216
109 -58 216
110 -58 215
111 -58 215
112 -58 214
113 -58 213
114 -58 213
115 -58 212
116 -58 212
117 -58 211
118 -58 210
119 -58 210
120 -58 209
121 -58 209
122 -58 208
123 -58 207
124 -58 207
125 -58 206
126 -58 205
127 -58 205
128 -58 204
129 -58 203
130 -58 203
131 -58 202
132 -58 201
133 -58 201
134 -58 200
-134 -57 200
-133 -57 201
-132 -57 202
-131 -57 202
-130 -57 203
-129 -57 204
-128 -57 204
-127 -57 205
-126 -57 206
-125 -57 206
-124 -57 207
-123 -57 208
-122 -57 208
-121 -57 209
-120 -57 210
-119 -57 210
-118 -57 211
-117 -57 211
-116 -57 212
-115 -57 213
-114 -57 213
-113 -57 214
-112 -57 214
-111 -57 215
-110 -57 216
-109 -57 216
-108 -57 217
-107 -57 217
-106 -57 218
-105 -57 218
-104 -57 219
-103 -57 219
-102 -57 220
-101 -57 220
-100 -57 221
-99 -57 221
-98 -57 222
-97 -57 222
-96 -57 223
-95 -57 223
-94 -57 224
-93 -57 224
-92 -57 225
-91 -57 225
-90 -57 226
-89 -57 226
-88 -57 227
-87 -57 227
-86 -57 228
-85 -57 228
-84 -57 229
-83 -57 229
-82 -57 229
-81 -57 230
-80 -57 230
-79 -57 231
-78 -57 231
-77 -57 231
-76 -57 232
-75 -57 232
-74 -57 233
-73 -57 233
-72 -57 233
-71 -57 234
-70 -57 234
-69 -57 234
-68 -57 235
-67 -57 235
-66 -57 235
-65 -57 236
-64 -57 236
-63 -57 236
-62 -57 237
-61 -57 237
-60 -57 237
-59 -57 238
-58 -57 238
-57 -57 238
-56 -57 239
-55 -57 239
-54 -57 239
-53 -57 239
-52 -57 240
-51 -57 240
-50 -57 240
-49 -57 240
-48 -57 241
-47 -57 241
-46 -57 241
-45 -57 241
-44 -57 242
-43 -57 242
-42 -57 242
-41 -57 242
-40 -57 242
-39 -57 243
-38 -57 243
-37 -57 243
-36 -57 243
-35 -57 243
-34 -57 244
-33 -57 244
-32 -57 244
-31 -57 244
-30 -57 244
-29 -57 244
-28 -57 244
-27 -57 245
-26 -57 245
-25 -57 245
-24 -57 245
-23 -57 245
-22 -57 245
-21 -57 245
-20 -57 245
-19 -57 246
-18 -57 246
-17 -57 246
-16 -57 246
-15 -57 246
-14 -57 246
-13 -57 246
-12 -57 246
-11 -57 246
-10 -57 246
-9 -57 246
-8 -57 246
-7 -57 246
-6 -57 246
-5 -57 246
-4 -57 246
-3 -57 246
-2 -57 246
-1 -57 246
0 -57 246
1 -57 246
2 -57 246
3 -57 246
4 -57 246
5 -57 246
6 -57 246
7 -57 246
8 -57 246
9 -57 246
10 -57 246
11 -57 246
12 -57 246
13 -57 246
14 -57 246
15 -57 246
16 -57 246
17 -57 246
18 -57 246
19 -57 246
20 -57 245
21 -57 245
22 -57 245
23 -57 245
24 -57 245
25 -57 245
26 -57 245
27 -57 245
28 -57 244
29 -57 244
30 -57 244
31 -57 244
32 -57 244
33 -57 244
34 -57 244
35 -57 243
36 -57 243
37 -57 243
38 -57 243
39 -57 243
40 -57 242
41 -57 242
42 -57 242
43 -57 242
44 -57 242
45 -57 241
46 -57 241
47 -57 241
48 -57 241
49 -57 240
50 -57 240
51 -57 240
52 -57 240
53 -57 239
54 -57 239
55 -57 239
56 -57 239
57 -57 238
58 -57 238
59 -57 238
60 -57 237
61 -57 237
62 -57 237
63 -57 236
64 -57 236
65 -57 236
66 -57 235
67 -57 235
68 -57 235
69 -57 234
70 -57 234
71 -57 234
72 -57 233
73 -57 233
74 -57 233
75 -57 232
76 -57 232
77 -57 231
78 -57 231
79 -57 231
80 -57 230
81 -57 230
82 -57 229
83 -57 229
84 -57 229
85 -57 228
86 -57 228
87 -57 227
88 -57 227
89 -57 226
90 -57 226
91 -57 225
92 -57 225
93 -57 224
94 -57 224
95 -57 223
96 -57 223
97 -57 222
98 -57 222
99 -57 221
100 -57 221
101 -57 220
102 -57 220
103 -57 219
104 -57 219
105 -57 218
106 -57 218
107 -57 217
108 -57 217
109 -57 216
110 -57 216
111 -57 215
112 -57 214
113 -57 214
114 -57 213
115 -57 213
116 -57 212
117 -57 211
118 -57 211
119 -57 210
120 -57 210
121 -57 209
122 -57 208
123 -57 208
124 -57 207
125 -57 206
126 -57 206
127 -57 205
128 -57 204
129 -57 204
130 -57 203
131 -57 202
132 -57 202
133 -57 201
134 -57 200
-135 -56 200
-134 -56 200
-133 -56 201
-132 -56 202
-131 -56 203
-130 -56 203
-129 -56 204
-128 -56 205
-127 -56 205
-126 -56 206
-125 -56 207
-124 -56 207
-123 -56 208
-122 -56 209
-121 -56 209
-120 -56 210
-119 -56 210
-118 -56 211
-117 -56 212
-116 -56 212
-115 -56 213
-114 -56 213
-113 -56 214
-112 -56 215
-111 -56 215
-110 -56 216
-109 -56 216
-108 -56 217
-107 -56 217
-106 -56 218
-105 -56 219
-104 -56 219
-103 -56 220
-102 -56 220
-101 -56 221
-100 -56 221
-99 -56 222
-98 -56 222
-97 -56 223
-96 -56 223
-95 -56 224
-94 -56 224
-93 -56 225
-92 -56 225
-91 -56 226
-90 -56 226
-89 -56 227
-88 -56 227
-87 -56 227
-86 -56 228
-85 -56 228
-84 -56 229
-83 -56 229
-82 -56 230
-81 -56 230
-80 -56 230
-79 -56 231
-78 -56 231
-77 -56 232
-76 -56 232
-75 -56 232
-74 -56 233
-73 -56 233
-72 -56 234
-71 -56 234
-70 -56 234
-69 -56 235
-68 -56 235
-67 -56 235
-66 -56 236
-65 -56 236
-64 -56 236
-63 -56 237
-62 -56 237
-61 -56 237
-60 -56 238
-59 -56 238
-58 -56 238
-57 -56 239
-56 -56 239
-55 -56 239
-54 -56 239
-53 -56 240
-52 -56 240
-51 -56 240
-50 -56 240
-49 -56 241
-48 -56 241
-47 -56 241
-46 -56 241
-45 -56 242
-44 -56 242
-43 -56 242
-42 -56 242
-41 -56 242
-40 -56 243
-39 -56 243
-38 -56 243
-37 -56 243
-36 -56 243
-35 -56 244
-34 -56 244
-33 -56 244
-32 -56 244
-31 -56 244
-30 -56 244
-29 -56 245
-28 -56 245
-27 -56 245
-26 -56 245
-25 -56 245
-24 -56 245
-23 -56 245
-22 -56 245
-21 -56 246
-20 -56 246
-19 -56 246
-18 -56 246
-17 -56 246
-16 -56 246
-15 -56 246
-14 -56 246
-13 -56 246
-12 -56 246
-11 -56 246
-10 -56 246
-9 -56 246
-8 -56 247
-7 -56 247
-6 -56 247
-5 -56 247
-4 -56 247
-3 -56 247
-2 -56 247
-1 -56 247
0 -56 247
1 -56 247
2 -56 247
3 -56 247
4 -56 247
5 -56 247
6 -56 247
7 -56 247
8 -56 247
9 -56 246
10 -56 246
11 -56 246
12 -56 246
13 -56 246
14 -56 246
15 -56 246
16 -56 246
17 -56 246
18 -56 246
19 -56 246
20 -56 246
21 -56 246
22 -56 245
23 -56 245
24 -56 245
25 -56 245
26 -56 245
27 -56 245
28 -56 245
29 -56 245
30 -56 244
31 -56 244
32 -56 244
33 -56 244
34 -56 244
35 -56 244
36 -56 243
37 -56 243
38 -56 243
39 -56 243
40 -56 243
41 -56 242
42 -56 242
43 -56 242
44 -56 242
45 -56 242
46 -56 241
47 -56 241
48 -56 241
49 -56 241
50 -56 240
51 -56 240
52 -56 240
53 -56 240
54 -56 239
55 -56 239
56 -56 239
57 -56 239
58 -56 238
59 -56 238
60 -56 238
61 -56 237
62 -56 237
63 -56 237
64 -56 236
65 -56 236
66 -56 236
67 -56 235
68 -56 235
69 -56 235
70 -56 234
71 -56 234
72 -56 234
73 -56 233
74 -56 233
75 -56 232
76 -56 232
77 -56 232
78 -56 231
79 -56 231
80 -56 230
81 -56 230
82 -56 230
83 -56 229
84 -56 229
85 -56 228
86 -56 228
87 -56 227
88 -56 227
89 -56 227
90 -56 226
91 -56 226
92 -56 225
93 -56 225
94 -56 224
95 -56 224
96 -56 223
97 -56 223
98 -56 222
99 -56 222
100 -56 221
101 -56 221
102 -56 220
103 -56 220
104 -56 219
105 -56 219
106 -56 218
107 -56 217
108 -56 217
109 -56 216
110 -56 216
111 -56 215
112 -56 215
113 -56 214
114 -56 213
115 -56 213
116 -56 212
117 -56 212
118 -56 211
119 -56 210
120 -56 210
121 -56 209
122 -56 209
123 -56 208
124 -56 207
125 -56 207
126 -56 206
127 -56 205
128 -56 205
129 -56 204
130 -56 203
131 -56 203
132 -56 202
133 -56 201
134 -56 200
135 -56 200
-135 -55 200
-134 -55 201
-133 -55 201
-132 -55 202
-131 -55 203
-130 -55 204
-129 -55 204
-128 -55 205
-127 -55 206
-126 -55 206
-125 -55 207
-124 -55 208
-123 -55 208
-122 -55 209
-121 -55 209
-120 -55 210
-119 -55 211
-118 -55 211
-117 -55 212
-116 -55 213
-115 -55 213
-114 -55 214
-113 -55 214
-112 -55 215
-111 -55 216
-110 -55 216
-109 -55 217
-108 -55 217
-107 -55 218
-106 -55 218
-105 -55 219
-104 -55 219
-103 -55 220
-102 -55 220
-101 -55 221
-100 -55 222
-99 -55 222
-98 -55 223
-97 -55 223
-96 -55 224
-95 -55 224
-94 -55 225
-93 -55 225
-92 -55 225
-91 -55 226
-90 -55 226
-89 -55 227
-88 -55 227
-87 -55 228
-86 -55 228
-85 -55 229
-84 -55 229
-83 -55 230
-82 -55 230
-81 -55 230
-80 -55 231
-79 -55 231
-78 -55 232
-77 -55 232
-76 -55 232
-75 -55 233
-74 -55 233
-73 -55 234
-72 -55 234
-71 -55 234
-70 -55 235
-69 -55 235
-68 -55 235
-67 -55 236
-66 -55 236
-65 -55 236
-64 -55 237
-63 -55 237
-62 -55 237
-61 -55 238
-60 -55 238
-59 -55 238
-58 -55 238
-57 -55 239
-56 -55 239
-55 -55 239
-54 -55 240
-53 -55 240
-52 -55 240
-51 -55 240
-50 -55 241
-49 -55 241
-48 -55 241
-47 -55 241
-46 -55 242
-45 -55 242
-44 -55 242
-43 -55 242
-42 -55 243
-41 -55 243
-40 -55 243
-39 -55 243
-38 -55 243
-37 -55 244
-36 -55 244
-35 -55 244
-34 -55 244
-33 -55 244
-32 -55 244
-31 -55 245
-30 -55 245
-29 -55 245
-28 -55 245
-27 -55 245
-26 -55 245
-25 -55 245
-24 -55 246
-23 -55 246
-22 -55 246
-21 -55 246
-20 -55 246
-19 -55 246
-18 -55 246
-17 -55 246
-16 -55 246
-15 -55 246
-14 -55 246
-13 -55 247
-12 -55 247
-11 -55 247
-10 -55 247
-9 -55 247
-8 -55 247
-7 -55 247
-6 -55 247
-5 -55 247
-4 -55 247
-3 -55 247
-2 -55 247
-1 -55 247
0 -55 247
1 -55 247
2 -55 247
3 -55 247
4 -55 247
5 -55 247
6 -55 247
7 -55 247
8 -55 247
9 -55 247
10 -55 247
11 -55 247
12 -55 247
13 -55 247
14 -55 246
15 -55 246
16 -55 246
17 -55 246
18 -55 246
19 -55 246
20 -55 246
21 -55 246
22 -55 246
23 -55 246
24 -55 246
25 -55 245
26 -55 245
27 -55 245
28 -55 245
29 -55 245
30 -55 245
31 -55 245
32 -55 244
33 -55 244
34 -55 244
35 -55 244
36 -55 244
37 -55 244
38 -55 243
39 -55 243
40 -55 243
41 -55 243
42 -55 243
43 -55 242
44 -55 242
45 -55 242
46 -55 242
47 -55 241
48 -55 241
49 -55 241
50 -55 241
51 -55 240
52 -55 240
53 -55 240
54 -55 240
55 -55 239
56 -55 239
57 -55 239
58 -55 238
59 -55 238
60 -55 238
61 -55 238
62 -55 237
63 -55 237
64 -55 237
65 -55 236
66 -55 236
67 -55 236
68 -55 235
69 -55 235
70 -55 235
71 -55 234
72 -55 234
73 -55 234
74 -55 233
75 -55 233
76 -55 232
77 -55 232
78 -55 232
79 -55 231
80 -55 231
81 -55 230
82 -55 230
83 -55 230
84 -55 229
85 -55 229
86 -55 228
87 -55 228
88 -55 227
89 -55 227
90 -55 226
91 -55 226
92 -55 225
93 -55 225
94 -55 225
95 -55 224
96 -55 224
97 -55 223
98 -55 223
99 -55 222
100 -55 222
101 -55 221
102 -55 220
103 -55 220
104 -55 219
105 -55 219
106 -55 218
107 -55 218
108 -55 217
109 -55 217
110 -55 216
111 -55 216
112 -55 215
113 -55 214
114 -55 214
115 -55 213
116 -55 213
117 -55 212
118 -55 211
119 -55 211
120 -55 210
121 -55 209
122 -55 209
123 -55 208
124 -55 208
125 -55 207
126 -55 206
127 -55 206
128 -55 205
129 -55 204
130 -55 204
131 -55 203
132 -55 202
133 -55 201
134 -55 201
135 -55 200
-136 -54 200
-135 -54 200
-134 -54 201
-133 -54 202
-132 -54 202
-131 -54 203
-130 -54 204
-129 -54 205
-128 -54 205
-127 -54 206
-126 -54 207
-125 -54 207
-124 -54 208
-123 -54 208
-122 -54 209
-121 -54 210
-120 -54 210
-119 -54 211
-118 -54 212
-117 -54 212
-116 -54 213
-115 -54 213
-114 -54 214
-113 -54 215
-112 -54 215
-111 -54 216
-110 -54 216
-109 -54 217
-108 -54 217
-107 -54 218
-106 -54 219
-105 -54 219
-104 -54 220
-103 -54 220
-102 -54 221
-101 -54 221
-100 -54 222
-99 -54 222
-98 -54 223
-97 -54 223
-96 -54 224
-95 -54 224
-94 -54 225
-93 -54 225
-92 -54 226
-91 -54 226
-90 -54 227
-89 -54 227
-88 -54 228
-87 -54 228
-86 -54 229
-85 -54 229
-84 -54 229
-83 -54 230
-82 -54 230
-81 -54 231
-80 -54 231
-79 -54 231
-78 -54 232
-77 -54 232
-76 -54 233
-75 -54 233
-74 -54 233
-73 -54 234
-72 -54 234
-71 -54 235
-70 -54 235
-69 -54 235
-68 -54 236
-67 -54 236
-66 -54 236
-65 -54 237
-64 -54 237
-63 -54 237
-62 -54 238
-61 -54 238
-60 -54 238
-59 -54 238
-58 -54 239
-57 -54 239
-56 -54 239
-55 -54 240
-54 -54 240
-53 -54 240
-52 -54 240
-51 -54 241
-50 -54 241
-49 -54 241
-48 -54 241
-47 -54 242
-46 -54 242
-45 -54 242
-44 -54 242
-43 -54 243
-42 -54 243
-41 -54 243
-40 -54 243
-39 -54 243
-38 -54 244
-37 -54 244
-36 -54 244
-35 -54 244
-34 -54 244
-33 -54 245
-32 -54 245
-31 -54 245
-30 -54 245
-29 -54 245
-28 -54 245
-27 -54 245
-26 -54 246
-25 -54 246
-24 -54 246
-23 -54 246
-22 -54 246
-21 -54 246
-20 -54 246
-19 -54 246
-18 -54 246
-17 -54 247
-16 -54 247
-15 -54 247
-14 -54 247
-13 -54 247
-12 -54 247
-11 -54 247
-10 -54 247
-9 -54 247
-8 -54 247
-7 -54 247
-6 -54 247
-5 -54 247
-4 -54 247
-3 -54 247
-2 -54 247
-1 -54 247
0 -54 247
1 -54 247
2 -54 247
3 -54 247
4 -54 247
5 -54 247
6 -54 247
7 -54 247
8 -54 247
9 -54 247
10 -54 247
11 -54 247
12 -54 247
13 -54 247
14 -54 247
15 -54 247
16 -54 247
17 -54 247
18 -54 246
19 -54 246
20 -54 246
21 -54 246
22 -54 246
23 -54 246
24 -54 246
25 -54 246
26 -54 246
27 -54 245
28 -54 245
29 -54 245
30 -54 245
31 -54 245
32 -54 245
33 -54 245
34 -54 244
35 -54 244
36 -54 244
37 -54 244
38 -54 244
39 -54 243
40 -54 243
41 -54 243
42 -54 243
43 -54 243
44 -54 242
45 -54 242
46 -54 242
47 -54 242
48 -54 241
49 -54 241
50 -54 241
51 -54 241
52 -54 240
53 -54 240
54 -54 240
55 -54 240
56 -54 239
57 -54 239
58 -54 239
59 -54 238
60 -54 238
61 -54 238
62 -54 238
63 -54 237
64 -54 237
65 -54 237
66 -54 236
67 -54 236
68 -54 236
69 -54 235
70 -54 235
71 -54 235
72 -54 234
73 -54 234
74 -54 233
75 -54 233
76 -54 233
77 -54 232
78 -54 232
79 -54 231
80 -54 231
81 -54 231
82 -54 230
83 -54 230
84 -54 229
85 -54 229
86 -54 229
87 -54 228
88 -54 228
89 -54 227
90 -54 227
91 -54 226
92 -54 226
93 -54 225
94 -54 225
95 -54 224
96 -54 224
97 -54 223
98 -54 223
99 -54 222
100 -54 222
101 -54 221
102 -54 221
103 -54 220
104 -54 220
105 -54 219
106 -54 219
107 -54 218
108 -54 217
109 -54 217
110 -54 216
111 -54 216
112 -54 215
113 -54 215
114 -54 214
115 -54 213
116 -54 213
117 -54 212
118 -54 212
119 -54 211
120 -54 210
121 -54 210
122 -54 209
123 -54 208
124 -54 208
125 -54 207
126 -54 207
127 -54 206
128 -54 205
129 -54 205
130 -54 204
131 -54 203
132 -54 202
133 -54 202
134 -54 201
135 -54 200
136 -54 200
-136 -53 200
-135 -53 201
-134 -53 201
-133 -53 202
-132 -53 203
-131 -53 203
-130 -53 204
-129 -53 205
-128 -53 205
-127 -53 206
-126 -53 207
-125 -53 207
-124 -53 208
-123 -53 209
-122 -53 209
-121 -53 210
-120 -53 211
-119 -53 211
-118 -53 212
-117 -53 213
-116 -53 213
-115 -53 214
-114 -53 214
-113 -53 215
-112 -53 215
-111 -53 216
-110 -53 217
-109 -53 217
-108 -53 218
-107 -53 218
-106 -53 219
-105 -53 219
-104 -53 220
-103 -53 221
-102 -53 221
-101 -53 222
-100 -53 222
-99 -53 223
-98 -53 223
-97 -53 224
-96 -53 224
-95 -53 225
-94 -53 225
-93 -53 226
-92 -53 226
-91 -53 227
-90 -53 227
-89 -53 227
-88 -53 228
-87 -53 228
-86 -53 229
-85 -53 229
-84 -53 230
-83 -53 230
-82 -53 230
-81 -53 231
-80 -53 231
-79 -53 232
-78 -53 232
-77 -53 233
-76 -53 233
-75 -53 233
-74 -53 234
-73 -53 234
-72 -53 234
-71 -53 235
-70 -53 235
-69 -53 236
-68 -53 236
-67 -53 236
-66 -53 237
-65 -53 237
-64 -53 237
-63 -53 238
-62 -53 238
-61 -53 238
-60 -53 238
-59 -53 239
-58 -53 239
-57 -53 239
-56 -53 240
-55 -53 240
-54 -53 240
-53 -53 240
-52 -53 241
-51 -53 241
-50 -53 241
-49 -53 241
-48 -53 242
-47 -53 242
-46 -53 242
-45 -53 242
-44 -53 243
-43 -53 243
-42 -53 243
-41 -53 243
-40 -53 243
-39 -53 244
-38 -53 244
-37 -53 244
-36 -53 244
-35 -53 244
-34 -53 245
-33 -53 245
-32 -53 245
-31 -53 245
-30 -53 245
-29 -53 245
-28 -53 246
-27 -53 246
-26 -53 246
-25 -53 246
-24 -53 246
-23 -53 246
-22 -53 246
-21 -53 246
-20 -53 247
-19 -53 247
-18 -53 247
-17 -53 247
-16 -53 247
-15 -53 247
-14 -53 247
-13 -53 247
-12 -53 247
-11 -53 247
-10 -53 247
-9 -53 247
-8 -53 247
-7 -53 247
-6 -53 247
-5 -53 247
-4 -53 247
-3 -53 247
-2 -53 247
-1 -53 248
0 -53 248
1 -53 248
2 -53 247
3 -53 247
4 -53 247
5 -53 247
6 -53 247
7 -53 247
8 -53 247
9 -53 247
10 -53 247
11 -53 247
12 -53 247
13 -53 247
14 -53 247
15 -53 247
16 -53 247
17 -53 247
18 -53 247
19 -53 247
20 -53 247
21 -53 246
22 -53 246
23 -53 246
24 -53 246
25 -53 246
26 -53 246
27 -53 246
28 -53 246
29 -53 245
30 -53 245
31 -53 245
32 -53 245
33 -53 245
34 -53 245
35 -53 244
36 -53 244
37 -53 244
38 -53 244
39 -53 244
40 -53 243
41 -53 243
42 -53 243
43 -53 243
44 -53 243
45 -53 242
46 -53 242
47 -53 242
48 -53 242
49 -53 241
50 -53 241
51 -53 241
52 -53 241
53 -53 240
54 -53 240
55 -53 240
56 -53 240
57 -53 239
58 -53 239
59 -53 239
60 -53 238
61 -53 238
62 -53 238
63 -53 238
64 -53 237
65 -53 237
66 -53 237
67 -53 236
68 -53 236
69 -53 236
70 -53 235
71 -53 235
72 -53 234
73 -53 234
74 -53 234
75 -53 233
76 -53 233
77 -53 233
78 -53 232
79 -53 232
80 -53 231
81 -53 231
82 -53 230
83 -53 230
84 -53 230
85 -53 229
86 -53 229
87 -53 228
88 -53 228
89 -53 227
90 -53 227
91 -53 227
92 -53 226
93 -53 226
94 -53 225
95 -53 225
96 -53 224
97 -53 224
98 -53 223
99 -53 223
100 -53 222
101 -53 222
102 -53 221
103 -53 221
104 -53 220
105 -53 219
106 -53 219
107 -53 218
108 -53 218
109 -53 217
110 -53 217
111 -53 216
112 -53 215
113 -53 215
114 -53 214
115 -53 214
116 -53 213
117 -53 213
118 -53 212
119 -53 211
120 -53 211
121 -53 210
122 -53 209
123 -53 209
124 -53 208
125 -53 207
126 -53 207
127 -53 206
128 -53 205
129 -53 205
130 -53 204
131 -53 203
132 -53 203
133 -53 202
134 -53 201
135 -53 201
136 -53 200
-136 -52 200
-135 -52 201
-134 -52 202
-133 -52 202
-132 -52 203
-131 -52 204
-130 -52 204
-129 -52 205
-128 -52 206
-127 -52 206
-126 -52 207
-125 -52 208
-124 -52 208
-123 -52 209
-122 -52 210
-121 -52 210
-120 -52 211
-119 -52 212
-118 -52 212
-117 -52 213
-116 -52 213
-115 -52 214
-114 -52 215
-113 -52 215
-112 -52 216
-111 -52 216
-110 -52 217
-109 -52 217
-108 -52 218
-107 -52 219
-106 -52 219
-105 -52 220
-104 -52 220
-103 -52 221
-102 -52 221
-101 -52 222
-100 -52 222
-99 -52 223
-98 -52 223
-97 -52 224
-96 -52 224
-95 -52 225
-94 -52 225
-93 -52 226
-92 -52 226
-91 -52 227
-90 -52 227
-89 -52 228
-88 -52 228
-87 -52 229
-86 -52 229
-85 -52 229
-84 -52 230
-83 -52 230
-82 -52 231
-81 -52 231
-80 -52 232
-79 -52 232
-78 -52 232
-77 -52 233
-76 -52 233
-75 -52 234
-74 -52 234
-73 -52 234
-72 -52 235
-71 -52 235
-70 -52 235
-69 -52 236
-68 -52 236
-67 -52 236
-66 -52 237
-65 -52 237
-64 -52 237
-63 -52 238
-62 -52 238
-61 -52 238
-60 -52 239
-59 -52 239
-58 -52 239
-57 -52 240
-56 -52 240
-55 -52 240
-54 -52 240
-53 -52 241
-52 -52 241
-51 -52 241
-50 -52 241
-49 -52 242
-48 -52 242
-47 -52 242
-46 -52 242
-45 -52 243
-44 -52 243
-43 -52 243
-42 -52 243
-41 -52 244
-40 -52 244
-39 -52 244
-38 -52 244
-37 -52 244
-36 -52 245
-35 -52 245
-34 -52 245
-33 -52 245
-32 -52 245
-31 -52 245
-30 -52 246
-29 -52 246
-28 -52 246
-27 -52 246
-26 -52 246
-25 -52 246
-24 -52 246
-23 -52 246
-22 -52 247
-21 -52 247
-20 -52 247
-19 -52 247
-18 -52 247
-17 -52 247
-16 -52 247
-15 -52 247
-14 -52 247
-13 -52 247
-12 -52 247
-11 -52 247
-10 -52 248
-9 -52 248
-8 -52 248
-7 -52 248
-6 -52 248
-5 -52 248
-4 -52 248
-3 -52 248
-2 -52 248
-1 -52 248
0 -52 248
1 -52 248
2 -52 248
3 -52 248
4 -52 248
5 -52 248
6 -52 248
7 -52 248
8 -52 248
9 -52 248
10 -52 248
11 -52 247
12 -52 247
13 -52 247
14 -52 247
15 -52 247
16 -52 247
17 -52 247
18 -52 247
19 -52 247
20 -52 247
21 -52 247
22 -52 247
23 -52 246
24 -52 246
25 -52 246
26 -52 246
27 -52 246
28 -52 246
29 -52 246
30 -52 246
31 -52 245
32 -52 245
33 -52 245
34 -52 245
35 -52 245
36 -52 245
37 -52 244
38 -52 244
39 -52 244
40 -52 244
41 -52 244
42 -52 243
43 -52 243
44 -52 243
45 -52 243
46 -52 242
47 -52 242
48 -52 242
49 -52 242
50 -52 241
51 -52 241
52 -52 241
53 -52 241
54 -52 240
55 -52 240
56 -52 240
57 -52 240
58 -52 239
59 -52 239
60 -52 239
61 -52 238
62 -52 238
63 -52 238
64 -52 237
65 -52 237
66 -52 237
67 -52 236
68 -52 236
69 -52 236
70 -52 235
71 -52 235
72 -52 235
73 -52 234
74 -52 234
75 -52 234
76 -52 233
77 -52 233
78 -52 232
79 -52 232
80 -52 232
81 -52 231
82 -52 231
83 -52 230
84 -52 230
85 -52 229
86 -52 229
87 -52 229
88 -52 228
89 -52 228
90 -52 227
91 -52 227
92 -52 226
93 -52 226
94 -52 225
95 -52 225
96 -52 224
97 -52 224
98 -52 223
99 -52 223
100 -52 222
101 -52 222
102 -52 221
103 -52 221
104 -52 220
105 -52 220
106 -52 219
107 -52 219
108 -52 218
109 -52 217
110 -52 217
111 -52 216
112 -52 216
113 -52 215
114 -52 215
115 -52 214
116 -52 213
117 -52 213
118 -52 212
119 -52 212
120 -52 211
121 -52 210
122 -52 210
123 -52 209
124 -52 208
125 -52 208
126 -52 207
127 -52 206
128 -52 206
129 -52 205
130 -52 204
131 -52 204
132 -52 203
133 -52 202
134 -52 202
135 -52 201
136 -52 200
-137 -51 200
-136 -51 200
-135 -51 201
-134 -51 202
-133 -51 203
-132 -51 203
-131 -51 204
-130 -51 205
-129 -51 205
-128 -51 206
-127 -51 207
-126 -51 207
-125 -51 208
-124 -51 209
-123 -51 209
-122 -51 210
-121 -51 211
-120 -51 211
-119 -51 212
-118 -51 212
-117 -51 213
-116 -51 214
-115 -51 214
-114 -51 215
-113 -51 215
-112 -51 216
-111 -51 217
-110 -51 217
-109 -51 218
-108 -51 218
-107 -51 219
-106 -51 219
-105 -51 220
-104 -51 221
-103 -51 221
-102 -51 222
-101 -51 222
-100 -51 223
-99 -51 223
-98 -51 224
-97 -51 224
-96 -51 225
-95 -51 225
-94 -51 226
-93 -51 226
-92 -51 227
-91 -51 227
-90 -51 228
-89 -51 228
-88 -51 228
-87 -51 229
-86 -51 229
-85 -51 230
-84 -51 230
-83 -51 231
-82 -51 231
-81 -51 231
-80 -51 232
-79 -51 232
-78 -51 233
-77 -51 233
-76 -51 233
-75 -51 234
-74 -51 234
-73 -51 235
-72 -51 235
-71 -51 235
-70 -51 236
-69 -51 236
-68 -51 236
-67 -51 237
-66 -51 237
-65 -51 237
-64 -51 238
-63 -51 238
-62 -51 238
-61 -51 239
-60 -51 239
-59 -51 239
-58 -51 240
-57 -51 240
-56 -51 240
-55 -51 240
-54 -51 241
-53 -51 241
-52 -51 241
-51 -51 241
-50 -51 242
-49 -51 242
-48 -51 242
-47 -51 242
-46 -51 243
-45 -51 243
-44 -51 243
-43 -51 243
-42 -51 244
-41 -51 244
-40 -51 244
-39 -51 244
-38 -51 244
-37 -51 245
-36 -51 245
-35 -51 245
-34 -51 245
-33 -51 245
-32 -51 245
-31 -51 246
-30 -51 246
-29 -51 246
-28 -51 246
-27 -51 246
-26 -51 246
-25 -51 246
-24 -51 247
-23 -51 247
-22 -51 247
-21 -51 247
-20 -51 247
-19 -51 247
-18 -51 247
-17 -51 247
-16 -51 247
-15 -51 247
-14 -51 248
-13 -51 248
-12 -51 248
-11 -51 248
-10 -51 248
-9 -51 248
-8 -51 248
-7 -51 248
-6 -51 248
-5 -51 248
-4 -51 248
-3 -51 248
-2 -51 248
-1 -51 248
0 -51 248
1 -51 248
2 -51 248
3 -51 248
4 -51 248
5 -51 248
6 -51 248
7 -51 248
8 -51 248
9 -51 248
10 -51 248
11 -51 248
12 -51 248
13 -51 248
14 -51 248
15 -51 247
16 -51 247
17 -51 247
18 -51 247
19 -51 247
20 -51 247
21 -51 247
22 -51 247
23 -51 247
24 -51 247
25 -51 246
26 -51 246
27 -51 246
28 -51 246
29 -51 246
30 -51 246
31 -51 246
32 -51 245
33 -51 245
34 -51 245
35 -51 245
36 -51 245
37 -51 245
38 -51 244
39 -51 244
40 -51 244
41 -51 244
42 -51 244
43 -51 243
44 -51 243
45 -51 243
46 -51 243
47 -51 242
48 -51 242
49 -51 242
50 -51 242
51 -51 241
52 -51 241
53 -51 241
54 -51 241
55 -51 240
56 -51 240
57 -51 240
58 -51 240
59 -51 239
60 -51 239
61 -51 239
62 -51 238
63 -51 238
64 -51 238
65 -51 237
66 -51 237
67 -51 237
68 -51 236
69 -51 236
70 -51 236
71 -51 235
72 -51 235
73 -51 235
74 -51 234
75 -51 234
76 -51 233
77 -51 233
78 -51 233
79 -51 232
80 -51 232
81 -51 231
82 -51 231
83 -51 231
84 -51 230
85 -51 230
86 -51 229
87 -51 229
88 -51 228
89 -51 228
90 -51 228
91 -51 227
92 -51 227
93 -51 226
94 -51 226
95 -51 225
96 -51 225
97 -51 224
98 -51 224
99 -51 223
100 -51 223
101 -51 222
102 -51 222
103 -51 221
104 -51 221
105 -51 220
106 -51 219
107 -51 219
108 -51 218
109 -51 218
110 -51 217
111 -51 217
112 -51 216
113 -51 215
114 -51 215
115 -51 214
116 -51 214
117 -51 213
118 -51 212
119 -51 212
120 -51 211
121 -51 211
122 -51 210
123 -51 209
124 -51 209
125 -51 208
126 -51 207
127 -51 207
128 -51 206
129 -51 205
130 -51 205
131 -51 204
132 -51 203
133 -51 203
134 -51 202
135 -51 201
136 -51 200
137 -51 200
-137 -50 200
-136 -50 201
-135 -50 201
-134 -50 202
-133 -50 203
-132 -50 204
-131 -50 204
-130 -50 205
-129 -50 206
-128 -50 206
-127 -50 207
-126 -50 208
-125 -50 208
-124 -50 209
-123 -50 210
-122 -50 210
-121 -50 211
-120 -50 211
-119 -50 212
-118 -50 213
-117 -50 213
-116 -50 214
-115 -50 215
-114 -50 215
-113 -50 216
-112 -50 216
-111 -50 217
-110 -50 217
-109 -50 218
-108 -50 219
-107 -50 219
-106 -50 220
-105 -50 220
-104 -50 221
-103 -50 221
-102 -50 222
-101 -50 222
-100 -50 223
-99 -50 223
-98 -50 224
-97 -50 224
-96 -50 225
-95 -50 225
-94 -50 226
-93 -50 226
-92 -50 227
-91 -50 227
-90 -50 228
-89 -50 228
-88 -50 229
-87 -50 229
-86 -50 230
-85 -50 230
-84 -50 230
-83 -50 231
-82 -50 231
-81 -50 232
-80 -50 232
-79 -50 233
-78 -50 233
-77 -50 233
-76 -50 234
-75 -50 234
-74 -50 234
-73 -50 235
-72 -50 235
-71 -50 236
-70 -50 236
-69 -50 236
-68 -50 237
-67 -50 237
-66 -50 237
-65 -50 238
-64 -50 238
-63 -50 238
-62 -50 239
-61 -50 239
-60 -50 239
-59 -50 240
-58 -50 240
-57 -50 240
-56 -50 240
-55 -50 241
-54 -50 241
-53 -50 241
-52 -50 241
-51 -50 242
-50 -50 242
-49 -50 242
-48 -50 243
-47 -50 243
-46 -50 243
-45 -50 243
-44 -50 243
-43 -50 244
-42 -50 244
-41 -50 244
-40 -50 244
-39 -50 244
-38 -50 245
-37 -50 245
-36 -50 245
-35 -50 245
-34 -50 245
-33 -50 246
-32 -50 246
-31 -50 246
-30 -50 246
-29 -50 246
-28 -50 246
-27 -50 246
-26 -50 247
-25 -50 247
-24 -50 247
-23 -50 247
-22 -50 247
-21 -50 247
-20 -50 247
-19 -50 247
-18 -50 247
-17 -50 248
-16 -50 248
-15 -50 248
-14 -50 248
-13 -50 248
-12 -50 248
-11 -50 248
-10 -50 248
-9 -50 248
-8 -50 248
-7 -50 248
-6 -50 248
-5 -50 248
-4 -50 248
-3 -50 248
-2 -50 248
-1 -50 248
0 -50 248
1 -50 248
2 -50 248
3 -50 248
4 -50 248
5 -50 248
6 -50 248
7 -50 248
8 -50 248
9 -50 248
10 -50 248
11 -50 248
12 -50 248
13 -50 248
14 -50 248
15 -50 248
16 -50 248
17 -50 248
18 -50 247
19 -50 247
20 -50 247
21 -50 247
22 -50 247
23 -50 247
24 -50 247
25 -50 247
26 -50 247
27 -50 246
28 -50 246
29 -50 246
30 -50 246
31 -50 246
32 -50 246
33 -50 246
34 -50 245
35 -50 245
36 -50 245
37 -50 245
38 -50 245
39 -50 244
40 -50 244
41 -50 244
42 -50 244
43 -50 244
44 -50 243
45 -50 243
46 -50 243
47 -50 243
48 -50 243
49 -50 242
50 -50 242
51 -50 242
52 -50 241
53 -50 241
54 -50 241
55 -50 241
56 -50 240
57 -50 240
58 -50 240
59 -50 240
60 -50 239
61 -50 239
62 -50 239
63 -50 238
64 -50 238
65 -50 238
66 -50 237
67 -50 237
68 -50 237
69 -50 236
70 -50 236
71 -50 236
72 -50 235
73 -50 235
74 -50 234
75 -50 234
76 -50 234
77 -50 233
78 -50 233
79 -50 233
80 -50 232
81 -50 232
82 -50 231
83 -50 231
84 -50 230
85 -50 230
86 -50 230
87 -50 229
88 -50 229
89 -50 228
90 -50 228
91 -50 227
92 -50 227
93 -50 226
94 -50 226
95 -50 225
96 -50 225
97 -50 224
98 -50 224
99 -50 223
100 -50 223
101 -50 222
102 -50 222
103 -50 221
104 -50 221
105 -50 220
106 -50 220
107 -50 219
108 -50 219
109 -50 218
110 -50 217
111 -50 217
112 -50 216
113 -50 216
114 -50 215
115 -50 215
116 -50 214
117 -50 213
118 -50 213
119 -50 212
120 -50 211
121 -50 211
122 -50 210
123 -50 210
124 -50 209
125 -50 208
126 -50 208
127 -50 207
128 -50 206
129 -50 206
130 -50 205
131 -50 204
132 -50 204
133 -50 203
134 -50 202
135 -50 201
136 -50 201
137 -50 200
-138 -49 200
-137 -49 200
-136 -49 201
-135 -49 202
-134 -49 202
-133 -49 203
-132 -49 204
-131 -49 205
-130 -49 205
-129 -49 206
-128 -49 207
-127 -49 207
-126 -49 208
-125 -49 209
-124 -49 209
-123 -49 210
-122 -49 210
-121 -49 211
-120 -49 212
-119 -49 212
-118 -49 213
-117 -49 214
-116 -49 214
-115 -49 215
-114 -49 215
-113 -49 216
-112 -49 217
-111 -49 217
-110 -49 218
-109 -49 218
-108 -49 219
-107 -49 219
-106 -49 220
-105 -49 220
-104 -49 221
-103 -49 222
-102 -49 222
-101 -49 223
-100 -49 223
-99 -49 224
-98 -49 224
-97 -49 225
-96 -49 225
-95 -49 226
-94 -49 226
-93 -49 227
-92 -49 227
-91 -49 228
-90 -49 228
-89 -49 228
-88 -49 229
-87 -49 229
-86 -49 230
-85 -49 230
-84 -49 231
-83 -49 231
-82 -49 232
-81 -49 232
-80 -49 232
-79 -49 233
-78 -49 233
-77 -49 234
-76 -49 234
-75 -49 234
-74 -49 235
-73 -49 235
-72 -49 235
-71 -49 236
-70 -49 236
-69 -49 237
-68 -49 237
-67 -49 237
-66 -49 238
-65 -49 238
-64 -49 238
-63 -49 239
-62 -49 239
-61 -49 239
-60 -49 239
-59 -49 240
-58 -49 240
-57 -49 240
-56 -49 241
-55 -49 241
-54 -49 241
-53 -49 241
-52 -49 242
-51 -49 242
-50 -49 242
-49 -49 243
-48 -49 243
-47 -49 243
-46 -49 243
-45 -49 243
-44 -49 244
-43 -49 244
-42 -49 244
-41 -49 244
-40 -49 245
-39 -49 245
-38 -49 245
-37 -49 245
-36 -49 245
-35 -49 245
-34 -49 246
-33 -49 246
-32 -49 246
-31 -49 246
-30 -49 246
-29 -49 246
-28 -49 247
-27 -49 247
-26 -49 247
-25 -49 247
-24 -49 247
-23 -49 247
-22 -49 247
-21 -49 247
-20 -49 248
-19 -49 248
-18 -49 248
-17 -49 248
-16 -49 248
-15 -49 248
-14 -49 248
-13 -49 248
-12 -49 248
-11 -49 248
-10 -49 248
-9 -49 248
-8 -49 248
-7 -49 248
-6 -49 248
-5 -49 248
-4 -49 248
-3 -49 249
-2 -49 249
-1 -49 249
0 -49 249
1 -49 249
2 -49 249
3 -49 249
4 -49 248
5 -49 248
6 -49 248
7 -49 248
8 -49 248
9 -49 248
10 -49 248
11 -49 248
12 -49 248
13 -49 248
14 -49 248
15 -49 248
16 -49 248
17 -49 248
18 -49 248
19 -49 248
20 -49 248
21 -49 247
22 -49 247
23 -49 247
24 -49 247
25 -49 247
26 -49 247
27 -49 247
28 -49 247
29 -49 246
30 -49 246
31 -49 246
32 -49 246
33 -49 246
34 -49 246
35 -49 245
36 -49 245
37 -49 245
38 -49 245
39 -49 245
40 -49 245
41 -49 244
42 -49 244
43 -49 244
44 -49 244
45 -49 243
46 -49 243
47 -49 243
48 -49 243
49 -49 243
50 -49 242
51 -49 242
52 -49 242
53 -49 241
54 -49 241
55 -49 241
56 -49 241
57 -49 240
58 -49 240
59 -49 240
60 -49 239
61 -49 239
62 -49 239
63 -49 239
64 -49 238
65 -49 238
66 -49 238
67 -49 237
68 -49 237
69 -49 237
70 -49 236
71 -49 236
72 -49 235
73 -49 235
74 -49 235
75 -49 234
76 -49 234
77 -49 234
78 -49 233
79 -49 233
80 -49 232
81 -49 232
82 -49 232
83 -49 231
84 -49 231
85 -49 230
86 -49 230
87 -49 229
88 -49 229
89 -49 228
90 -49 228
91 -49 228
92 -49 227
93 -49 227
94 -49 226
95 -49 226
96 -49 225
97 -49 225
98 -49 224
99 -49 224
100 -49 223
101 -49 223
102 -49 222
103 -49 222
104 -49 221
105 -49 220
106 -49 220
107 -49 219
108 -49 219
109 -49 218
110 -49 218
111 -49 217
112 -49 217
113 -49 216
114 -49 215
115 -49 215
116 -49 214
117 -49 214
118 -49 213
119 -49 212
120 -49 212
121 -49 211
122 -49 210
123 -49 210
124 -49 209
125 -49 209
126 -49 208
127 -49 207
128 -49 207
129 -49 206
130 -49 205
131 -49 205
132 -49 204
133 -49 203
134 -49 202
135 -49 202
136 -49 201
137 -49 200
138 -49 200
-138 -48 200
-137 -48 201
-136 -48 201
-135 -48 202
-134 -48 203
-133 -48 203
-132 -48 204
-131 -48 205
-130 -48 205
-129 -48 206
-128 -48 207
-127 -48 207
-126 -48 208
-125 -48 209
-124 -48 209
-123 -48 210
-122 -48 211
-121 -48 211
-120 -48 212
-119 -48 213
-118 -48 213
-117 -48 214
-116 -48 214
-115 -48 215
-114 -48 216
-113 -48 216
-112 -48 217
-111 -48 217
-110 -48 218
-109 -48 219
-108 -48 219
-107 -48 220
-106 -48 220
-105 -48 221
-104 -48 221
-103 -48 222
-102 -48 222
-101 -48 223
-100 -48 223
-99 -48 224
-98 -48 224
-97 -48 225
-96 -48 225
-95 -48 226
-94 -48 226
-93 -48 227
-92 -48 227
-91 -48 228
-90 -48 228
-89 -48 229
-88 -48 229
-87 -48 230
-86 -48 230
-85 -48 231
-84 -48 231
-83 -48 231
-82 -48 232
-81 -48 232
-80 -48 233
-79 -48 233
-78 -48 233
-77 -48 234
-76 -48 234
-75 -48 235
-74 -48 235
-73 -48 235
-72 -48 236
-71 -48 236
-70 -48 236
-69 -48 237
-68 -48 237
-67 -48 237
-66 -48 238
-65 -48 238
-64 -48 238
-63 -48 239
-62 -48 239
-61 -48 239
-60 -48 240
-59 -48 240
-58 -48 240
-57 -48 241
-56 -48 241
-55 -48 241
-54 -48 241
-53 -48 242
-52 -48 242
-51 -48 242
-50 -48 243
-49 -48 243
-48 -48 243
-47 -48 243
-46 -48 243
-45 -48 244
-44 -48 244
-43 -48 244
-42 -48 244
-41 -48 245
-40 -48 245
-39 -48 245
-38 -48 245
-37 -48 245
-36 -48 246
-35 -48 246
-34 -48 246
-33 -48 246
-32 -48 246
-31 -48 246
-30 -48 247
-29 -48 247
-28 -48 247
-27 -48 247
-26 -48 247
-25 -48 247
-24 -48 247
-23 -48 247
-22 -48 248
-21 -48 248
-20 -48 248
-19 -48 248
-18 -48 248
-17 -48 248
-16 -48 248
-15 -48 248
-14 -48 248
-13 -48 248
-12 -48 248
-11 -48 248
-10 -48 249
-9 -48 249
-8 -48 249
-7 -48 249
-6 -48 249
-5 -48 249
-4 -48 249
-3 -48 249
-2 -48 249
-1 -48 249
0 -48 249
1 -48 249
2 -48 249
3 -48 249
4 -48 249
5 -48 249
6 -48 249
7 -48 249
8 -48 249
9 -48 249
10 -48 249
11 -48 248
12 -48 248
13 -48 248
14 -48 248
15 -48 248
16 -48 248
17 -48 248
18 -48 248
19 -48 248
20 -48 248
21 -48 248
22 -48 248
23 -48 247
24 -48 247
25 -48 247
26 -48 247
27 -48 247
28 -48 247
29 -48 247
30 -48 247
31 -48 246
32 -48 246
33 -48 246
34 -48 246
35 -48 246
36 -48 246
37 -48 245
38 -48 245
39 -48 245
40 -48 245
41 -48 245
42 -48 244
43 -48 244
44 -48 244
45 -48 244
46 -48 243
47 -48 243
48 -48 243
49 -48 243
50 -48 243
51 -48 242
52 -48 242
53 -48 242
54 -48 241
55 -48 241
56 -48 241
57 -48 241
58 -48 240
59 -48 240
60 -48 240
61 -48 239
62 -48 239
63 -48 239
64 -48 238
65 -48 238
66 -48 238
67 -48 237
68 -48 237
69 -48 237
70 -48 236
71 -48 236
72 -48 236
73 -48 235
74 -48 235
75 -48 235
76 -48 234
77 -48 234
78 -48 233
79 -48 233
80 -48 233
81 -48 232
82 -48 232
83 -48 231
84 -48 231
85 -48 231
86 -48 230
87 -48 230
88 -48 229
89 -48 229
90 -48 228
91 -48 228
92 -48 227
93 -48 227
94 -48 226
95 -48 226
96 -48 225
97 -48 225
98 -48 224
99 -48 224
100 -48 223
101 -48 223
102 -48 222
103 -48 222
104 -48 221
105 -48 221
106 -48 220
107 -48 220
108 -48 219
109 -48 219
110 -48 218
111 -48 217
112 -48 217
113 -48 216
114 -48 216
115 -48 215
116 -48 214
117 -48 214
118 -48 213
119 -48 213
120 -48 212
121 -48 211
122 -48 211
123 -48 210
124 -48 209
125 -48 209
126 -48 208
127 -48 207
128 -48 207
129 -48 206
130 -48 205
131 -48 205
132 -48 204
133 -48 203
134 -48 203
135 -48 202
136 -48 201
137 -48 201
138 -48 200
-138 -47 200
-137 -47 201
-136 -47 202
-135 -47 202
-134 -47 203
-133 -47 204
-132 -47 204
-131 -47 205
-130 -47 206
-129 -47 206
-128 -47 207
-127 -47 208
-126 -47 208
-125 -47 209
-124 -47 210
-123 -47 210
-122 -47 211
-121 -47 212
-120 -47 212
-119 -47 213
-118 -47 213
-117 -47 214
-116 -47 215
-115 -47 215
-114 -47 216
-113 -47 216
-112 -47 217
-111 -47 218
-110 -47 218
-109 -47 219
-108 -47 219
-107 -47 220
-106 -47 220
-105 -47 221
-104 -47 222
-103 -47 222
-102 -47 223
-101 -47 223
-100 -47 224
-99 -47 224
-98 -47 225
-97 -47 225
-96 -47 226
-95 -47 226
-94 -47 227
-93 -47 227
-92 -47 228
-91 -47 228
-90 -47 229
-89 -47 229
-88 -47 229
-87 -47 230
-86 -47 230
-85 -47 231
-84 -47 231
-83 -47 232
-82 -47 232
-81 -47 232
-80 -47 233
-79 -47 233
-78 -47 234
-77 -47 234
-76 -47 234
-75 -47 235
-74 -47 235
-73 -47 236
-72 -47 236
-71 -47 236
-70 -47 237
-69 -47 237
-68 -47 237
-67 -47 238
-66 -47 238
-65 -47 238
-64 -47 239
-63 -47 239
-62 -47 239
-61 -47 240
-60 -47 240
-59 -47 240
-58 -47 241
-57 -47 241
-56 -47 241
-55 -47 241
-54 -47 242
-53 -47 242
-52 -47 242
-51 -47 242
-50 -47 243
-49 -47 243
-48 -47 243
-47 -47 243
-46 -47 244
-45 -47 244
-44 -47 244
-43 -47 244
-42 -47 245
-41 -47 245
-40 -47 245
-39 -47 245
-38 -47 245
-37 -47 246
-36 -47 246
-35 -47 246
-34 -47 246
-33 -47 246
-32 -47 246
-31 -47 247
-30 -47 247
-29 -47 247
-28 -47 247
-27 -47 247
-26 -47 247
-25 -47 247
-24 -47 248
-23 -47 248
-22 -47 248
-21 -47 248
-20 -47 248
-19 -47 248
-18 -47 248
-17 -47 248
-16 -47 248
-15 -47 248
-14 -47 249
-13 -47 249
-12 -47 249
-11 -47 249
-10 -47 249
-9 -47 249
-8 -47 249
-7 -47 249
-6 -47 249
-5 -47 249
-4 -47 249
-3 -47 249
-2 -47 249
-1 -47 249
0 -47 249
1 -47 249
2 -47 249
3 -47 249
4 -47 249
5 -47 249
6 -47 249
7 -47 249
8 -47 249
9 -47 249
10 -47 249
11 -47 249
12 -47 249
13 -47 249
14 -47 249
15 -47 248
16 -47 248
17 -47 248
18 -47 248
19 -47 248
20 -47 248
21 -47 248
22 -47 248
23 -47 248
24 -47 248
25 -47 247
26 -47 247
27 -47 247
28 -47 247
29 -47 247
30 -47 247
31 -47 247
32 -47 246
33 -47 246
34 -47 246
35 -47 246
36 -47 246
37 -47 246
38 -47 245
39 -47 245
40 -47 245
41 -47 245
42 -47 245
43 -47 244
44 -47 244
45 -47 244
46 -47 244
47 -47 243
48 -47 243
49 -47 243
50 -47 243
51 -47 242
52 -47 242
53 -47 242
54 -47 242
55 -47 241
56 -47 241
57 -47 241
58 -47 241
59 -47 240
60 -47 240
61 -47 240
62 -47 239
63 -47 239
64 -47 239
65 -47 238
66 -47 238
67 -47 238
68 -47 237
69 -47 237
70 -47 237
71 -47 236
72 -47 236
73 -47 236
74 -47 235
75 -47 235
76 -47 234
77 -47 234
78 -47 234
79 -47 233
80 -47 233
81 -47 232
82 -47 232
83 -47 232
84 -47 231
85 -47 231
86 -47 230
87 -47 230
88 -47 229
89 -47 229
90 -47 229
91 -47 228
92 -47 228
93 -47 227
94 -47 227
95 -47 226
96 -47 226
97 -47 225
98 -47 225
99 -47 224
100 -47 224
101 -47 223
102 -47 223
103 -47 222
104 -47 222
105 -47 221
106 -47 220
107 -47 220
108 -47 219
109 -47 219
110 -47 218
111 -47 218
112 -47 217
113 -47 216
114 -47 216
115 -47 215
116 -47 215
117 -47 214
118 -47 213
119 -47 213
120 -47 212
121 -47 212
122 -47 211
123 -47 210
124 -47 210
125 -47 209
126 -47 208
127 -47 208
128 -47 207
129 -47 206
130 -47 206
131 -47 205
132 -47 204
133 -47 204
134 -47 203
135 -47 202
136 -47 202
137 -47 201
138 -47 200
-139 -46 200
-138 -46 200
-137 -46 201
-136 -46 202
-135 -46 202
-134 -46 203
-133 -46 204
-132 -46 205
-131 -46 205
-130 -46 206
-129 -46 207
-128 -46 207
-127 -46 208
-126 -46 209
-125 -46 209
-124 -46 210
-123 -46 211
-122 -46 211
-121 -46 212
-120 -46 212
-119 -46 213
-118 -46 214
-117 -46 214
-116 -46 215
-115 -46 216
-114 -46 216
-113 -46 217
-112 -46 217
-111 -46 218
-110 -46 218
-109 -46 219
-108 -46 220
-107 -46 220
-106 -46 221
-105 -46 221
-104 -46 222
-103 -46 222
-102 -46 223
-101 -46 223
-100 -46 224
-99 -46 224
-98 -46 225
-97 -46 225
-96 -46 226
-95 -46 226
-94 -46 227
-93 -46 227
-92 -46 228
-91 -46 228
-90 -46 229
-89 -46 229
-88 -46 230
-87 -46 230
-86 -46 231
-85 -46 231
-84 -46 231
-83 -46 232
-82 -46 232
-81 -46 233
-80 -46 233
-79 -46 234
-78 -46 234
-77 -46 234
-76 -46 235
-75 -46 235
-74 -46 235
-73 -46 236
-72 -46 236
-71 -46 237
-70 -46 237
-69 -46 237
-68 -46 238
-67 -46 238
-66 -46 238
-65 -46 239
-64 -46 239
-63 -46 239
-62 -46 240
-61 -46 240
-60 -46 240
-59 -46 241
-58 -46 241
-57 -46 241
-56 -46 241
-55 -46 242
-54 -46 242
-53 -46 242
-52 -46 242
-51 -46 243
-50 -46 243
-49 -46 243
-48 -46 243
-47 -46 244
-46 -46 244
-45 -46 244
-44 -46 244
-43 -46 245
-42 -46 245
-41 -46 245
-40 -46 245
-39 -46 245
-38 -46 246
-37 -46 246
-36 -46 246
-35 -46 246
-34 -46 246
-33 -46 247
-32 -46 247
-31 -46 247
-30 -46 247
-29 -46 247
-28 -46 247
-27 -46 247
-26 -46 248
-25 -46 248
-24 -46 248
-23 -46 248
-22 -46 248
-21 -46 248
-20 -46 248
-19 -46 248
-18 -46 248
-17 -46 249
-16 -46 249
-15 -46 249
-14 -46 249
-13 -46 249
-12 -46 249
-11 -46 249
-10 -46 249
-9 -46 249
-8 -46 249
-7 -46 249
-6 -46 249
-5 -46 249
-4 -46 249
-3 -46 249
-2 -46 249
-1 -46 249
0 -46 249
1 -46 249
2 -46 249
3 -46 249
4 -46 249
5 -46 249
6 -46 249
7 -46 249
8 -46 249
9 -46 249
10 -46 249
11 -46 249
12 -46 249
13 -46 249
14 -46 249
15 -46 249
16 -46 249
17 -46 249
18 -46 248
19 -46 248
20 -46 248
21 -46 248
22 -46 248
23 -46 248
24 -46 248
25 -46 248
26 -46 248
27 -46 247
28 -46 247
29 -46 247
30 -46 247
31 -46 247
32 -46 247
33 -46 247
34 -46 246
35 -46 246
36 -46 246
37 -46 246
38 -46 246
39 -46 245
40 -46 245
41 -46 245
42 -46 245
43 -46 245
44 -46 244
45 -46 244
46 -46 244
47 -46 244
48 -46 243
49 -46 243
50 -46 243
51 -46 243
52 -46 242
53 -46 242
54 -46 242
55 -46 242
56 -46 241
57 -46 241
58 -46 241
59 -46 241
60 -46 240
61 -46 240
62 -46 240
63 -46 239
64 -46 239
65 -46 239
66 -46 238
67 -46 238
68 -46 238
69 -46 237
70 -46 237
71 -46 237
72 -46 236
73 -46 236
74 -46 235
75 -46 235
76 -46 235
77 -46 234
78 -46 234
79 -46 234
80 -46 233
81 -46 233
82 -46 232
83 -46 232
84 -46 231
85 -46 231
86 -46 231
87 -46 230
88 -46 230
89 -46 229
90 -46 229
91 -46 228
92 -46 228
93 -46 227
94 -46 227
95 -46 226
96 -46 226
97 -46 225
98 -46 225
99 -46 224
100 -46 224
101 -46 223
102 -46 223
103 -46 222
104 -46 222
105 -46 221
106 -46 221
107 -46 220
108 -46 220
109 -46 219
110 -46 218
111 -46 218
112 -46 217
113 -46 217
114 -46 216
115 -46 216
116 -46 215
117 -46 214
118 -46 214
119 -46 213
120 -46 212
121 -46 212
122 -46 211
123 -46 211
124 -46 210
125 -46 209
126 -46 209
127 -46 208
128 -46 207
129 -46 207
130 -46 206
131 -46 205
132 -46 205
133 -46 204
134 -46 203
135 -46 202
136 -46 202
137 -46 201
138 -46 200
139 -46 200
-139 -45 200
-138 -45 201
-137 -45 201
-136 -45 202
-135 -45 203
-134 -45 203
-133 -45 204
-132 -45 205
-131 -45 205
-130 -45 206
-129 -45 207
-128 -45 208
-127 -45 208
-126 -45 209
-125 -45 210
-124 -45 210
-123 -45 211
-122 -45 211
-121 -45 212
-120 -45 213
-119 -45 213
-118 -45 214
-117 -45 215
-116 -45 215
-115 -45 216
-114 -45 216
-113 -45 217
-112 -45 218
-111 -45 218
-110 -45 219
-109 -45 219
-108 -45 220
-107 -45 220
-106 -45 221
-105 -45 221
-104 -45 222
-103 -45 223
-102 -45 223
-101 -45 224
-100 -45 224
-99 -45 225
-98 -45 225
-97 -45 226
-96 -45 226
-95 -45 227
-94 -45 227
-93 -45 228
-92 -45 228
-91 -45 229
-90 -45 229
-89 -45 229
-88 -45 230
-87 -45 230
-86 -45 231
-85 -45 231
-84 -45 232
-83 -45 232
-82 -45 233
-81 -45 233
-80 -45 233
-79 -45 234
-78 -45 234
-77 -45 235
-76 -45 235
-75 -45 235
-74 -45 236
-73 -45 236
-72 -45 236
-71 -45 237
-70 -45 237
-69 -45 237
-68 -45 238
-67 -45 238
-66 -45 239
-65 -45 239
-64 -45 239
-63 -45 239
-62 -45 240
-61 -45 240
-60 -45 240
-59 -45 241
-58 -45 241
-57 -45 241
-56 -45 242
-55 -45 242
-54 -45 242
-53 -45 242
-52 -45 243
-51 -45 243
-50 -45 243
-49 -45 243
-48 -45 244
-47 -45 244
-46 -45 244
-45 -45 244
-44 -45 245
-43 -45 245
-42 -45 245
-41 -45 245
-40 -45 245
-39 -45 246
-38 -45 246
-37 -45 246
-36 -45 246
-35 -45 246
-34 -45 247
-33 -45 247
-32 -45 247
-31 -45 247
-30 -45 247
-29 -45 247
-28 -45 248
-27 -45 248
-26 -45 248
-25 -45 248
-24 -45 248
-23 -45 248
-22 -45 248
-21 -45 248
-20 -45 248
-19 -45 249
-18 -45 249
-17 -45 249
-16 -45 249
-15 -45 249
-14 -45 249
-13 -45 249
-12 -45 249
-11 -45 249
-10 -45 249
-9 -45 249
-8 -45 249
-7 -45 249
-6 -45 249
-5 -45 249
-4 -45 249
-3 -45 249
-2 -45 249
-1 -45 249
0 -45 249
1 -45 249
2 -45 249
3 -45 249
4 -45 249
5 -45 249
6 -45 249
7 -45 249
8 -45 249
9 -45 249
10 -45 249
11 -45 249
12 -45 249
13 -45 249
14 -45 249
15 -45 249
16 -45 249
17 -45 249
18 -45 249
19 -45 249
20 -45 248
21 -45 248
22 -45 248
23 -45 248
24 -45 248
25 -45 248
26 -45 248
27 -45 248
28 -45 248
29 -45 247
30 -45 247
31 -45 247
32 -45 247
33 -45 247
34 -45 247
35 -45 246
36 -45 246
37 -45 246
38 -45 246
39 -45 246
40 -45 245
41 -45 245
42 -45 245
43 -45 245
44 -45 245
45 -45 244
46 -45 244
47 -45 244
48 -45 244
49 -45 243
50 -45 243
51 -45 243
52 -45 243
53 -45 242
54 -45 242
55 -45 242
56 -45 242
57 -45 241
58 -45 241
59 -45 241
60 -45 240
61 -45 240
62 -45 240
63 -45 239
64 -45 239
65 -45 239
66 -45 239
67 -45 238
68 -45 238
69 -45 237
70 -45 237
71 -45 237
72 -45 236
73 -45 236
74 -45 236
75 -45 235
76 -45 235
77 -45 235
78 -45 234
79 -45 234
80 -45 233
81 -45 233
82 -45 233
83 -45 232
84 -45 232
85 -45 231
86 -45 231
87 -45 230
88 -45 230
89 -45 229
90 -45 229
91 -45 229
92 -45 228
93 -45 228
94 -45 227
95 -45 227
96 -45 226
97 -45 226
98 -45 225
99 -45 225
100 -45 224
101 -45 224
102 -45 223
103 -45 223
104 -45 222
105 -45 221
106 -45 221
107 -45 220
108 -45 220
109 -45 219
110 -45 219
111 -45 218
112 -45 218
113 -45 217
114 -45 216
115 -45 216
116 -45 215
117 -45 215
118 -45 214
119 -45 213
120 -45 213
121 -45 212
122 -45 211
123 -45 211
124 -45 210
125 -45 210
126 -45 209
127 -45 208
128 -45 208
129 -45 207
130 -45 206
131 -45 205
132 -45 205
133 -45 204
134 -45 203
135 -45 203
136 -45 202
137 -45 201
138 -45 201
139 -45 200
-139 -44 200
-138 -44 201
-137 -44 202
-136 -44 202
-135 -44 203
-134 -44 204
-133 -44 204
-132 -44 205
-131 -44 206
-130 -44 206
-129 -44 207
-128 -44 208
-127 -44 208
-126 -44 209
-125 -44 210
-124 -44 210
-123 -44 211
-122 -44 212
-121 -44 212
-120 -44 213
-119 -44 214
-118 -44 214
-117 -44 215
-116 -44 215
-115 -44 216
-114 -44 217
-113 -44 217
-112 -44 218
-111 -44 218
-110 -44 219
-109 -44 219
-108 -44 220
-107 -44 221
-106 -44 221
-105 -44 222
-104 -44 222
-103 -44 223
-102 -44 223
-101 -44 224
-100 -44 224
-99 -44 225
-98 -44 225
-97 -44 226
-96 -44 226
-95 -44 227
-94 -44 227
-93 -44 228
-92 -44 228
-91 -44 229
-90 -44 229
-89 -44 230
-88 -44 230
-87 -44 231
-86 -44 231
-85 -44 231
-84 -44 232
-83 -44 232
-82 -44 233
-81 -44 233
-80 -44 234
-79 -44 234
-78 -44 234
-77 -44 235
-76 -44 235
-75 -44 236
-74 -44 236
-73 -44 236
-72 -44 237
-71 -44 237
-70 -44 237
-69 -44 238
-68 -44 238
-67 -44 238
-66 -44 239
-65 -44 239
-64 -44 239
-63 -44 240
-62 -44 240
-61 -44 240
-60 -44 241
-59 -44 241
-58 -44 241
-57 -44 242
-56 -44 242
-55 -44 242
-54 -44 242
-53 -44 243
-52 -44 243
-51 -44 243
-50 -44 243
-49 -44 244
-48 -44 244
-47 -44 244
-46 -44 244
-45 -44 245
-44 -44 245
-43 -44 245
-42 -44 245
-41 -44 245
-40 -44 246
-39 -44 246
-38 -44 246
-37 -44 246
-36 -44 246
-35 -44 247
-34 -44 247
-33 -44 247
-32 -44 247
-31 -44 247
-30 -44 247
-29 -44 248
-28 -44 248
-27 -44 248
-26 -44 248
-25 -44 248
-24 -44 248
-23 -44 248
-22 -44 248
-21 -44 249
-20 -44 249
-19 -44 249
-18 -44 249
-17 -44 249
-16 -44 249
-15 -44 249
-14 -44 249
-13 -44 249
-12 -44 249
-11 -44 249
-10 -44 249
-9 -44 249
-8 -44 250
-7 -44 250
-6 -44 250
-5 -44 250
-4 -44 250
-3 -44 250
-2 -44 250
-1 -44 250
0 -44 250
1 -44 250
2 -44 250
3 -44 250
4 -44 250
5 -44 250
6 -44 250
7 -44 250
8 -44 250
9 -44 249
10 -44 249
11 -44 249
12 -44 249
13 -44 249
14 -44 249
15 -44 249
16 -44 249
17 -44 249
18 -44 249
19 -44 249
20 -44 249
21 -44 249
22 -44 248
23 -44 248
24 -44 248
25 -44 248
26 -44 248
27 -44 248
28 -44 248
29 -44 248
30 -44 247
31 -44 247
32 -44 247
33 -44 247
34 -44 247
35 -44 247
36 -44 246
37 -44 246
38 -44 246
39 -44 246
40 -44 246
41 -44 245
42 -44 245
43 -44 245
44 -44 245
45 -44 245
46 -44 244
47 -44 244
48 -44 244
49 -44 244
50 -44 243
51 -44 243
52 -44 243
53 -44 243
54 -44 242
55 -44 242
56 -44 242
57 -44 242
58 -44 241
59 -44 241
60 -44 241
61 -44 240
62 -44 240
63 -44 240
64 -44 239
65 -44 239
66 -44 239
67 -44 238
68 -44 238
69 -44 238
70 -44 237
71 -44 237
72 -44 237
73 -44 236
74 -44 236
75 -44 236
76 -44 235
77 -44 235
78 -44 234
79 -44 234
80 -44 234
81 -44 233
82 -44 233
83 -44 232
84 -44 232
85 -44 231
86 -44 231
87 -44 231
88 -44 230
89 -44 230
90 -44 229
91 -44 229
92 -44 228
93 -44 228
94 -44 227
95 -44 227
96 -44 226
97 -44 226
98 -44 225
99 -44 225
100 -44 224
101 -44 224
102 -44 223
103 -44 223
104 -44 222
105 -44 222
106 -44 221
107 -44 221
108 -44 220
109 -44 219
110 -44 219
111 -44 218
112 -44 218
113 -44 217
114 -44 217
115 -44 216
116 -44 215
117 -44 215
118 -44 214
119 -44 214
120 -44 213
121 -44 212
122 -44 212
123 -44 211
124 -44 210
125 -44 210
126 -44 209
127 -44 208
128 -44 208
129 -44 207
130 -44 206
131 -44 206
132 -44 205
133 -44 204
134 -44 204
135 -44 203
136 -44 202
137 -44 202
138 -44 201
139 -44 200
-140 -43 200
-139 -43 200
-138 -43 201
-137 -43 202
-136 -43 202
-135 -43 203
-134 -43 204
-133 -43 205
-132 -43 205
-131 -43 206
-130 -43 207
-129 -43 207
-128 -43 208
-127 -43 209
-126 -43 209
-125 -43 210
-124 -43 211
-123 -43 211
-122 -43 212
-121 -43 213
-120 -43 213
-119 -43 214
-118 -43 214
-117 -43 215
-116 -43 216
-115 -43 216
-114 -43 217
-113 -43 217
-112 -43 218
-111 -43 219
-110 -43 219
-109 -43 220
-108 -43 220
-107 -43 221
-106 -43 221
-105 -43 222
-104 -43 222
-103 -43 223
-102 -43 224
-101 -43 224
-100 -43 225
-99 -43 225
-98 -43 226
-97 -43 226
-96 -43 227
-95 -43 227
-94 -43 228
-93 -43 228
-92 -43 229
-91 -43 229
-90 -43 229
-89 -43 230
-88 -43 230
-87 -43 231
-86 -43 231
-85 -43 232
-84 -43 232
-83 -43 233
-82 -43 233
-81 -43 233
-80 -43 234
-79 -43 234
-78 -43 235
-77 -43 235
-76 -43 235
-75 -43 236
-74 -43 236
-73 -43 236
-72 -43 237
-71 -43 237
-70 -43 238
-69 -43 238
-68 -43 238
-67 -43 239
-66 -43 239
-65 -43 239
-64 -43 240
-63 -43 240
-62 -43 240
-61 -43 241
-60 -43 241
-59 -43 241
-58 -43 241
-57 -43 242
-56 -43 242
-55 -43 242
-54 -43 243
-53 -43 243
-52 -43 243
-51 -43 243
-50 -43 244
-49 -43 244
-48 -43 244
-47 -43 244
-46 -43 245
-45 -43 245
-44 -43 245
-43 -43 245
-42 -43 245
-41 -43 246
-40 -43 246
-39 -43 246
-38 -43 246
-37 -43 246
-36 -43 247
-35 -43 247
-34 -43 247
-33 -43 247
-32 -43 247
-31 -43 248
-30 -43 248
-29 -43 248
-28 -43 248
-27 -43 248
-26 -43 248
-25 -43 248
-24 -43 248
-23 -43 249
-22 -43 249
-21 -43 249
-20 -43 249
-19 -43 249
-18 -43 249
-17 -43 249
-16 -43 249
-15 -43 249
-14 -43 249
-13 -43 249
-12 -43 250
-11 -43 250
-10 -43 250
-9 -43 250
-8 -43 250
-7 -43 250
-6 -43 250
-5 -43 250
-4 -43 250
-3 -43 250
-2 -43 250
-1 -43 250
0 -43 250
1 -43 250
2 -43 250
3 -43 250
4 -43 250
5 -43 250
6 -43 250
7 -43 250
8 -43 250
9 -43 250
10 -43 250
11 -43 250
12 -43 250
13 -43 249
14 -43 249
15 -43 249
16 -43 249
17 -43 249
18 -43 249
19 -43 249
20 -43 249
21 -43 249
22 -43 249
23 -43 249
24 -43 248
25 -43 248
26 -43 248
27 -43 248
28 -43 248
29 -43 248
30 -43 248
31 -43 248
32 -43 247
33 -43 247
34 -43 247
35 -43 247
36 -43 247
37 -43 246
38 -43 246
39 -43 246
40 -43 246
41 -43 246
42 -43 245
43 -43 245
44 -43 245
45 -43 245
46 -43 245
47 -43 244
48 -43 244
49 -43 244
50 -43 244
51 -43 243
52 -43 243
53 -43 243
54 -43 243
55 -43 242
56 -43 242
57 -43 242
58 -43 241
59 -43 241
60 -43 241
61 -43 241
62 -43 240
63 -43 240
64 -43 240
65 -43 239
66 -43 239
67 -43 239
68 -43 238
69 -43 238
70 -43 238
71 -43 237
72 -43 237
73 -43 236
74 -43 236
75 -43 236
76 -43 235
77 -43 235
78 -43 235
79 -43 234
80 -43 234
81 -43 233
82 -43 233
83 -43 233
84 -43 232
85 -43 232
86 -43 231
87 -43 231
88 -43 230
89 -43 230
90 -43 229
91 -43 229
92 -43 229
93 -43 228
94 -43 228
95 -43 227
96 -43 227
97 -43 226
98 -43 226
99 -43 225
100 -43 225
101 -43 224
102 -43 224
103 -43 223
104 -43 222
105 -43 222
106 -43 221
107 -43 221
108 -43 220
109 -43 220
110 -43 219
111 -43 219
112 -43 218
113 -43 217
114 -43 217
115 -43 216
116 -43 216
117 -43 215
118 -43 214
119 -43 214
120 -43 213
121 -43 213
122 -43 212
123 -43 211
124 -43 211
125 -43 210
126 -43 209
127 -43 209
128 -43 208
129 -43 207
130 -43 207
131 -43 206
132 -43 205
133 -43 205
134 -43 204
135 -43 203
136 -43 202
137 -43 202
138 -43 201
139 -43 200
140 -43 200
-140 -42 200
-139 -42 201
-138 -42 201
-137 -42 202
-136 -42 203
-135 -42 203
-134 -42 204
-133 -42 205
-132 -42 205
-131 -42 206
-130 -42 207
-129 -42 208
-128 -42 208
-127 -42 209
-126 -42 210
-125 -42 210
-124 -42 211
-123 -42 211
-122 -42 212
-121 -42 213
-120 -42 213
-119 -42 214
-118 -42 215
-117 -42 215
-116 -42 216
-115 -42 216
-114 -42 217
-113 -42 218
-112 -42 218
-111 -42 219
-110 -42 219
-109 -42 220
-108 -42 220
-107 -42 221
-106 -42 222
-105 -42 222
-104 -42 223
-103 -42 223
-102 -42 224
-101 -42 224
-100 -42 225
-99 -42 225
-98 -42 226
-97 -42 226
-96 -42 227
-95 -42 227
-94 -42 228
-93 -42 228
-92 -42 229
-91 -42 229
-90 -42 230
-89 -42 230
-88 -42 231
-87 -42 231
-86 -42 231
-85 -42 232
-84 -42 232
-83 -42 233
-82 -42 233
-81 -42 234
-80 -42 234
-79 -42 234
-78 -42 235
-77 -42 235
-76 -42 236
-75 -42 236
-74 -42 236
-73 -42 237
-72 -42 237
-71 -42 237
-70 -42 238
-69 -42 238
-68 -42 239
-67 -42 239
-66 -42 239
-65 -42 240
-64 -42 240
-63 -42 240
-62 -42 240
-61 -42 241
-60 -42 241
-59 -42 241
-58 -42 242
-57 -42 242
-56 -42 242
-55 -42 243
-54 -42 243
-53 -42 243
-52 -42 243
-51 -42 244
-50 -42 244
-49 -42 244
-48 -42 244
-47 -42 245
-46 -42 245
-45 -42 245
-44 -42 245
-43 -42 245
-42 -42 246
-41 -42 246
-40 -42 246
-39 -42 246
-38 -42 247
-37 -42 247
-36 -42 247
-35 -42 247
-34 -42 247
-33 -42 247
-32 -42 248
-31 -42 248
-30 -42 248
-29 -42 248
-28 -42 248
-27 -42 248
-26 -42 248
-25 -42 249
-24 -42 249
-23 -42 249
-22 -42 249
-21 -42 249
-20 -42 249
-19 -42 249
-18 -42 249
-17 -42 249
-16 -42 249
-15 -42 250
-14 -42 250
-13 -42 250
-12 -42 250
-11 -42 250
-10 -42 250
-9 -42 250
-8 -42 250
-7 -42 250
-6 -42 250
-5 -42 250
-4 -42 250
-3 -42 250
-2 -42 250
-1 -42 250
0 -42 250
1 -42 250
2 -42 250
3 -42 250
4 -42 250
5 -42 250
6 -42 250
7 -42 250
8 -42 250
9 -42 250
10 -42 250
11 -42 250
12 -42 250
13 -42 250
14 -42 250
15 -42 250
16 -42 249
17 -42 249
18 -42 249
19 -42 249
20 -42 249
21 -42 249
22 -42 249
23 -42 249
24 -42 249
25 -42 249
26 -42 248
27 -42 248
28 -42 248
29 -42 248
30 -42 248
31 -42 248
32 -42 248
33 -42 247
34 -42 247
35 -42 247
36 -42 247
37 -42 247
38 -42 247
39 -42 246
40 -42 246
41 -42 246
42 -42 246
43 -42 245
44 -42 245
45 -42 245
46 -42 245
47 -42 245
48 -42 244
49 -42 244
50 -42 244
51 -42 244
52 -42 243
53 -42 243
54 -42 243
55 -42 243
56 -42 242
57 -42 242
58 -42 242
59 -42 241
60 -42 241
61 -42 241
62 -42 240
63 -42 240
64 -42 240
65 -42 240
66 -42 239
67 -42 239
68 -42 239
69 -42 238
70 -42 238
71 -42 237
72 -42 237
73 -42 237
74 -42 236
75 -42 236
76 -42 236
77 -42 235
78 -42 235
79 -42 234
80 -42 234
81 -42 234
82 -42 233
83 -42 233
84 -42 232
85 -42 232
86 -42 231
87 -42 231
88 -42 231
89 -42 230
90 -42 230
91 -42 229
92 -42 229
93 -42 228
94 -42 228
95 -42 227
96 -42 227
97 -42 226
98 -42 226
99 -42 225
100 -42 225
101 -42 224
102 -42 224
103 -42 223
104 -42 223
105 -42 222
106 -42 222
107 -42 221
108 -42 220
109 -42 220
110 -42 219
111 -42 219
112 -42 218
113 -42 218
114 -42 217
115 -42 216
116 -42 216
117 -42 215
118 -42 215
119 -42 214
120 -42 213
121 -42 213
122 -42 212
123 -42 211
124 -42 211
125 -42 210
126 -42 210
127 -42 209
128 -42 208
129 -42 208
130 -42 207
131 -42 206
132 -42 205
133 -42 205
134 -42 204
135 -42 203
136 -42 203
137 -42 202
138 -42 201
139 -42 201
140 -42 200
-140 -41 200
-139 -41 201
-138 -41 201
-137 -41 202
-136 -41 203
-135 -41 204
-134 -41 204
-133 -41 205
-132 -41 206
-131 -41 206
-130 -41 207
-129 -41 208
-128 -41 208
-127 -41 209
-126 -41 210
-125 -41 210
-124 -41 211
-123 -41 212
-122 -41 212
-121 -41 213
-120 -41 214
-119 -41 214
-118 -41 215
-117 -41 215
-116 -41 216
-115 -41 217
-114 -41 217
-113 -41 218
-112 -41 218
-111 -41 219
-110 -41 220
-109 -41 220
-108 -41 221
-107 -41 221
-106 -41 222
-105 -41 222
-104 -41 223
-103 -41 223
-102 -41 224
-101 -41 224
-100 -41 225
-99 -41 226
-98 -41 226
-97 -41 227
-96 -41 227
-95 -41 227
-94 -41 228
-93 -41 228
-92 -41 229
-91 -41 229
-90 -41 230
-89 -41 230
-88 -41 231
-87 -41 231
-86 -41 232
-85 -41 232
-84 -41 233
-83 -41 233
-82 -41 233
-81 -41 234
-80 -41 234
-79 -41 235
-78 -41 235
-77 -41 235
-76 -41 236
-75 -41 236
-74 -41 237
-73 -41 237
-72 -41 237
-71 -41 238
-70 -41 238
-69 -41 238
-68 -41 239
-67 -41 239
-66 -41 239
-65 -41 240
-64 -41 240
-63 -41 240
-62 -41 241
-61 -41 241
-60 -41 241
-59 -41 242
-58 -41 242
-57 -41 242
-56 -41 242
-55 -41 243
-54 -41 243
-53 -41 243
-52 -41 244
-51 -41 244
-50 -41 244
-49 -41 244
-48 -41 245
-47 -41 245
-46 -41 245
-45 -41 245
-44 -41 245
-43 -41 246
-42 -41 246
-41 -41 246
-40 -41 246
-39 -41 247
-38 -41 247
-37 -41 247
-36 -41 247
-35 -41 247
-34 -41 247
-33 -41 248
-32 -41 248
-31 -41 248
-30 -41 248
-29 -41 248
-28 -41 248
-27 -41 249
-26 -41 249
-25 -41 249
-24 -41 249
-23 -41 249
-22 -41 249
-21 -41 249
-20 -41 249
-19 -41 249
-18 -41 250
-17 -41 250
-16 -41 250
-15 -41 250
-14 -41 250
-13 -41 250
-12 -41 250
-11 -41 250
-10 -41 250
-9 -41 250
-8 -41 250
-7 -41 250
-6 -41 250
-5 -41 250
-4 -41 250
-3 -41 250
-2 -41 250
-1 -41 250
0 -41 250
1 -41 250
2 -41 250
3 -41 250
4 -41 250
5 -41 250
6 -41 250
7 -41 250
8 -41 250
9 -41 250
10 -41 250
11 -41 250
12 -41 250
13 -41 250
14 -41 250
15 -41 250
16 -41 250
17 -41 250
18 -41 250
19 -41 249
20 -41 249
21 -41 249
22 -41 249
23 -41 249
24 -41 249
25 -41 249
26 -41 249
27 -41 249
28 -41 248
29 -41 248
30 -41 248
31 -41 248
32 -41 248
33 -41 248
34 -41 247
35 -41 247
36 -41 247
37 -41 247
38 -41 247
39 -41 247
40 -41 246
41 -41 246
42 -41 246
43 -41 246
44 -41 245
45 -41 245
46 -41 245
47 -41 245
48 -41 245
49 -41 244
50 -41 244
51 -41 244
52 -41 244
53 -41 243
54 -41 243
55 -41 243
56 -41 242
57 -41 242
58 -41 242
59 -41 242
60 -41 241
61 -41 241
62 -41 241
63 -41 240
64 -41 240
65 -41 240
66 -41 239
67 -41 239
68 -41 239
69 -41 238
70 -41 238
71 -41 238
72 -41 237
73 -41 237
74 -41 237
75 -41 236
76 -41 236
77 -41 235
78 -41 235
79 -41 235
80 -41 234
81 -41 234
82 -41 233
83 -41 233
84 -41 233
85 -41 232
86 -41 232
87 -41 231
88 -41 231
89 -41 230
90 -41 230
91 -41 229
92 -41 229
93 -41 228
94 -41 228
95 -41 227
96 -41 227
97 -41 227
98 -41 226
99 -41 226
100 -41 225
101 -41 224
102 -41 224
103 -41 223
104 -41 223
105 -41 222
106 -41 222
107 -41 221
108 -41 221
109 -41 220
110 -41 220
111 -41 219
112 -41 218
113 -41 218
114 -41 217
115 -41 217
116 -41 216
117 -41 215
118 -41 215
119 -41 214
120 -41 214
121 -41 213
122 -41 212
123 -41 212
124 -41 211
125 -41 210
126 -41 210
127 -41 209
128 -41 208
129 -41 208
130 -41 207
131 -41 206
132 -41 206
133 -41 205
134 -41 204
135 -41 204
136 -41 203
137 -41 202
138 -41 201
139 -41 201
140 -41 200
-140 -40 200
-139 -40 201
-138 -40 202
-137 -40 202
-136 -40 203
-135 -40 204
-134 -40 205
-133 -40 205
-132 -40 206
-131 -40 207
-130 -40 207
-129 -40 208
-128 -40 209
-127 -40 209
-126 -40 210
-125 -40 211
-124 -40 211
-123 -40 212
-122 -40 213
-121 -40 213
-120 -40 214
-119 -40 214
-118 -40 215
-117 -40 216
-116 -40 216
-115 -40 217
-114 -40 217
-113 -40 218
-112 -40 219
-111 -40 219
-110 -40 220
-109 -40 220
-108 -40 221
-107 -40 221
-106 -40 222
-105 -40 223
-104 -40 223
-103 -40 224
-102 -40 224
-101 -40 225
-100 -40 225
-99 -40 226
-98 -40 226
-97 -40 227
-96 -40 227
-95 -40 228
-94 -40 228
-93 -40 229
-92 -40 229
-91 -40 230
-90 -40 230
-89 -40 231
-88 -40 231
-87 -40 231
-86 -40 232
-85 -40 232
-84 -40 233
-83 -40 233
-82 -40 234
-81 -40 234
-80 -40 234
-79 -40 235
-78 -40 235
-77 -40 236
-76 -40 236
-75 -40 236
-74 -40 237
-73 -40 237
-72 -40 237
-71 -40 238
-70 -40 238
-69 -40 239
-68 -40 239
-67 -40 239
-66 -40 240
-65 -40 240
-64 -40 240
-63 -40 241
-62 -40 241
-61 -40 241
-60 -40 242
-59 -40 242
-58 -40 242
-57 -40 242
-56 -40 243
-55 -40 243
-54 -40 243
-53 -40 243
-52 -40 244
-51 -40 244
-50 -40 244
-49 -40 245
-48 -40 245
-47 -40 245
-46 -40 245
-45 -40 245
-44 -40 246
-43 -40 246
-42 -40 246
-41 -40 246
-40 -40 247
-39 -40 247
-38 -40 247
-37 -40 247
-36 -40 247
-35 -40 247
-34 -40 248
-33 -40 248
-32 -40 248
-31 -40 248
-30 -40 248
-29 -40 248
-28 -40 249
-27 -40 249
-26 -40 249
-25 -40 249
-24 -40 249
-23 -40 249
-22 -40 249
-21 -40 249
-20 -40 250
-19 -40 250
-18 -40 250
-17 -40 250
-16 -40 250
-15 -40 250
-14 -40 250
-13 -40 250
-12 -40 250
-11 -40 250
-10 -40 250
-9 -40 250
-8 -40 250
-7 -40 250
-6 -40 250
-5 -40 250
-4 -40 250
-3 -40 251
-2 -40 251
-1 -40 251
0 -40 251
1 -40 251
2 -40 251
3 -40 251
4 -40 250
5 -40 250
6 -40 250
7 -40 250
8 -40 250
9 -40 250
10 -40 250
11 -40 250
12 -40 250
13 -40 250
14 -40 250
15 -40 250
16 -40 250
17 -40 250
18 -40 250
19 -40 250
20 -40 250
21 -40 249
22 -40 249
23 -40 249
24 -40 249
25 -40 249
26 -40 249
27 -40 249
28 -40 249
29 -40 248
30 -40 248
31 -40 248
32 -40 248
33 -40 248
34 -40 248
35 -40 247
36 -40 247
37 -40 247
38 -40 247
39 -40 247
40 -40 247
41 -40 246
42 -40 246
43 -40 246
44 -40 246
45 -40 245
46 -40 245
47 -40 245
48 -40 245
49 -40 245
50 -40 244
51 -40 244
52 -40 244
53 -40 243
54 -40 243
55 -40 243
56 -40 243
57 -40 242
58 -40 242
59 -40 242
60 -40 242
61 -40 241
62 -40 241
63 -40 241
64 -40 240
65 -40 240
66 -40 240
67 -40 239
68 -40 239
69 -40 239
70 -40 238
71 -40 238
72 -40 237
73 -40 237
74 -40 237
75 -40 236
76 -40 236
77 -40 236
78 -40 235
79 -40 235
80 -40 234
81 -40 234
82 -40 234
83 -40 233
84 -40 233
85 -40 232
86 -40 232
87 -40 231
88 -40 231
89 -40 231
90 -40 230
91 -40 230
92 -40 229
93 -40 229
94 -40 228
95 -40 228
96 -40 227
97 -40 227
98 -40 226
99 -40 226
100 -40 225
101 -40 225
102 -40 224
103 -40 224
104 -40 223
105 -40 223
106 -40 222
107 -40 221
108 -40 221
109 -40 220
110 -40 220
111 -40 219
112 -40 219
113 -40 218
114 -40 217
115 -40 217
116 -40 216
117 -40 216
118 -40 215
119 -40 214
120 -40 214
121 -40 213
122 -40 213
123 -40 212
124 -40 211
125 -40 211
126 -40 210
127 -40 209
128 -40 209
129 -40 208
130 -40 207
131 -40 207
132 -40 206
133 -40 205
134 -40 205
135 -40 204
136 -40 203
137 -40 202
138 -40 202
139 -40 201
140 -40 200
-141 -39 200
-140 -39 200
-139 -39 201
-138 -39 202
-137 -39 203
-136 -39 203
-135 -39 204
-134 -39 205
-133 -39 205
-132 -39 206
-131 -39 207
-130 -39 207
-129 -39 208
-128 -39 209
-127 -39 210
-126 -39 210
-125 -39 211
-124 -39 211
-123 -39 212
-122 -39 213
-121 -39 213
-120 -39 214
-119 -39 215
-118 -39 215
-117 -39 216
-116 -39 216
-115 -39 217
-114 -39 218
-113 -39 218
-112 -39 219
-111 -39 219
-110 -39 220
-109 -39 221
-108 -39 221
-107 -39 222
-106 -39 222
-105 -39 223
-104 -39 223
-103 -39 224
-102 -39 224
-101 -39 225
-100 -39 225
-99 -39 226
-98 -39 226
-97 -39 227
-96 -39 227
-95 -39 228
-94 -39 228
-93 -39 229
-92 -39 229
-91 -39 230
-90 -39 230
-89 -39 231
-88 -39 231
-87 -39 232
-86 -39 232
-85 -39 233
-84 -39 233
-83 -39 233
-82 -39 234
-81 -39 234
-80 -39 235
-79 -39 235
-78 -39 235
-77 -39 236
-76 -39 236
-75 -39 237
-74 -39 237
-73 -39 237
-72 -39 238
-71 -39 238
-70 -39 238
-69 -39 239
-68 -39 239
-67 -39 239
-66 -39 240
-65 -39 240
-64 -39 240
-63 -39 241
-62 -39 241
-61 -39 241
-60 -39 242
-59 -39 242
-58 -39 242
-57 -39 243
-56 -39 243
-55 -39 243
-54 -39 243
-53 -39 244
-52 -39 244
-51 -39 244
-50 -39 244
-49 -39 245
-48 -39 245
-47 -39 245
-46 -39 245
-45 -39 246
-44 -39 246
-43 -39 246
-42 -39 246
-41 -39 247
-40 -39 247
-39 -39 247
-38 -39 247
-37 -39 247
-36 -39 247
-35 -39 248
-34 -39 248
-33 -39 248
-32 -39 248
-31 -39 248
-30 -39 248
-29 -39 249
-28 -39 249
-27 -39 249
-26 -39 249
-25 -39 249
-24 -39 249
-23 -39 249
-22 -39 250
-21 -39 250
-20 -39 250
-19 -39 250
-18 -39 250
-17 -39 250
-16 -39 250
-15 -39 250
-14 -39 250
-13 -39 250
-12 -39 250
-11 -39 250
-10 -39 250
-9 -39 251
-8 -39 251
-7 -39 251
-6 -39 251
-5 -39 251
-4 -39 251
-3 -39 251
-2 -39 251
-1 -39 251
0 -39 251
1 -39 251
2 -39 251
3 -39 251
4 -39 251
5 -39 251
6 -39 251
7 -39 251
8 -39 251
9 -39 251
10 -39 250
11 -39 250
12 -39 250
13 -39 250
14 -39 250
15 -39 250
16 -39 250
17 -39 250
18 -39 250
19 -39 250
20 -39 250
21 -39 250
22 -39 250
23 -39 249
24 -39 249
25 -39 249
26 -39 249
27 -39 249
28 -39 249
29 -39 249
30 -39 248
31 -39 248
32 -39 248
33 -39 248
34 -39 248
35 -39 248
36 -39 247
37 -39 247
38 -39 247
39 -39 247
40 -39 247
41 -39 247
42 -39 246
43 -39 246
44 -39 246
45 -39 246
46 -39 245
47 -39 245
48 -39 245
49 -39 245
50 -39 244
51 -39 244
52 -39 244
53 -39 244
54 -39 243
55 -39 243
56 -39 243
57 -39 243
58 -39 242
59 -39 242
60 -39 242
61 -39 241
62 -39 241
63 -39 241
64 -39 240
65 -39 240
66 -39 240
67 -39 239
68 -39 239
69 -39 239
70 -39 238
71 -39 238
72 -39 238
73 -39 237
74 -39 237
75 -39 237
76 -39 236
77 -39 236
78 -39 235
79 -39 235
80 -39 235
81 -39 234
82 -39 234
83 -39 233
84 -39 233
85 -39 233
86 -39 232
87 -39 232
88 -39 231
89 -39 231
90 -39 230
91 -39 230
92 -39 229
93 -39 229
94 -39 228
95 -39 228
96 -39 227
97 -39 227
98 -39 226
99 -39 226
100 -39 225
101 -39 225
102 -39 224
103 -39 224
104 -39 223
105 -39 223
106 -39 222
107 -39 222
108 -39 221
109 -39 221
110 -39 220
111 -39 219
112 -39 219
113 -39 218
114 -39 218
115 -39 217
116 -39 216
117 -39 216
118 -39 215
119 -39 215
120 -39 214
121 -39 213
122 -39 213
123 -39 212
124 -39 211
125 -39 211
126 -39 210
127 -39 210
128 -39 209
129 -39 208
130 -39 207
131 -39 207
132 -39 206
133 -39 205
134 -39 205
135 -39 204
136 -39 203
137 -39 203
138 -39 202
139 -39 201
140 -39 200
141 -39 200
-141 -38 200
-140 -38 201
-139 -38 201
-138 -38 202
-137 -38 203
-136 -38 204
-135 -38 204
-134 -38 205
-133 -38 206
-132 -38 206
-131 -38 207
-130 -38 208
-129 -38 208
-128 -38 209
-127 -38 210
-126 -38 210
-125 -38 211
-124 -38 212
-123 -38 212
-122 -38 213
-121 -38 214
-120 -38 214
-119 -38 215
-118 -38 215
-117 -38 216
-116 -38 217
-115 -38 217
-114 -38 218
-113 -38 218
-112 -38 219
-111 -38 220
-110 -38 220
-109 -38 221
-108 -38 221
-107 -38 222
-106 -38 222
-105 -38 223
-104 -38 223
-103 -38 224
-102 -38 225
-101 -38 225
-100 -38 226
-99 -38 226
-98 -38 227
-97 -38 227
-96 -38 228
-95 -38 228
-94 -38 229
-93 -38 229
-92 -38 230
-91 -38 230
-90 -38 230
-89 -38 231
-88 -38 231
-87 -38 232
-86 -38 232
-85 -38 233
-84 -38 233
-83 -38 234
-82 -38 234
-81 -38 234
-80 -38 235
-79 -38 235
-78 -38 236
-77 -38 236
-76 -38 236
-75 -38 237
-74 -38 237
-73 -38 238
-72 -38 238
-71 -38 238
-70 -38 239
-69 -38 239
-68 -38 239
-67 -38 240
-66 -38 240
-65 -38 240
-64 -38 241
-63 -38 241
-62 -38 241
-61 -38 242
-60 -38 242
-59 -38 242
-58 -38 242
-57 -38 243
-56 -38 243
-55 -38 243
-54 -38 244
-53 -38 244
-52 -38 244
-51 -38 244
-50 -38 245
-49 -38 245
-48 -38 245
-47 -38 245
-46 -38 246
-45 -38 246
-44 -38 246
-43 -38 246
-42 -38 247
-41 -38 247
-40 -38 247
-39 -38 247
-38 -38 247
-37 -38 247
-36 -38 248
-35 -38 248
-34 -38 248
-33 -38 248
-32 -38 248
-31 -38 249
-30 -38 249
-29 -38 249
-28 -38 249
-27 -38 249
-26 -38 249
-25 -38 249
-24 -38 249
-23 -38 250
-22 -38 250
-21 -38 250
-20 -38 250
-19 -38 250
-18 -38 250
-17 -38 250
-16 -38 250
-15 -38 250
-14 -38 250
-13 -38 250
-12 -38 251
-11 -38 251
-10 -38 251
-9 -38 251
-8 -38 251
-7 -38 251
-6 -38 251
-5 -38 251
-4 -38 251
-3 -38 251
-2 -38 251
-1 -38 251
0 -38 251
1 -38 251
2 -38 251
3 -38 251
4 -38 251
5 -38 251
6 -38 251
7 -38 251
8 -38 251
9 -38 251
10 -38 251
11 -38 251
12 -38 251
13 -38 250
14 -38 250
15 -38 250
16 -38 250
17 -38 250
18 -38 250
19 -38 250
20 -38 250
21 -38 250
22 -38 250
23 -38 250
24 -38 249
25 -38 249
26 -38 249
27 -38 249
28 -38 249
29 -38 249
30 -38 249
31 -38 249
32 -38 248
33 -38 248
34 -38 248
35 -38 248
36 -38 248
37 -38 247
38 -38 247
39 -38 247
40 -38 247
41 -38 247
42 -38 247
43 -38 246
44 -38 246
45 -38 246
46 -38 246
47 -38 245
48 -38 245
49 -38 245
50 -38 245
51 -38 244
52 -38 244
53 -38 244
54 -38 244
55 -38 243
56 -38 243
57 -38 243
58 -38 242
59 -38 242
60 -38 242
61 -38 242
62 -38 241
63 -38 241
64 -38 241
65 -38 240
66 -38 240
67 -38 240
68 -38 239
69 -38 239
70 -38 239
71 -38 238
72 -38 238
73 -38 238
74 -38 237
75 -38 237
76 -38 236
77 -38 236
78 -38 236
79 -38 235
80 -38 235
81 -38 234
82 -38 234
83 -38 234
84 -38 233
85 -38 233
86 -38 232
87 -38 232
88 -38 231
89 -38 231
90 -38 230
91 -38 230
92 -38 230
93 -38 229
94 -38 229
95 -38 228
96 -38 228
97 -38 227
98 -38 227
99 -38 226
100 -38 226
101 -38 225
102 -38 225
103 -38 224
104 -38 223
105 -38 223
106 -38 222
107 -38 222
108 -38 221
109 -38 221
110 -38 220
111 -38 220
112 -38 219
113 -38 218
114 -38 218
115 -38 217
116 -38 217
117 -38 216
118 -38 215
119 -38 215
120 -38 214
121 -38 214
122 -38 213
123 -38 212
124 -38 212
125 -38 211
126 -38 210
127 -38 210
128 -38 209
129 -38 208
130 -38 208
131 -38 207
132 -38 206
133 -38 206
134 -38 205
135 -38 204
136 -38 204
137 -38 203
138 -38 202
139 -38 201
140 -38 201
141 -38 200
-141 -37 200
-140 -37 201
-139 -37 202
-138 -37 202
-137 -37 203
-136 -37 204
-135 -37 204
-134 -37 205
-133 -37 206
-132 -37 207
-131 -37 207
-130 -37 208
-129 -37 209
-128 -37 209
-127 -37 210
-126 -37 211
-125 -37 211
-124 -37 212
-123 -37 213
-122 -37 213
-121 -37 214
-120 -37 214
-119 -37 215
-118 -37 216
-117 -37 216
-116 -37 217
-115 -37 217
-114 -37 218
-113 -37 219
-112 -37 219
-111 -37 220
-110 -37 220
-109 -37 221
-108 -37 222
-107 -37 222
-106 -37 223
-105 -37 223
-104 -37 224
-103 -37 224
-102 -37 225
-101 -37 225
-100 -37 226
-99 -37 226
-98 -37 227
-97 -37 227
-96 -37 228
-95 -37 228
-94 -37 229
-93 -37 229
-92 -37 230
-91 -37 230
-90 -37 231
-89 -37 231
-88 -37 232
-87 -37 232
-86 -37 232
-85 -37 233
-84 -37 233
-83 -37 234
-82 -37 234
-81 -37 235
-80 -37 235
-79 -37 235
-78 -37 236
-77 -37 236
-76 -37 237
-75 -37 237
-74 -37 237
-73 -37 238
-72 -37 238
-71 -37 238
-70 -37 239
-69 -37 239
-68 -37 240
-67 -37 240
-66 -37 240
-65 -37 241
-64 -37 241
-63 -37 241
-62 -37 241
-61 -37 242
-60 -37 242
-59 -37 242
-58 -37 243
-57 -37 243
-56 -37 243
-55 -37 244
-54 -37 244
-53 -37 244
-52 -37 244
-51 -37 245
-50 -37 245
-49 -37 245
-48 -37 245
-47 -37 246
-46 -37 246
-45 -37 246
-44 -37 246
-43 -37 246
-42 -37 247
-41 -37 247
-40 -37 247
-39 -37 247
-38 -37 247
-37 -37 248
-36 -37 248
-35 -37 248
-34 -37 248
-33 -37 248
-32 -37 249
-31 -37 249
-30 -37 249
-29 -37 249
-28 -37 249
-27 -37 249
-26 -37 249
-25 -37 250
-24 -37 250
-23 -37 250
-22 -37 250
-21 -37 250
-20 -37 250
-19 -37 250
-18 -37 250
-17 -37 250
-16 -37 250
-15 -37 251
-14 -37 251
-13 -37 251
-12 -37 251
-11 -37 251
-10 -37 251
-9 -37 251
-8 -37 251
-7 -37 251
-6 -37 251
-5 -37 251
-4 -37 251
-3 -37 251
-2 -37 251
-1 -37 251
0 -37 251
1 -37 251
2 -37 251
3 -37 251
4 -37 251
5 -37 251
6 -37 251
7 -37 251
8 -37 251
9 -37 251
10 -37 251
11 -37 251
12 -37 251
13 -37 251
14 -37 251
15 -37 251
16 -37 250
17 -37 250
18 -37 250
19 -37 250
20 -37 250
21 -37 250
22 -37 250
23 -37 250
24 -37 250
25 -37 250
26 -37 249
27 -37 249
28 -37 249
29 -37 249
30 -37 249
31 -37 249
32 -37 249
33 -37 248
34 -37 248
35 -37 248
36 -37 248
37 -37 248
38 -37 247
39 -37 247
40 -37 247
41 -37 247
42 -37 247
43 -37 246
44 -37 246
45 -37 246
46 -37 246
47 -37 246
48 -37 245
49 -37 245
50 -37 245
51 -37 245
52 -37 244
53 -37 244
54 -37 244
55 -37 244
56 -37 243
57 -37 243
58 -37 243
59 -37 242
60 -37 242
61 -37 242
62 -37 241
63 -37 241
64 -37 241
65 -37 241
66 -37 240
67 -37 240
68 -37 240
69 -37 239
70 -37 239
71 -37 238
72 -37 238
73 -37 238
74 -37 237
75 -37 237
76 -37 237
77 -37 236
78 -37 236
79 -37 235
80 -37 235
81 -37 235
82 -37 234
83 -37 234
84 -37 233
85 -37 233
86 -37 232
87 -37 232
88 -37 232
89 -37 231
90 -37 231
91 -37 230
92 -37 230
93 -37 229
94 -37 229
95 -37 228
96 -37 228
97 -37 227
98 -37 227
99 -37 226
100 -37 226
101 -37 225
102 -37 225
103 -37 224
104 -37 224
105 -37 223
106 -37 223
107 -37 222
108 -37 222
109 -37 221
110 -37 220
111 -37 220
112 -37 219
113 -37 219
114 -37 218
115 -37 217
116 -37 217
117 -37 216
118 -37 216
119 -37 215
120 -37 214
121 -37 214
122 -37 213
123 -37 213
124 -37 212
125 -37 211
126 -37 211
127 -37 210
128 -37 209
129 -37 209
130 -37 208
131 -37 207
132 -37 207
133 -37 206
134 -37 205
135 -37 204
136 -37 204
137 -37 203
138 -37 202
139 -37 202
140 -37 201
141 -37 200
-142 -36 200
-141 -36 200
-140 -36 201
-139 -36 202
-138 -36 202
-137 -36 203
-136 -36 204
-135 -36 205
-134 -36 205
-133 -36 206
-132 -36 207
-131 -36 207
-130 -36 208
-129 -36 209
-128 -36 209
-127 -36 210
-126 -36 211
-125 -36 211
-124 -36 212
-123 -36 213
-122 -36 213
-121 -36 214
-120 -36 215
-119 -36 215
-118 -36 216
-117 -36 216
-116 -36 217
-115 -36 218
-114 -36 218
-113 -36 219
-112 -36 219
-111 -36 220
-110 -36 221
-109 -36 221
-108 -36 222
-107 -36 222
-106 -36 223
-105 -36 223
-104 -36 224
-103 -36 224
-102 -36 225
-101 -36 225
-100 -36 226
-99 -36 226
-98 -36 227
-97 -36 227
-96 -36 228
-95 -36 228
-94 -36 229
-93 -36 229
-92 -36 230
-91 -36 230
-90 -36 231
-89 -36 231
-88 -36 232
-87 -36 232
-86 -36 233
-85 -36 233
-84 -36 234
-83 -36 234
-82 -36 234
-81 -36 235
-80 -36 235
-79 -36 236
-78 -36 236
-77 -36 236
-76 -36 237
-75 -36 237
-74 -36 238
-73 -36 238
-72 -36 238
-71 -36 239
-70 -36 239
-69 -36 239
-68 -36 240
-67 -36 240
-66 -36 240
-65 -36 241
-64 -36 241
-63 -36 241
-62 -36 242
-61 -36 242
-60 -36 242
-59 -36 243
-58 -36 243
-57 -36 243
-56 -36 243
-55 -36 244
-54 -36 244
-53 -36 244
-52 -36 245
-51 -36 245
-50 -36 245
-49 -36 245
-48 -36 246
-47 -36 246
-46 -36 246
-45 -36 246
-44 -36 246
-43 -36 247
-42 -36 247
-41 -36 247
-40 -36 247
-39 -36 247
-38 -36 248
-37 -36 248
-36 -36 248
-35 -36 248
-34 -36 248
-33 -36 249
-32 -36 249
-31 -36 249
-30 -36 249
-29 -36 249
-28 -36 249
-27 -36 249
-26 -36 250
-25 -36 250
-24 -36 250
-23 -36 250
-22 -36 250
-21 -36 250
-20 -36 250
-19 -36 250
-18 -36 250
-17 -36 251
-16 -36 251
-15 -36 251
-14 -36 251
-13 -36 251
-12 -36 251
-11 -36 251
-10 -36 251
-9 -36 251
-8 -36 251
-7 -36 251
-6 -36 251
-5 -36 251
-4 -36 251
-3 -36 251
-2 -36 251
-1 -36 251
0 -36 251
1 -36 251
2 -36 251
3 -36 251
4 -36 251
5 -36 251
6 -36 251
7 -36 251
8 -36 251
9 -36 251
10 -36 251
11 -36 251
12 -36 251
13 -36 251
14 -36 251
15 -36 251
16 -36 251
17 -36 251
18 -36 250
19 -36 250
20 -36 250
21 -36 250
22 -36 250
23 -36 250
24 -36 250
25 -36 250
26 -36 250
27 -36 249
28 -36 249
29 -36 249
30 -36 249
31 -36 249
32 -36 249
33 -36 249
34 -36 248
35 -36 248
36 -36 248
37 -36 248
38 -36 248
39 -36 247
40 -36 247
41 -36 247
42 -36 247
43 -36 247
44 -36 246
45 -36 246
46 -36 246
47 -36 246
48 -36 246
49 -36 245
50 -36 245
51 -36 245
52 -36 245
53 -36 244
54 -36 244
55 -36 244
56 -36 243
57 -36 243
58 -36 243
59 -36 243
60 -36 242
61 -36 242
62 -36 242
63 -36 241
64 -36 241
65 -36 241
66 -36 240
67 -36 240
68 -36 240
69 -36 239
70 -36 239
71 -36 239
72 -36 238
73 -36 238
74 -36 238
75 -36 237
76 -36 237
77 -36 236
78 -36 236
79 -36 236
80 -36 235
81 -36 235
82 -36 234
83 -36 234
84 -36 234
85 -36 233
86 -36 233
87 -36 232
88 -36 232
89 -36 231
90 -36 231
91 -36 230
92 -36 230
93 -36 229
94 -36 229
95 -36 228
96 -36 228
97 -36 227
98 -36 227
99 -36 226
100 -36 226
101 -36 225
102 -36 225
103 -36 224
104 -36 224
105 -36 223
106 -36 223
107 -36 222
108 -36 222
109 -36 221
110 -36 221
111 -36 220
112 -36 219
113 -36 219
114 -36 218
115 -36 218
116 -36 217
117 -36 216
118 -36 216
119 -36 215
120 -36 215
121 -36 214
122 -36 213
123 -36 213
124 -36 212
125 -36 211
126 -36 211
127 -36 210
128 -36 209
129 -36 209
130 -36 208
131 -36 207
132 -36 207
133 -36 206
134 -36 205
135 -36 205
136 -36 204
137 -36 203
138 -36 202
139 -36 202
140 -36 201
141 -36 200
142 -36 200
-142 -35 200
-141 -35 200
-140 -35 201
-139 -35 202
-138 -35 203
-137 -35 203
-136 -35 204
-135 -35 205
-134 -35 206
-133 -35 206
-132 -35 207
-131 -35 208
-130 -35 208
-129 -35 209
-128 -35 210
-127 -35 210
-126 -35 211
-125 -35 212
-124 -35 212
-123 -35 213
-122 -35 214
-121 -35 214
-120 -35 215
-119 -35 215
-118 -35 216
-117 -35 217
-116 -35 217
-115 -35 218
-114 -35 218
-113 -35 219
-112 -35 220
-111 -35 220
-110 -35 221
-109 -35 221
-108 -35 222
-107 -35 222
-106 -35 223
-105 -35 224
-104 -35 224
-103 -35 225
-102 -35 225
-101 -35 226
-100 -35 226
-99 -35 227
-98 -35 227
-97 -35 228
-96 -35 228
-95 -35 229
-94 -35 229
-93 -35 230
-92 -35 230
-91 -35 231
-90 -35 231
-89 -35 231
-88 -35 232
-87 -35 232
-86 -35 233
-85 -35 233
-84 -35 234
-83 -35 234
-82 -35 235
-81 -35 235
-80 -35 235
-79 -35 236
-78 -35 236
-77 -35 237
-76 -35 237
-75 -35 237
-74 -35 238
-73 -35 238
-72 -35 238
-71 -35 239
-70 -35 239
-69 -35 240
-68 -35 240
-67 -35 240
-66 -35 241
-65 -35 241
-64 -35 241
-63 -35 242
-62 -35 242
-61 -35 242
-60 -35 242
-59 -35 243
-58 -35 243
-57 -35 243
-56 -35 244
-55 -35 244
-54 -35 244
-53 -35 244
-52 -35 245
-51 -35 245
-50 -35 245
-49 -35 245
-48 -35 246
-47 -35 246
-46 -35 246
-45 -35 246
-44 -35 247
-43 -35 247
-42 -35 247
-41 -35 247
-40 -35 247
-39 -35 248
-38 -35 248
-37 -35 248
-36 -35 248
-35 -35 248
-34 -35 249
-33 -35 249
-32 -35 249
-31 -35 249
-30 -35 249
-29 -35 249
-28 -35 250
-27 -35 250
-26 -35 250
-25 -35 250
-24 -35 250
-23 -35 250
-22 -35 250
-21 -35 250
-20 -35 250
-19 -35 251
-18 -35 251
-17 -35 251
-16 -35 251
-15 -35 251
-14 -35 251
-13 -35 251
-12 -35 251
-11 -35 251
-10 -35 251
-9 -35 251
-8 -35 251
-7 -35 251
-6 -35 251
-5 -35 251
-4 -35 251
-3 -35 251
-2 -35 251
-1 -35 251
0 -35 251
1 -35 251
2 -35 251
3 -35 251
4 -35 251
5 -35 251
6 -35 251
7 -35 251
8 -35 251
9 -35 251
10 -35 251
11 -35 251
12 -35 251
13 -35 251
14 -35 251
15 -35 251
16 -35 251
17 -35 251
18 -35 251
19 -35 251
20 -35 250
21 -35 250
22 -35 250
23 -35 250
24 -35 250
25 -35 250
26 -35 250
27 -35 250
28 -35 250
29 -35 249
30 -35 249
31 -35 249
32 -35 249
33 -35 249
34 -35 249
35 -35 248
36 -35 248
37 -35 248
38 -35 248
39 -35 248
40 -35 247
41 -35 247
42 -35 247
43 -35 247
44 -35 247
45 -35 246
46 -35 246
47 -35 246
48 -35 246
49 -35 245
50 -35 245
51 -35 245
52 -35 245
53 -35 244
54 -35 244
55 -35 244
56 -35 244
57 -35 243
58 -35 243
59 -35 243
60 -35 242
61 -35 242
62 -35 242
63 -35 242
64 -35 241
65 -35 241
66 -35 241
67 -35 240
68 -35 240
69 -35 240
70 -35 239
71 -35 239
72 -35 238
73 -35 238
74 -35 238
75 -35 237
76 -35 237
77 -35 237
78 -35 236
79 -35 236
80 -35 235
81 -35 235
82 -35 235
83 -35 234
84 -35 234
85 -35 233
86 -35 233
87 -35 232
88 -35 232
89 -35 231
90 -35 231
91 -35 231
92 -35 230
93 -35 230
94 -35 229
95 -35 229
96 -35 228
97 -35 228
98 -35 227
99 -35 227
100 -35 226
101 -35 226
102 -35 225
103 -35 225
104 -35 224
105 -35 224
106 -35 223
107 -35 222
108 -35 222
109 -35 221
110 -35 221
111 -35 220
112 -35 220
113 -35 219
114 -35 218
115 -35 218
116 -35 217
117 -35 217
118 -35 216
119 -35 215
120 -35 215
121 -35 214
122 -35 214
123 -35 213
124 -35 212
125 -35 212
126 -35 211
127 -35 210
128 -35 210
129 -35 209
130 -35 208
131 -35 208
132 -35 207
133 -35 206
134 -35 206
135 -35 205
136 -35 204
137 -35 203
138 -35 203
139 -35 202
140 -35 201
141 -35 200
142 -35 200
-142 -34 200
-141 -34 201
-140 -34 201
-139 -34 202
-138 -34 203
-137 -34 204
-136 -34 204
-135 -34 205
-134 -34 206
-133 -34 206
-132 -34 207
-131 -34 208
-130 -34 208
-129 -34 209
-128 -34 210
-127 -34 210
-126 -34 211
-125 -34 212
-124 -34 212
-123 -34 213
-122 -34 214
-121 -34 214
-120 -34 215
-119 -34 216
-118 -34 216
-117 -34 217
-116 -34 217
-115 -34 218
-114 -34 219
-113 -34 219
-112 -34 220
-111 -34 220
-110 -34 221
-109 -34 221
-108 -34 222
-107 -34 223
-106 -34 223
-105 -34 224
-104 -34 224
-103 -34 225
-102 -34 225
-101 -34 226
-100 -34 226
-99 -34 227
-98 -34 227
-97 -34 228
-96 -34 228
-95 -34 229
-94 -34 229
-93 -34 230
-92 -34 230
-91 -34 231
-90 -34 231
-89 -34 232
-88 -34 232
-87 -34 233
-86 -34 233
-85 -34 233
-84 -34 234
-83 -34 234
-82 -34 235
-81 -34 235
-80 -34 236
-79 -34 236
-78 -34 236
-77 -34 237
-76 -34 237
-75 -34 238
-74 -34 238
-73 -34 238
-72 -34 239
-71 -34 239
-70 -34 239
-69 -34 240
-68 -34 240
-67 -34 240
-66 -34 241
-65 -34 241
-64 -34 241
-63 -34 242
-62 -34 242
-61 -34 242
-60 -34 243
-59 -34 243
-58 -34 243
-57 -34 244
-56 -34 244
-55 -34 244
-54 -34 244
-53 -34 245
-52 -34 245
-51 -34 245
-50 -34 245
-49 -34 246
-48 -34 246
-47 -34 246
-46 -34 246
-45 -34 247
-44 -34 247
-43 -34 247
-42 -34 247
-41 -34 247
-40 -34 248
-39 -34 248
-38 -34 248
-37 -34 248
-36 -34 248
-35 -34 249
-34 -34 249
-33 -34 249
-32 -34 249
-31 -34 249
-30 -34 249
-29 -34 250
-28 -34 250
-27 -34 250
-26 -34 250
-25 -34 250
-24 -34 250
-23 -34 250
-22 -34 250
-21 -34 251
-20 -34 251
-19 -34 251
-18 -34 251
-17 -34 251
-16 -34 251
-15 -34 251
-14 -34 251
-13 -34 251
-12 -34 251
-11 -34 251
-10 -34 251
-9 -34 251
-8 -34 251
-7 -34 252
-6 -34 252
-5 -34 252
-4 -34 252
-3 -34 252
-2 -34 252
-1 -34 252
0 -34 252
1 -34 252
2 -34 252
3 -34 252
4 -34 252
5 -34 252
6 -34 252
7 -34 252
8 -34 251
9 -34 251
10 -34 251
11 -34 251
12 -34 251
13 -34 251
14 -34 251
15 -34 251
16 -34 251
17 -34 251
18 -34 251
19 -34 251
20 -34 251
21 -34 251
22 -34 250
23 -34 250
24 -34 250
25 -34 250
26 -34 250
27 -34 250
28 -34 250
29 -34 250
30 -34 249
31 -34 249
32 -34 249
33 -34 249
34 -34 249
35 -34 249
36 -34 248
37 -34 248
38 -34 248
39 -34 248
40 -34 248
41 -34 247
42 -34 247
43 -34 247
44 -34 247
45 -34 247
46 -34 246
47 -34 246
48 -34 246
49 -34 246
50 -34 245
51 -34 245
52 -34 245
53 -34 245
54 -34 244
55 -34 244
56 -34 244
57 -34 244
58 -34 243
59 -34 243
60 -34 243
61 -34 242
62 -34 242
63 -34 242
64 -34 241
65 -34 241
66 -34 241
67 -34 240
68 -34 240
69 -34 240
70 -34 239
71 -34 239
72 -34 239
73 -34 238
74 -34 238
75 -34 238
76 -34 237
77 -34 237
78 -34 236
79 -34 236
80 -34 236
81 -34 235
82 -34 235
83 -34 234
84 -34 234
85 -34 233
86 -34 233
87 -34 233
88 -34 232
89 -34 232
90 -34 231
91 -34 231
92 -34 230
93 -34 230
94 -34 229
95 -34 229
96 -34 228
97 -34 228
98 -34 227
99 -34 227
100 -34 226
101 -34 226
102 -34 225
103 -34 225
104 -34 224
105 -34 224
106 -34 223
107 -34 223
108 -34 222
109 -34 221
110 -34 221
111 -34 220
112 -34 220
113 -34 219
114 -34 219
115 -34 218
116 -34 217
117 -34 217
118 -34 216
119 -34 216
120 -34 215
121 -34 214
122 -34 214
123 -34 213
124 -34 212
125 -34 212
126 -34 211
127 -34 210
128 -34 210
129 -34 209
130 -34 208
131 -34 208
132 -34 207
133 -34 206
134 -34 206
135 -34 205
136 -34 204
137 -34 204
138 -34 203
139 -34 202
140 -34 201
141 -34 201
142 -34 200
-142 -33 200
-141 -33 201
-140 -33 202
-139 -33 202
-138 -33 203
-137 -33 204
-136 -33 204
-135 -33 205
-134 -33 206
-133 -33 207
-132 -33 207
-131 -33 208
-130 -33 209
-129 -33 209
-128 -33 210
-127 -33 211
-126 -33 211
-125 -33 212
-124 -33 213
-123 -33 213
-122 -33 214
-121 -33 215
-120 -33 215
-119 -33 216
-118 -33 216
-117 -33 217
-116 -33 218
-115 -33 218
-114 -33 219
-113 -33 219
-112 -33 220
-111 -33 221
-110 -33 221
-109 -33 222
-108 -33 222
-107 -33 223
-106 -33 223
-105 -33 224
-104 -33 224
-103 -33 225
-102 -33 225
-101 -33 226
-100 -33 227
-99 -33 227
-98 -33 228
-97 -33 228
-96 -33 229
-95 -33 229
-94 -33 229
-93 -33 230
-92 -33 230
-91 -33 231
-90 -33 231
-89 -33 232
-88 -33 232
-87 -33 233
-86 -33 233
-85 -33 234
-84 -33 234
-83 -33 234
-82 -33 235
-81 -33 235
-80 -33 236
-79 -33 236
-78 -33 237
-77 -33 237
-76 -33 237
-75 -33 238
-74 -33 238
-73 -33 238
-72 -33 239
-71 -33 239
-70 -33 240
-69 -33 240
-68 -33 240
-67 -33 241
-66 -33 241
-65 -33 241
-64 -33 242
-63 -33 242
-62 -33 242
-61 -33 242
-60 -33 243
-59 -33 243
-58 -33 243
-57 -33 244
-56 -33 244
-55 -33 244
-54 -33 245
-53 -33 245
-52 -33 245
-51 -33 245
-50 -33 246
-49 -33 246
-48 -33 246
-47 -33 246
-46 -33 247
-45 -33 247
-44 -33 247
-43 -33 247
-42 -33 247
-41 -33 248
-40 -33 248
-39 -33 248
-38 -33 248
-37 -33 248
-36 -33 249
-35 -33 249
-34 -33 249
-33 -33 249
-32 -33 249
-31 -33 249
-30 -33 250
-29 -33 250
-28 -33 250
-27 -33 250
-26 -33 250
-25 -33 250
-24 -33 250
-23 -33 250
-22 -33 251
-21 -33 251
-20 -33 251
-19 -33 251
-18 -33 251
-17 -33 251
-16 -33 251
-15 -33 251
-14 -33 251
-13 -33 251
-12 -33 251
-11 -33 251
-10 -33 252
-9 -33 252
-8 -33 252
-7 -33 252
-6 -33 252
-5 -33 252
-4 -33 252
-3 -33 252
-2 -33 252
-1 -33 252
0 -33 252
1 -33 252
2 -33 252
3 -33 252
4 -33 252
5 -33 252
6 -33 252
7 -33 252
8 -33 252
9 -33 252
10 -33 252
11 -33 251
12 -33 251
13 -33 251
14 -33 251
15 -33 251
16 -33 251
17 -33 251
18 -33 251
19 -33 251
20 -33 251
21 -33 251
22 -33 251
23 -33 250
24 -33 250
25 -33 250
26 -33 250
27 -33 250
28 -33 250
29 -33 250
30 -33 250
31 -33 249
32 -33 249
33 -33 249
34 -33 249
35 -33 249
36 -33 249
37 -33 248
38 -33 248
39 -33 248
40 -33 248
41 -33 248
42 -33 247
43 -33 247
44 -33 247
45 -33 247
46 -33 247
47 -33 246
48 -33 246
49 -33 246
50 -33 246
51 -33 245
52 -33 245
53 -33 245
54 -33 245
55 -33 244
56 -33 244
57 -33 244
58 -33 243
59 -33 243
60 -33 243
61 -33 242
62 -33 242
63 -33 242
64 -33 242
65 -33 241
66 -33 241
67 -33 241
68 -33 240
69 -33 240
70 -33 240
71 -33 239
72 -33 239
73 -33 238
74 -33 238
75 -33 238
76 -33 237
77 -33 237
78 -33 237
79 -33 236
80 -33 236
81 -33 235
82 -33 235
83 -33 234
84 -33 234
85 -33 234
86 -33 233
87 -33 233
88 -33 232
89 -33 232
90 -33 231
91 -33 231
92 -33 230
93 -33 230
94 -33 229
95 -33 229
96 -33 229
97 -33 228
98 -33 228
99 -33 227
100 -33 227
101 -33 226
102 -33 225
103 -33 225
104 -33 224
105 -33 224
106 -33 223
107 -33 223
108 -33 222
109 -33 222
110 -33 221
111 -33 221
112 -33 220
113 -33 219
114 -33 219
115 -33 218
116 -33 218
117 -33 217
118 -33 216
119 -33 216
120 -33 215
121 -33 215
122 -33 214
123 -33 213
124 -33 213
125 -33 212
126 -33 211
127 -33 211
128 -33 210
129 -33 209
130 -33 209
131 -33 208
132 -33 207
133 -33 207
134 -33 206
135 -33 205
136 -33 204
137 -33 204
138 -33 203
139 -33 202
140 -33 202
141 -33 201
142 -33 200
-142 -32 200
-141 -32 201
-140 -32 202
-139 -32 202
-138 -32 203
-137 -32 204
-136 -32 205
-135 -32 205
-134 -32 206
-133 -32 207
-132 -32 207
-131 -32 208
-130 -32 209
-129 -32 209
-128 -32 210
-127 -32 211
-126 -32 211
-125 -32 212
-124 -32 213
-123 -32 213
-122 -32 214
-121 -32 215
-120 -32 215
-119 -32 216
-118 -32 217
-117 -32 217
-116 -32 218
-115 -32 218
-114 -32 219
-113 -32 220
-112 -32 220
-111 -32 221
-110 -32 221
-109 -32 222
-108 -32 222
-107 -32 223
-106 -32 223
-105 -32 224
-104 -32 225
-103 -32 225
-102 -32 226
-101 -32 226
-100 -32 227
-99 -32 227
-98 -32 228
-97 -32 228
-96 -32 229
-95 -32 229
-94 -32 230
-93 -32 230
-92 -32 231
-91 -32 231
-90 -32 232
-89 -32 232
-88 -32 232
-87 -32 233
-86 -32 233
-85 -32 234
-84 -32 234
-83 -32 235
-82 -32 235
-81 -32 235
-80 -32 236
-79 -32 236
-78 -32 237
-77 -32 237
-76 -32 237
-75 -32 238
-74 -32 238
-73 -32 239
-72 -32 239
-71 -32 239
-70 -32 240
-69 -32 240
-68 -32 240
-67 -32 241
-66 -32 241
-65 -32 241
-64 -32 242
-63 -32 242
-62 -32 242
-61 -32 243
-60 -32 243
-59 -32 243
-58 -32 244
-57 -32 244
-56 -32 244
-55 -32 244
-54 -32 245
-53 -32 245
-52 -32 245
-51 -32 245
-50 -32 246
-49 -32 246
-48 -32 246
-47 -32 246
-46 -32 247
-45 -32 247
-44 -32 247
-43 -32 247
-42 -32 248
-41 -32 248
-40 -32 248
-39 -32 248
-38 -32 248
-37 -32 249
-36 -32 249
-35 -32 249
-34 -32 249
-33 -32 249
-32 -32 249
-31 -32 250
-30 -32 250
-29 -32 250
-28 -32 250
-27 -32 250
-26 -32 250
-25 -32 250
-24 -32 251
-23 -32 251
-22 -32 251
-21 -32 251
-20 -32 251
-19 -32 251
-18 -32 251
-17 -32 251
-16 -32 251
-15 -32 251
-14 -32 251
-13 -32 252
-12 -32 252
-11 -32 252
-10 -32 252
-9 -32 252
-8 -32 252
-7 -32 252
-6 -32 252
-5 -32 252
-4 -32 252
-3 -32 252
-2 -32 252
-1 -32 252
0 -32 252
1 -32 252
2 -32 252
3 -32 252
4 -32 252
5 -32 252
6 -32 252
7 -32 252
8 -32 252
9 -32 252
10 -32 252
11 -32 252
12 -32 252
13 -32 252
14 -32 251
15 -32 251
16 -32 251
17 -32 251
18 -32 251
19 -32 251
20 -32 251
21 -32 251
22 -32 251
23 -32 251
24 -32 251
25 -32 250
26 -32 250
27 -32 250
28 -32 250
29 -32 250
30 -32 250
31 -32 250
32 -32 249
33 -32 249
34 -32 249
35 -32 249
36 -32 249
37 -32 249
38 -32 248
39 -32 248
40 -32 248
41 -32 248
42 -32 248
43 -32 247
44 -32 247
45 -32 247
46 -32 247
47 -32 246
48 -32 246
49 -32 246
50 -32 246
51 -32 245
52 -32 245
53 -32 245
54 -32 245
55 -32 244
56 -32 244
57 -32 244
58 -32 244
59 -32 243
60 -32 243
61 -32 243
62 -32 242
63 -32 242
64 -32 242
65 -32 241
66 -32 241
67 -32 241
68 -32 240
69 -32 240
70 -32 240
71 -32 239
72 -32 239
73 -32 239
74 -32 238
75 -32 238
76 -32 237
77 -32 237
78 -32 237
79 -32 236
80 -32 236
81 -32 235
82 -32 235
83 -32 235
84 -32 234
85 -32 234
86 -32 233
87 -32 233
88 -32 232
89 -32 232
90 -32 232
91 -32 231
92 -32 231
93 -32 230
94 -32 230
95 -32 229
96 -32 229
97 -32 228
98 -32 228
99 -32 227
100 -32 227
101 -32 226
102 -32 226
103 -32 225
104 -32 225
105 -32 224
106 -32 223
107 -32 223
108 -32 222
109 -32 222
110 -32 221
111 -32 221
112 -32 220
113 -32 220
114 -32 219
115 -32 218
116 -32 218
117 -32 217
118 -32 217
119 -32 216
120 -32 215
121 -32 215
122 -32 214
123 -32 213
124 -32 213
125 -32 212
126 -32 211
127 -32 211
128 -32 210
129 -32 209
130 -32 209
131 -32 208
132 -32 207
133 -32 207
134 -32 206
135 -32 205
136 -32 205
137 -32 204
138 -32 203
139 -32 202
140 -32 202
141 -32 201
142 -32 200
-143 -31 200
-142 -31 200
-141 -31 201
-140 -31 202
-139 -31 203
-138 -31 203
-137 -31 204
-136 -31 205
-135 -31 205
-134 -31 206
-133 -31 207
-132 -31 208
-131 -31 208
-130 -31 209
-129 -31 210
-128 -31 210
-127 -31 211
-126 -31 212
-125 -31 212
-124 -31 213
-123 -31 214
-122 -31 214
-121 -31 215
-120 -31 215
-119 -31 216
-118 -31 217
-117 -31 217
-116 -31 218
-115 -31 219
-114 -31 219
-113 -31 220
-112 -31 220
-111 -31 221
-110 -31 221
-109 -31 222
-108 -31 223
-107 -31 223
-106 -31 224
-105 -31 224
-104 -31 225
-103 -31 225
-102 -31 226
-101 -31 226
-100 -31 227
-99 -31 227
-98 -31 228
-97 -31 228
-96 -31 229
-95 -31 229
-94 -31 230
-93 -31 230
-92 -31 231
-91 -31 231
-90 -31 232
-89 -31 232
-88 -31 233
-87 -31 233
-86 -31 234
-85 -31 234
-84 -31 234
-83 -31 235
-82 -31 235
-81 -31 236
-80 -31 236
-79 -31 236
-78 -31 237
-77 -31 237
-76 -31 238
-75 -31 238
-74 -31 238
-73 -31 239
-72 -31 239
-71 -31 239
-70 -31 240
-69 -31 240
-68 -31 241
-67 -31 241
-66 -31 241
-65 -31 242
-64 -31 242
-63 -31 242
-62 -31 242
-61 -31 243
-60 -31 243
-59 -31 243
-58 -31 244
-57 -31 244
-56 -31 244
-55 -31 245
-54 -31 245
-53 -31 245
-52 -31 245
-51 -31 246
-50 -31 246
-49 -31 246
-48 -31 246
-47 -31 247
-46 -31 247
-45 -31 247
-44 -31 247
-43 -31 248
-42 -31 248
-41 -31 248
-40 -31 248
-39 -31 248
-38 -31 249
-37 -31 249
-36 -31 249
-35 -31 249
-34 -31 249
-33 -31 249
-32 -31 250
-31 -31 250
-30 -31 250
-29 -31 250
-28 -31 250
-27 -31 250
-26 -31 250
-25 -31 251
-24 -31 251
-23 -31 251
-22 -31 251
-21 -31 251
-20 -31 251
-19 -31 251
-18 -31 251
-17 -31 251
-16 -31 251
-15 -31 252
-14 -31 252
-13 -31 252
-12 -31 252
-11 -31 252
-10 -31 252
-9 -31 252
-8 -31 252
-7 -31 252
-6 -31 252
-5 -31 252
-4 -31 252
-3 -31 252
-2 -31 252
-1 -31 252
0 -31 252
1 -31 252
2 -31 252
3 -31 252
4 -31 252
5 -31 252
6 -31 252
7 -31 252
8 -31 252
9 -31 252
10 -31 252
11 -31 252
12 -31 252
13 -31 252
14 -31 252
15 -31 252
16 -31 251
17 -31 251
18 -31 251
19 -31 251
20 -31 251
21 -31 251
22 -31 251
23 -31 251
24 -31 251
25 -31 251
26 -31 250
27 -31 250
28 -31 250
29 -31 250
30 -31 250
31 -31 250
32 -31 250
33 -31 249
34 -31 249
35 -31 249
36 -31 249
37 -31 249
38 -31 249
39 -31 248
40 -31 248
41 -31 248
42 -31 248
43 -31 248
44 -31 247
45 -31 247
46 -31 247
47 -31 247
48 -31 246
49 -31 246
50 -31 246
51 -31 246
52 -31 245
53 -31 245
54 -31 245
55 -31 245
56 -31 244
57 -31 244
58 -31 244
59 -31 243
60 -31 243
61 -31 243
62 -31 242
63 -31 242
64 -31 242
65 -31 242
66 -31 241
67 -31 241
68 -31 241
69 -31 240
70 -31 240
71 -31 239
72 -31 239
73 -31 239
74 -31 238
75 -31 238
76 -31 238
77 -31 237
78 -31 237
79 -31 236
80 -31 236
81 -31 236
82 -31 235
83 -31 235
84 -31 234
85 -31 234
86 -31 234
87 -31 233
88 -31 233
89 -31 232
90 -31 232
91 -31 231
92 -31 231
93 -31 230
94 -31 230
95 -31 229
96 -31 229
97 -31 228
98 -31 228
99 -31 227
100 -31 227
101 -31 226
102 -31 226
103 -31 225
104 -31 225
105 -31 224
106 -31 224
107 -31 223
108 -31 223
109 -31 222
110 -31 221
111 -31 221
112 -31 220
113 -31 220
114 -31 219
115 -31 219
116 -31 218
117 -31 217
118 -31 217
119 -31 216
120 -31 215
121 -31 215
122 -31 214
123 -31 214
124 -31 213
125 -31 212
126 -31 212
127 -31 211
128 -31 210
129 -31 210
130 -31 209
131 -31 208
132 -31 208
133 -31 207
134 -31 206
135 -31 205
136 -31 205
137 -31 204
138 -31 203
139 -31 203
140 -31 202
141 -31 201
142 -31 200
143 -31 200
-143 -30 200
-142 -30 201
-141 -30 201
-140 -30 202
-139 -30 203
-138 -30 204
-137 -30 204
-136 -30 205
-135 -30 206
-134 -30 206
-133 -30 207
-132 -30 208
-131 -30 208
-130 -30 209
-129 -30 210
-128 -30 210
-127 -30 211
-126 -30 212
-125 -30 212
-124 -30 213
-123 -30 214
-122 -30 214
-121 -30 215
-120 -30 216
-119 -30 216
-118 -30 217
-117 -30 217
-116 -30 218
-115 -30 219
-114 -30 219
-113 -30 220
-112 -30 220
-111 -30 221
-110 -30 222
-109 -30 222
-108 -30 223
-107 -30 223
-106 -30 224
-105 -30 224
-104 -30 225
-103 -30 225
-102 -30 226
-101 -30 226
-100 -30 227
-99 -30 228
-98 -30 228
-97 -30 229
-96 -30 229
-95 -30 229
-94 -30 230
-93 -30 230
-92 -30 231
-91 -30 231
-90 -30 232
-89 -30 232
-88 -30 233
-87 -30 233
-86 -30 234
-85 -30 234
-84 -30 235
-83 -30 235
-82 -30 235
-81 -30 236
-80 -30 236
-79 -30 237
-78 -30 237
-77 -30 237
-76 -30 238
-75 -30 238
-74 -30 239
-73 -30 239
-72 -30 239
-71 -30 240
-70 -30 240
-69 -30 240
-68 -30 241
-67 -30 241
-66 -30 241
-65 -30 242
-64 -30 242
-63 -30 242
-62 -30 243
-61 -30 243
-60 -30 243
-59 -30 244
-58 -30 244
-57 -30 244
-56 -30 244
-55 -30 245
-54 -30 245
-53 -30 245
-52 -30 246
-51 -30 246
-50 -30 246
-49 -30 246
-48 -30 247
-47 -30 247
-46 -30 247
-45 -30 247
-44 -30 247
-43 -30 248
-42 -30 248
-41 -30 248
-40 -30 248
-39 -30 248
-38 -30 249
-37 -30 249
-36 -30 249
-35 -30 249
-34 -30 249
-33 -30 250
-32 -30 250
-31 -30 250
-30 -30 250
-29 -30 250
-28 -30 250
-27 -30 250
-26 -30 251
-25 -30 251
-24 -30 251
-23 -30 251
-22 -30 251
-21 -30 251
-20 -30 251
-19 -30 251
-18 -30 251
-17 -30 252
-16 -30 252
-15 -30 252
-14 -30 252
-13 -30 252
-12 -30 252
-11 -30 252
-10 -30 252
-9 -30 252
-8 -30 252
-7 -30 252
-6 -30 252
-5 -30 252
-4 -30 252
-3 -30 252
-2 -30 252
-1 -30 252
0 -30 252
1 -30 252
2 -30 252
3 -30 252
4 -30 252
5 -30 252
6 -30 252
7 -30 252
8 -30 252
9 -30 252
10 -30 252
11 -30 252
12 -30 252
13 -30 252
14 -30 252
15 -30 252
16 -30 252
17 -30 252
18 -30 251
19 -30 251
20 -30 251
21 -30 251
22 -30 251
23 -30 251
24 -30 251
25 -30 251
26 -30 251
27 -30 250
28 -30 250
29 -30 250
30 -30 250
31 -30 250
32 -30 250
33 -30 250
34 -30 249
35 -30 249
36 -30 249
37 -30 249
38 -30 249
39 -30 248
40 -30 248
41 -30 248
42 -30 248
43 -30 248
44 -30 247
45 -30 247
46 -30 247
47 -30 247
48 -30 247
49 -30 246
50 -30 246
51 -30 246
52 -30 246
53 -30 245
54 -30 245
55 -30 245
56 -30 244
57 -30 244
58 -30 244
59 -30 244
60 -30 243
61 -30 243
62 -30 243
63 -30 242
64 -30 242
65 -30 242
66 -30 241
67 -30 241
68 -30 241
69 -30 240
70 -30 240
71 -30 240
72 -30 239
73 -30 239
74 -30 239
75 -30 238
76 -30 238
77 -30 237
78 -30 237
79 -30 237
80 -30 236
81 -30 236
82 -30 235
83 -30 235
84 -30 235
85 -30 234
86 -30 234
87 -30 233
88 -30 233
89 -30 232
90 -30 232
91 -30 231
92 -30 231
93 -30 230
94 -30 230
95 -30 229
96 -30 229
97 -30 229
98 -30 228
99 -30 228
100 -30 227
101 -30 226
102 -30 226
103 -30 225
104 -30 225
105 -30 224
106 -30 224
107 -30 223
108 -30 223
109 -30 222
110 -30 222
111 -30 221
112 -30 220
113 -30 220
114 -30 219
115 -30 219
116 -30 218
117 -30 217
118 -30 217
119 -30 216
120 -30 216
121 -30 215
122 -30 214
123 -30 214
124 -30 213
125 -30 212
126 -30 212
127 -30 211
128 -30 210
129 -30 210
130 -30 209
131 -30 208
132 -30 208
133 -30 207
134 -30 206
135 -30 206
136 -30 205
137 -30 204
138 -30 204
139 -30 203
140 -30 202
141 -30 201
142 -30 201
143 -30 200
-143 -29 200
-142 -29 201
-141 -29 201
-140 -29 202
-139 -29 203
-138 -29 204
-137 -29 204
-136 -29 205
-135 -29 206
-134 -29 207
-133 -29 207
-132 -29 208
-131 -29 209
-130 -29 209
-129 -29 210
-128 -29 211
-127 -29 211
-126 -29 212
-125 -29 213
-124 -29 213
-123 -29 214
-122 -29 215
-121 -29 215
-120 -29 216
-119 -29 216
-118 -29 217
-117 -29 218
-116 -29 218
-115 -29 219
-114 -29 219
-113 -29 220
-112 -29 221
-111 -29 221
-110 -29 222
-109 -29 222
-108 -29 223
-107 -29 223
-106 -29 224
-105 -29 225
-104 -29 225
-103 -29 226
-102 -29 226
-101 -29 227
-100 -29 227
-99 -29 228
-98 -29 228
-97 -29 229
-96 -29 229
-95 -29 230
-94 -29 230
-93 -29 231
-92 -29 231
-91 -29 232
-90 -29 232
-89 -29 232
-88 -29 233
-87 -29 233
-86 -29 234
-85 -29 234
-84 -29 235
-83 -29 235
-82 -29 236
-81 -29 236
-80 -29 236
-79 -29 237
-78 -29 237
-77 -29 238
-76 -29 238
-75 -29 238
-74 -29 239
-73 -29 239
-72 -29 239
-71 -29 240
-70 -29 240
-69 -29 240
-68 -29 241
-67 -29 241
-66 -29 242
-65 -29 242
-64 -29 242
-63 -29 242
-62 -29 243
-61 -29 243
-60 -29 243
-59 -29 244
-58 -29 244
-57 -29 244
-56 -29 245
-55 -29 245
-54 -29 245
-53 -29 245
-52 -29 246
-51 -29 246
-50 -29 246
-49 -29 246
-48 -29 247
-47 -29 247
-46 -29 247
-45 -29 247
-44 -29 248
-43 -29 248
-42 -29 248
-41 -29 248
-40 -29 248
-39 -29 249
-38 -29 249
-37 -29 249
-36 -29 249
-35 -29 249
-34 -29 250
-33 -29 250
-32 -29 250
-31 -29 250
-30 -29 250
-29 -29 250
-28 -29 250
-27 -29 251
-26 -29 251
-25 -29 251
-24 -29 251
-23 -29 251
-22 -29 251
-21 -29 251
-20 -29 251
-19 -29 252
-18 -29 252
-17 -29 252
-16 -29 252
-15 -29 252
-14 -29 252
-13 -29 252
-12 -29 252
-11 -29 252
-10 -29 252
-9 -29 252
-8 -29 252
-7 -29 252
-6 -29 252
-5 -29 252
-4 -29 252
-3 -29 252
-2 -29 252
-1 -29 252
0 -29 252
1 -29 252
2 -29 252
3 -29 252
4 -29 252
5 -29 252
6 -29 252
7 -29 252
8 -29 252
9 -29 252
10 -29 252
11 -29 252
12 -29 252
13 -29 252
14 -29 252
15 -29 252
16 -29 252
17 -29 252
18 -29 252
19 -29 252
20 -29 251
21 -29 251
22 -29 251
23 -29 251
24 -29 251
25 -29 251
26 -29 251
27 -29 251
28 -29 250
29 -29 250
30 -29 250
31 -29 250
32 -29 250
33 -29 250
34 -29 250
35 -29 249
36 -29 249
37 -29 249
38 -29 249
39 -29 249
40 -29 248
41 -29 248
42 -29 248
43 -29 248
44 -29 248
45 -29 247
46 -29 247
47 -29 247
48 -29 247
49 -29 246
50 -29 246
51 -29 246
52 -29 246
53 -29 245
54 -29 245
55 -29 245
56 -29 245
57 -29 244
58 -29 244
59 -29 244
60 -29 243
61 -29 243
62 -29 243
63 -29 242
64 -29 242
65 -29 242
66 -29 242
67 -29 241
68 -29 241
69 -29 240
70 -29 240
71 -29 240
72 -29 239
73 -29 239
74 -29 239
75 -29 238
76 -29 238
77 -29 238
78 -29 237
79 -29 237
80 -29 236
81 -29 236
82 -29 236
83 -29 235
84 -29 235
85 -29 234
86 -29 234
87 -29 233
88 -29 233
89 -29 232
90 -29 232
91 -29 232
92 -29 231
93 -29 231
94 -29 230
95 -29 230
96 -29 229
97 -29 229
98 -29 228
99 -29 228
100 -29 227
101 -29 227
102 -29 226
103 -29 226
104 -29 225
105 -29 225
106 -29 224
107 -29 223
108 -29 223
109 -29 222
110 -29 222
111 -29 221
112 -29 221
113 -29 220
114 -29 219
115 -29 219
116 -29 218
117 -29 218
118 -29 217
119 -29 216
120 -29 216
121 -29 215
122 -29 215
123 -29 214
124 -29 213
125 -29 213
126 -29 212
127 -29 211
128 -29 211
129 -29 210
130 -29 209
131 -29 209
132 -29 208
133 -29 207
134 -29 207
135 -29 206
136 -29 205
137 -29 204
138 -29 204
139 -29 203
140 -29 202
141 -29 201
142 -29 201
143 -29 200
-143 -28 200
-142 -28 201
-141 -28 202
-140 -28 202
-139 -28 203
-138 -28 204
-137 -28 205
-136 -28 205
-135 -28 206
-134 -28 207
-133 -28 207
-132 -28 208
-131 -28 209
-130 -28 209
-129 -28 210
-128 -28 211
-127 -28 211
-126 -28 212
-125 -28 213
-124 -28 213
-123 -28 214
-122 -28 215
-121 -28 215
-120 -28 216
-119 -28 217
-118 -28 217
-117 -28 218
-116 -28 218
-115 -28 219
-114 -28 220
-113 -28 220
-112 -28 221
-111 -28 221
-110 -28 222
-109 -28 222
-108 -28 223
-107 -28 224
-106 -28 224
-105 -28 225
-104 -28 225
-103 -28 226
-102 -28 226
-101 -28 227
-100 -28 227
-99 -28 228
-98 -28 228
-97 -28 229
-96 -28 229
-95 -28 230
-94 -28 230
-93 -28 231
-92 -28 231
-91 -28 232
-90 -28 232
-89 -28 233
-88 -28 233
-87 -28 234
-86 -28 234
-85 -28 234
-84 -28 235
-83 -28 235
-82 -28 236
-81 -28 236
-80 -28 236
-79 -28 237
-78 -28 237
-77 -28 238
-76 -28 238
-75 -28 238
-74 -28 239
-73 -28 239
-72 -28 240
-71 -28 240
-70 -28 240
-69 -28 241
-68 -28 241
-67 -28 241
-66 -28 242
-65 -28 242
-64 -28 242
-63 -28 243
-62 -28 243
-61 -28 243
-60 -28 244
-59 -28 244
-58 -28 244
-57 -28 244
-56 -28 245
-55 -28 245
-54 -28 245
-53 -28 246
-52 -28 246
-51 -28 246
-50 -28 246
-49 -28 247
-48 -28 247
-47 -28 247
-46 -28 247
-45 -28 248
-44 -28 248
-43 -28 248
-42 -28 248
-41 -28 248
-40 -28 249
-39 -28 249
-38 -28 249
-37 -28 249
-36 -28 249
-35 -28 250
-34 -28 250
-33 -28 250
-32 -28 250
-31 -28 250
-30 -28 250
-29 -28 250
-28 -28 251
-27 -28 251
-26 -28 251
-25 -28 251
-24 -28 251
-23 -28 251
-22 -28 251
-21 -28 251
-20 -28 252
-19 -28 252
-18 -28 252
-17 -28 252
-16 -28 252
-15 -28 252
-14 -28 252
-13 -28 252
-12 -28 252
-11 -28 252
-10 -28 252
-9 -28 252
-8 -28 252
-7 -28 252
-6 -28 252
-5 -28 252
-4 -28 253
-3 -28 253
-2 -28 253
-1 -28 253
0 -28 253
1 -28 253
2 -28 253
3 -28 253
4 -28 253
5 -28 252
6 -28 252
7 -28 252
8 -28 252
9 -28 252
10 -28 252
11 -28 252
12 -28 252
13 -28 252
14 -28 252
15 -28 252
16 -28 252
17 -28 252
18 -28 252
19 -28 252
20 -28 252
21 -28 251
22 -28 251
23 -28 251
24 -28 251
25 -28 251
26 -28 251
27 -28 251
28 -28 251
29 -28 250
30 -28 250
31 -28 250
32 -28 250
33 -28 250
34 -28 250
35 -28 250
36 -28 249
37 -28 249
38 -28 249
39 -28 249
40 -28 249
41 -28 248
42 -28 248
43 -28 248
44 -28 248
45 -28 248
46 -28 247
47 -28 247
48 -28 247
49 -28 247
50 -28 246
51 -28 246
52 -28 246
53 -28 246
54 -28 245
55 -28 245
56 -28 245
57 -28 244
58 -28 244
59 -28 244
60 -28 244
61 -28 243
62 -28 243
63 -28 243
64 -28 242
65 -28 242
66 -28 242
67 -28 241
68 -28 241
69 -28 241
70 -28 240
71 -28 240
72 -28 240
73 -28 239
74 -28 239
75 -28 238
76 -28 238
77 -28 238
78 -28 237
79 -28 237
80 -28 236
81 -28 236
82 -28 236
83 -28 235
84 -28 235
85 -28 234
86 -28 234
87 -28 234
88 -28 233
89 -28 233
90 -28 232
91 -28 232
92 -28 231
93 -28 231
94 -28 230
95 -28 230
96 -28 229
97 -28 229
98 -28 228
99 -28 228
100 -28 227
101 -28 227
102 -28 226
103 -28 226
104 -28 225
105 -28 225
106 -28 224
107 -28 224
108 -28 223
109 -28 222
110 -28 222
111 -28 221
112 -28 221
113 -28 220
114 -28 220
115 -28 219
116 -28 218
117 -28 218
118 -28 217
119 -28 217
120 -28 216
121 -28 215
122 -28 215
123 -28 214
124 -28 213
125 -28 213
126 -28 212
127 -28 211
128 -28 211
129 -28 210
130 -28 209
131 -28 209
132 -28 208
133 -28 207
134 -28 207
135 -28 206
136 -28 205
137 -28 205
138 -28 204
139 -28 203
140 -28 202
141 -28 202
142 -28 201
143 -28 200
-144 -27 200
-143 -27 200
-142 -27 201
-141 -27 202
-140 -27 202
-139 -27 203
-138 -27 204
-137 -27 205
-136 -27 205
-135 -27 206
-134 -27 207
-133 -27 208
-132 -27 208
-131 -27 209
-130 -27 210
-129 -27 210
-128 -27 211
-127 -27 212
-126 -27 212
-125 -27 213
-124 -27 214
-123 -27 214
-122 -27 215
-121 -27 215
-120 -27 216
-119 -27 217
-118 -27 217
-117 -27 218
-116 -27 219
-115 -27 219
-114 -27 220
-113 -27 220
-112 -27 221
-111 -27 221
-110 -27 222
-109 -27 223
-108 -27 223
-107 -27 224
-106 -27 224
-105 -27 225
-104 -27 225
-103 -27 226
-102 -27 226
-101 -27 227
-100 -27 227
-99 -27 228
-98 -27 228
-97 -27 229
-96 -27 229
-95 -27 230
-94 -27 230
-93 -27 231
-92 -27 231
-91 -27 232
-90 -27 232
-89 -27 233
-88 -27 233
-87 -27 234
-86 -27 234
-85 -27 235
-84 -27 235
-83 -27 235
-82 -27 236
-81 -27 236
-80 -27 237
-79 -27 237
-78 -27 237
-77 -27 238
-76 -27 238
-75 -27 239
-74 -27 239
-73 -27 239
-72 -27 240
-71 -27 240
-70 -27 240
-69 -27 241
-68 -27 241
-67 -27 241
-66 -27 242
-65 -27 242
-64 -27 242
-63 -27 243
-62 -27 243
-61 -27 243
-60 -27 244
-59 -27 244
-58 -27 244
-57 -27 245
-56 -27 245
-55 -27 245
-54 -27 245
-53 -27 246
-52 -27 246
-51 -27 246
-50 -27 246
-49 -27 247
-48 -27 247
-47 -27 247
-46 -27 247
-45 -27 248
-44 -27 248
-43 -27 248
-42 -27 248
-41 -27 249
-40 -27 249
-39 -27 249
-38 -27 249
-37 -27 249
-36 -27 249
-35 -27 250
-34 -27 250
-33 -27 250
-32 -27 250
-31 -27 250
-30 -27 250
-29 -27 251
-28 -27 251
-27 -27 251
-26 -27 251
-25 -27 251
-24 -27 251
-23 -27 251
-22 -27 251
-21 -27 252
-20 -27 252
-19 -27 252
-18 -27 252
-17 -27 252
-16 -27 252
-15 -27 252
-14 -27 252
-13 -27 252
-12 -27 252
-11 -27 252
-10 -27 252
-9 -27 252
-8 -27 253
-7 -27 253
-6 -27 253
-5 -27 253
-4 -27 253
-3 -27 253
-2 -27 253
-1 -27 253
0 -27 253
1 -27 253
2 -27 253
3 -27 253
4 -27 253
5 -27 253
6 -27 253
7 -27 253
8 -27 253
9 -27 252
10 -27 252
11 -27 252
12 -27 252
13 -27 252
14 -27 252
15 -27 252
16 -27 252
17 -27 252
18 -27 252
19 -27 252
20 -27 252
21 -27 252
22 -27 251
23 -27 251
24 -27 251
25 -27 251
26 -27 251
27 -27 251
28 -27 251
29 -27 251
30 -27 250
31 -27 250
32 -27 250
33 -27 250
34 -27 250
35 -27 250
36 -27 249
37 -27 249
38 -27 249
39 -27 249
40 -27 249
41 -27 249
42 -27 248
43 -27 248
44 -27 248
45 -27 248
46 -27 247
47 -27 247
48 -27 247
49 -27 247
50 -27 246
51 -27 246
52 -27 246
53 -27 246
54 -27 245
55 -27 245
56 -27 245
57 -27 245
58 -27 244
59 -27 244
60 -27 244
61 -27 243
62 -27 243
63 -27 243
64 -27 242
65 -27 242
66 -27 242
67 -27 241
68 -27 241
69 -27 241
70 -27 240
71 -27 240
72 -27 240
73 -27 239
74 -27 239
75 -27 239
76 -27 238
77 -27 238
78 -27 237
79 -27 237
80 -27 237
81 -27 236
82 -27 236
83 -27 235
84 -27 235
85 -27 235
86 -27 234
87 -27 234
88 -27 233
89 -27 233
90 -27 232
91 -27 232
92 -27 231
93 -27 231
94 -27 230
95 -27 230
96 -27 229
97 -27 229
98 -27 228
99 -27 228
100 -27 227
101 -27 227
102 -27 226
103 -27 226
104 -27 225
105 -27 225
106 -27 224
107 -27 224
108 -27 223
109 -27 223
110 -27 222
111 -27 221
112 -27 221
113 -27 220
114 -27 220
115 -27 219
116 -27 219
117 -27 218
118 -27 217
119 -27 217
120 -27 216
121 -27 215
122 -27 215
123 -27 214
124 -27 214
125 -27 213
126 -27 212
127 -27 212
128 -27 211
129 -27 210
130 -27 210
131 -27 209
132 -27 208
133 -27 208
134 -27 207
135 -27 206
136 -27 205
137 -27 205
138 -27 204
139 -27 203
140 -27 202
141 -27 202
142 -27 201
143 -27 200
144 -27 200
-144 -26 200
-143 -26 200
-142 -26 201
-141 -26 202
-140 -26 203
-139 -26 203
-138 -26 204
-137 -26 205
-136 -26 206
-135 -26 206
-134 -26 207
-133 -26 208
-132 -26 208
-131 -26 209
-130 -26 210
-129 -26 210
-128 -26 211
-127 -26 212
-126 -26 212
-125 -26 213
-124 -26 214
-123 -26 214
-122 -26 215
-121 -26 216
-120 -26 216
-119 -26 217
-118 -26 217
-117 -26 218
-116 -26 219
-115 -26 219
-114 -26 220
-113 -26 220
-112 -26 221
-111 -26 222
-110 -26 222
-109 -26 223
-108 -26 223
-107 -26 224
-106 -26 224
-105 -26 225
-104 -26 225
-103 -26 226
-102 -26 227
-101 -26 227
-100 -26 228
-99 -26 228
-98 -26 229
-97 -26 229
-96 -26 230
-95 -26 230
-94 -26 231
-93 -26 231
-92 -26 232
-91 -26 232
-90 -26 232
-89 -26 233
-88 -26 233
-87 -26 234
-86 -26 234
-85 -26 235
-84 -26 235
-83 -26 236
-82 -26 236
-81 -26 236
-80 -26 237
-79 -26 237
-78 -26 238
-77 -26 238
-76 -26 238
-75 -26 239
-74 -26 239
-73 -26 239
-72 -26 240
-71 -26 240
-70 -26 241
-69 -26 241
-68 -26 241
-67 -26 242
-66 -26 242
-65 -26 242
-64 -26 243
-63 -26 243
-62 -26 243
-61 -26 244
-60 -26 244
-59 -26 244
-58 -26 244
-57 -26 245
-56 -26 245
-55 -26 245
-54 -26 246
-53 -26 246
-52 -26 246
-51 -26 246
-50 -26 247
-49 -26 247
-48 -26 247
-47 -26 247
-46 -26 248
-45 -26 248
-44 -26 248
-43 -26 248
-42 -26 248
-41 -26 249
-40 -26 249
-39 -26 249
-38 -26 249
-37 -26 249
-36 -26 250
-35 -26 250
-34 -26 250
-33 -26 250
-32 -26 250
-31 -26 250
-30 -26 251
-29 -26 251
-28 -26 251
-27 -26 251
-26 -26 251
-25 -26 251
-24 -26 251
-23 -26 252
-22 -26 252
-21 -26 252
-20 -26 252
-19 -26 252
-18 -26 252
-17 -26 252
-16 -26 252
-15 -26 252
-14 -26 252
-13 -26 252
-12 -26 252
-11 -26 253
-10 -26 253
-9 -26 253
-8 -26 253
-7 -26 253
-6 -26 253
-5 -26 253
-4 -26 253
-3 -26 253
-2 -26 253
-1 -26 253
0 -26 253
1 -26 253
2 -26 253
3 -26 253
4 -26 253
5 -26 253
6 -26 253
7 -26 253
8 -26 253
9 -26 253
10 -26 253
11 -26 253
12 -26 252
13 -26 252
14 -26 252
15 -26 252
16 -26 252
17 -26 252
18 -26 252
19 -26 252
20 -26 252
21 -26 252
22 -26 252
23 -26 252
24 -26 251
25 -26 251
26 -26 251
27 -26 251
28 -26 251
29 -26 251
30 -26 251
31 -26 250
32 -26 250
33 -26 250
34 -26 250
35 -26 250
36 -26 250
37 -26 249
38 -26 249
39 -26 249
40 -26 249
41 -26 249
42 -26 248
43 -26 248
44 -26 248
45 -26 248
46 -26 248
47 -26 247
48 -26 247
49 -26 247
50 -26 247
51 -26 246
52 -26 246
53 -26 246
54 -26 246
55 -26 245
56 -26 245
57 -26 245
58 -26 244
59 -26 244
60 -26 244
61 -26 244
62 -26 243
63 -26 243
64 -26 243
65 -26 242
66 -26 242
67 -26 242
68 -26 241
69 -26 241
70 -26 241
71 -26 240
72 -26 240
73 -26 239
74 -26 239
75 -26 239
76 -26 238
77 -26 238
78 -26 238
79 -26 237
80 -26 237
81 -26 236
82 -26 236
83 -26 236
84 -26 235
85 -26 235
86 -26 234
87 -26 234
88 -26 233
89 -26 233
90 -26 232
91 -26 232
92 -26 232
93 -26 231
94 -26 231
95 -26 230
96 -26 230
97 -26 229
98 -26 229
99 -26 228
100 -26 228
101 -26 227
102 -26 227
103 -26 226
104 -26 225
105 -26 225
106 -26 224
107 -26 224
108 -26 223
109 -26 223
110 -26 222
111 -26 222
112 -26 221
113 -26 220
114 -26 220
115 -26 219
116 -26 219
117 -26 218
118 -26 217
119 -26 217
120 -26 216
121 -26 216
122 -26 215
123 -26 214
124 -26 214
125 -26 213
126 -26 212
127 -26 212
128 -26 211
129 -26 210
130 -26 210
131 -26 209
132 -26 208
133 -26 208
134 -26 207
135 -26 206
136 -26 206
137 -26 205
138 -26 204
139 -26 203
140 -26 203
141 -26 202
142 -26 201
143 -26 200
144 -26 200
-144 -25 200
-143 -25 201
-142 -25 201
-141 -25 202
-140 -25 203
-139 -25 204
-138 -25 204
-137 -25 205
-136 -25 206
-135 -25 206
-134 -25 207
-133 -25 208
-132 -25 208
-131 -25 209
-130 -25 210
-129 -25 211
-128 -25 211
-127 -25 212
-126 -25 213
-125 -25 213
-124 -25 214
-123 -25 214
-122 -25 215
-121 -25 216
-120 -25 216
-119 -25 217
-118 -25 218
-117 -25 218
-116 -25 219
-115 -25 219
-114 -25 220
-113 -25 221
-112 -25 221
-111 -25 222
-110 -25 222
-109 -25 223
-108 -25 223
-107 -25 224
-106 -25 225
-105 -25 225
-104 -25 226
-103 -25 226
-102 -25 227
-101 -25 227
-100 -25 228
-99 -25 228
-98 -25 229
-97 -25 229
-96 -25 230
-95 -25 230
-94 -25 231
-93 -25 231
-92 -25 232
-91 -25 232
-90 -25 233
-89 -25 233
-88 -25 233
-87 -25 234
-86 -25 234
-85 -25 235
-84 -25 235
-83 -25 236
-82 -25 236
-81 -25 236
-80 -25 237
-79 -25 237
-78 -25 238
-77 -25 238
-76 -25 238
-75 -25 239
-74 -25 239
-73 -25 240
-72 -25 240
-71 -25 240
-70 -25 241
-69 -25 241
-68 -25 241
-67 -25 242
-66 -25 242
-65 -25 242
-64 -25 243
-63 -25 243
-62 -25 243
-61 -25 244
-60 -25 244
-59 -25 244
-58 -25 245
-57 -25 245
-56 -25 245
-55 -25 245
-54 -25 246
-53 -25 246
-52 -25 246
-51 -25 246
-50 -25 247
-49 -25 247
-48 -25 247
-47 -25 247
-46 -25 248
-45 -25 248
-44 -25 248
-43 -25 248
-42 -25 249
-41 -25 249
-40 -25 249
-39 -25 249
-38 -25 249
-37 -25 250
-36 -25 250
-35 -25 250
-34 -25 250
-33 -25 250
-32 -25 250
-31 -25 251
-30 -25 251
-29 -25 251
-28 -25 251
-27 -25 251
-26 -25 251
-25 -25 251
-24 -25 252
-23 -25 252
-22 -25 252
-21 -25 252
-20 -25 252
-19 -25 252
-18 -25 252
-17 -25 252
-16 -25 252
-15 -25 252
-14 -25 252
-13 -25 253
-12 -25 253
-11 -25 253
-10 -25 253
-9 -25 253
-8 -25 253
-7 -25 253
-6 -25 253
-5 -25 253
-4 -25 253
-3 -25 253
-2 -25 253
-1 -25 253
0 -25 253
1 -25 253
2 -25 253
3 -25 253
4 -25 253
5 -25 253
6 -25 253
7 -25 253
8 -25 253
9 -25 253
10 -25 253
11 -25 253
12 -25 253
13 -25 253
14 -25 252
15 -25 252
16 -25 252
17 -25 252
18 -25 252
19 -25 252
20 -25 252
21 -25 252
22 -25 252
23 -25 252
24 -25 252
25 -25 251
26 -25 251
27 -25 251
28 -25 251
29 -25 251
30 -25 251
31 -25 251
32 -25 250
33 -25 250
34 -25 250
35 -25 250
36 -25 250
37 -25 250
38 -25 249
39 -25 249
40 -25 249
41 -25 249
42 -25 249
43 -25 248
44 -25 248
45 -25 248
46 -25 248
47 -25 247
48 -25 247
49 -25 247
50 -25 247
51 -25 246
52 -25 246
53 -25 246
54 -25 246
55 -25 245
56 -25 245
57 -25 245
58 -25 245
59 -25 244
60 -25 244
61 -25 244
62 -25 243
63 -25 243
64 -25 243
65 -25 242
66 -25 242
67 -25 242
68 -25 241
69 -25 241
70 -25 241
71 -25 240
72 -25 240
73 -25 240
74 -25 239
75 -25 239
76 -25 238
77 -25 238
78 -25 238
79 -25 237
80 -25 237
81 -25 236
82 -25 236
83 -25 236
84 -25 235
85 -25 235
86 -25 234
87 -25 234
88 -25 233
89 -25 233
90 -25 233
91 -25 232
92 -25 232
93 -25 231
94 -25 231
95 -25 230
96 -25 230
97 -25 229
98 -25 229
99 -25 228
100 -25 228
101 -25 227
102 -25 227
103 -25 226
104 -25 226
105 -25 225
106 -25 225
107 -25 224
108 -25 223
109 -25 223
110 -25 222
111 -25 222
112 -25 221
113 -25 221
114 -25 220
115 -25 219
116 -25 219
117 -25 218
118 -25 218
119 -25 217
120 -25 216
121 -25 216
122 -25 215
123 -25 214
124 -25 214
125 -25 213
126 -25 213
127 -25 212
128 -25 211
129 -25 211
130 -25 210
131 -25 209
132 -25 208
133 -25 208
134 -25 207
135 -25 206
136 -25 206
137 -25 205
138 -25 204
139 -25 204
140 -25 203
141 -25 202
142 -25 201
143 -25 201
144 -25 200
-144 -24 200
-143 -24 201
-142 -24 201
-141 -24 202
-140 -24 203
-139 -24 204
-138 -24 204
-137 -24 205
-136 -24 206
-135 -24 207
-134 -24 207
-133 -24 208
-132 -24 209
-131 -24 209
-130 -24 210
-129 -24 211
-128 -24 211
-127 -24 212
-126 -24 213
-125 -24 213
-124 -24 214
-123 -24 215
-122 -24 215
-121 -24 216
-120 -24 216
-119 -24 217
-118 -24 218
-117 -24 218
-116 -24 219
-115 -24 220
-114 -24 220
-113 -24 221
-112 -24 221
-111 -24 222
-110 -24 222
-109 -24 223
-108 -24 224
-107 -24 224
-106 -24 225
-105 -24 225
-104 -24 226
-103 -24 226
-102 -24 227
-101 -24 227
-100 -24 228
-99 -24 228
-98 -24 229
-97 -24 229
-96 -24 230
-95 -24 230
-94 -24 231
-93 -24 231
-92 -24 232
-91 -24 232
-90 -24 233
-89 -24 233
-88 -24 234
-87 -24 234
-86 -24 234
-85 -24 235
-84 -24 235
-83 -24 236
-82 -24 236
-81 -24 237
-80 -24 237
-79 -24 237
-78 -24 238
-77 -24 238
-76 -24 239
-75 -24 239
-74 -24 239
-73 -24 240
-72 -24 240
-71 -24 240
-70 -24 241
-69 -24 241
-68 -24 242
-67 -24 242
-66 -24 242
-65 -24 243
-64 -24 243
-63 -24 243
-62 -24 243
-61 -24 244
-60 -24 244
-59 -24 244
-58 -24 245
-57 -24 245
-56 -24 245
-55 -24 246
-54 -24 246
-53 -24 246
-52 -24 246
-51 -24 247
-50 -24 247
-49 -24 247
-48 -24 247
-47 -24 248
-46 -24 248
-45 -24 248
-44 -24 248
-43 -24 248
-42 -24 249
-41 -24 249
-40 -24 249
-39 -24 249
-38 -24 249
-37 -24 250
-36 -24 250
-35 -24 250
-34 -24 250
-33 -24 250
-32 -24 251
-31 -24 251
-30 -24 251
-29 -24 251
-28 -24 251
-27 -24 251
-26 -24 251
-25 -24 252
-24 -24 252
-23 -24 252
-22 -24 252
-21 -24 252
-20 -24 252
-19 -24 252
-18 -24 252
-17 -24 252
-16 -24 252
-15 -24 253
-14 -24 253
-13 -24 253
-12 -24 253
-11 -24 253
-10 -24 253
-9 -24 253
-8 -24 253
-7 -24 253
-6 -24 253
-5 -24 253
-4 -24 253
-3 -24 253
-2 -24 253
-1 -24 253
0 -24 253
1 -24 253
2 -24 253
3 -24 253
4 -24 253
5 -24 253
6 -24 253
7 -24 253
8 -24 253
9 -24 253
10 -24 253
11 -24 253
12 -24 253
13 -24 253
14 -24 253
15 -24 253
16 -24 252
17 -24 252
18 -24 252
19 -24 252
20 -24 252
21 -24 252
22 -24 252
23 -24 252
24 -24 252
25 -24 252
26 -24 251
27 -24 251
28 -24 251
29 -24 251
30 -24 251
31 -24 251
32 -24 251
33 -24 250
34 -24 250
35 -24 250
36 -24 250
37 -24 250
38 -24 249
39 -24 249
40 -24 249
41 -24 249
42 -24 249
43 -24 248
44 -24 248
45 -24 248
46 -24 248
47 -24 248
48 -24 247
49 -24 247
50 -24 247
51 -24 247
52 -24 246
53 -24 246
54 -24 246
55 -24 246
56 -24 245
57 -24 245
58 -24 245
59 -24 244
60 -24 244
61 -24 244
62 -24 243
63 -24 243
64 -24 243
65 -24 243
66 -24 242
67 -24 242
68 -24 242
69 -24 241
70 -24 241
71 -24 240
72 -24 240
73 -24 240
74 -24 239
75 -24 239
76 -24 239
77 -24 238
78 -24 238
79 -24 237
80 -24 237
81 -24 237
82 -24 236
83 -24 236
84 -24 235
85 -24 235
86 -24 234
87 -24 234
88 -24 234
89 -24 233
90 -24 233
91 -24 232
92 -24 232
93 -24 231
94 -24 231
95 -24 230
96 -24 230
97 -24 229
98 -24 229
99 -24 228
100 -24 228
101 -24 227
102 -24 227
103 -24 226
104 -24 226
105 -24 225
106 -24 225
107 -24 224
108 -24 224
109 -24 223
110 -24 222
111 -24 222
112 -24 221
113 -24 221
114 -24 220
115 -24 220
116 -24 219
117 -24 218
118 -24 218
119 -24 217
120 -24 216
121 -24 216
122 -24 215
123 -24 215
124 -24 214
125 -24 213
126 -24 213
127 -24 212
128 -24 211
129 -24 211
130 -24 210
131 -24 209
132 -24 209
133 -24 208
134 -24 207
135 -24 207
136 -24 206
137 -24 205
138 -24 204
139 -24 204
140 -24 203
141 -24 202
142 -24 201
143 -24 201
144 -24 200
-144 -23 200
-143 -23 201
-142 -23 202
-141 -23 202
-140 -23 203
-139 -23 204
-138 -23 204
-137 -23 205
-136 -23 206
-135 -23 207
-134 -23 207
-133 -23 208
-132 -23 209
-131 -23 209
-130 -23 210
-129 -23 211
-128 -23 211
-127 -23 212
-126 -23 213
-125 -23 213
-124 -23 214
-123 -23 215
-122 -23 215
-121 -23 216
-120 -23 217
-119 -23 217
-118 -23 218
-117 -23 218
-116 -23 219
-115 -23 220
-114 -23 220
-113 -23 221
-112 -23 221
-111 -23 222
-110 -23 223
-109 -23 223
-108 -23 224
-107 -23 224
-106 -23 225
-105 -23 225
-104 -23 226
-103 -23 226
-102 -23 227
-101 -23 227
-100 -23 228
-99 -23 228
-98 -23 229
-97 -23 229
-96 -23 230
-95 -23 230
-94 -23 231
-93 -23 231
-92 -23 232
-91 -23 232
-90 -23 233
-89 -23 233
-88 -23 234
-87 -23 234
-86 -23 235
-85 -23 235
-84 -23 235
-83 -23 236
-82 -23 236
-81 -23 237
-80 -23 237
-79 -23 238
-78 -23 238
-77 -23 238
-76 -23 239
-75 -23 239
-74 -23 239
-73 -23 240
-72 -23 240
-71 -23 241
-70 -23 241
-69 -23 241
-68 -23 242
-67 -23 242
-66 -23 242
-65 -23 243
-64 -23 243
-63 -23 243
-62 -23 244
-61 -23 244
-60 -23 244
-59 -23 244
-58 -23 245
-57 -23 245
-56 -23 245
-55 -23 246
-54 -23 246
-53 -23 246
-52 -23 246
-51 -23 247
-50 -23 247
-49 -23 247
-48 -23 247
-47 -23 248
-46 -23 248
-45 -23 248
-44 -23 248
-43 -23 249
-42 -23 249
-41 -23 249
-40 -23 249
-39 -23 249
-38 -23 250
-37 -23 250
-36 -23 250
-35 -23 250
-34 -23 250
-33 -23 250
-32 -23 251
-31 -23 251
-30 -23 251
-29 -23 251
-28 -23 251
-27 -23 251
-26 -23 252
-25 -23 252
-24 -23 252
-23 -23 252
-22 -23 252
-21 -23 252
-20 -23 252
-19 -23 252
-18 -23 252
-17 -23 252
-16 -23 253
-15 -23 253
-14 -23 253
-13 -23 253
-12 -23 253
-11 -23 253
-10 -23 253
-9 -23 253
-8 -23 253
-7 -23 253
-6 -23 253
-5 -23 253
-4 -23 253
-3 -23 253
-2 -23 253
-1 -23 253
0 -23 253
1 -23 253
2 -23 253
3 -23 253
4 -23 253
5 -23 253
6 -23 253
7 -23 253
8 -23 253
9 -23 253
10 -23 253
11 -23 253
12 -23 253
13 -23 253
14 -23 253
15 -23 253
16 -23 253
17 -23 252
18 -23 252
19 -23 252
20 -23 252
21 -23 252
22 -23 252
23 -23 252
24 -23 252
25 -23 252
26 -23 252
27 -23 251
28 -23 251
29 -23 251
30 -23 251
31 -23 251
32 -23 251
33 -23 250
34 -23 250
35 -23 250
36 -23 250
37 -23 250
38 -23 250
39 -23 249
40 -23 249
41 -23 249
42 -23 249
43 -23 249
44 -23 248
45 -23 248
46 -23 248
47 -23 248
48 -23 247
49 -23 247
50 -23 247
51 -23 247
52 -23 246
53 -23 246
54 -23 246
55 -23 246
56 -23 245
57 -23 245
58 -23 245
59 -23 244
60 -23 244
61 -23 244
62 -23 244
63 -23 243
64 -23 243
65 -23 243
66 -23 242
67 -23 242
68 -23 242
69 -23 241
70 -23 241
71 -23 241
72 -23 240
73 -23 240
74 -23 239
75 -23 239
76 -23 239
77 -23 238
78 -23 238
79 -23 238
80 -23 237
81 -23 237
82 -23 236
83 -23 236
84 -23 235
85 -23 235
86 -23 235
87 -23 234
88 -23 234
89 -23 233
90 -23 233
91 -23 232
92 -23 232
93 -23 231
94 -23 231
95 -23 230
96 -23 230
97 -23 229
98 -23 229
99 -23 228
100 -23 228
101 -23 227
102 -23 227
103 -23 226
104 -23 226
105 -23 225
106 -23 225
107 -23 224
108 -23 224
109 -23 223
110 -23 223
111 -23 222
112 -23 221
113 -23 221
114 -23 220
115 -23 220
116 -23 219
117 -23 218
118 -23 218
119 -23 217
120 -23 217
121 -23 216
122 -23 215
123 -23 215
124 -23 214
125 -23 213
126 -23 213
127 -23 212
128 -23 211
129 -23 211
130 -23 210
131 -23 209
132 -23 209
133 -23 208
134 -23 207
135 -23 207
136 -23 206
137 -23 205
138 -23 204
139 -23 204
140 -23 203
141 -23 202
142 -23 202
143 -23 201
144 -23 200
-144 -22 200
-143 -22 201
-142 -22 202
-141 -22 202
-140 -22 203
-139 -22 204
-138 -22 205
-137 -22 205
-136 -22 206
-135 -22 207
-134 -22 207
-133 -22 208
-132 -22 209
-131 -22 210
-130 -22 210
-129 -22 211
-128 -22 212
-127 -22 212
-126 -22 213
-125 -22 214
-124 -22 214
-123 -22 215
-122 -22 215
-121 -22 216
-120 -22 217
-119 -22 217
-118 -22 218
-117 -22 219
-116 -22 219
-115 -22 220
-114 -22 220
-113 -22 221
-112 -22 222
-111 -22 222
-110 -22 223
-109 -22 223
-108 -22 224
-107 -22 224
-106 -22 225
-105 -22 225
-104 -22 226
-103 -22 227
-102 -22 227
-101 -22 228
-100 -22 228
-99 -22 229
-98 -22 229
-97 -22 230
-96 -22 230
-95 -22 231
-94 -22 231
-93 -22 232
-92 -22 232
-91 -22 232
-90 -22 233
-89 -22 233
-88 -22 234
-87 -22 234
-86 -22 235
-85 -22 235
-84 -22 236
-83 -22 236
-82 -22 236
-81 -22 237
-80 -22 237
-79 -22 238
-78 -22 238
-77 -22 238
-76 -22 239
-75 -22 239
-74 -22 240
-73 -22 240
-72 -22 240
-71 -22 241
-70 -22 241
-69 -22 241
-68 -22 242
-67 -22 242
-66 -22 242
-65 -22 243
-64 -22 243
-63 -22 243
-62 -22 244
-61 -22 244
-60 -22 244
-59 -22 245
-58 -22 245
-57 -22 245
-56 -22 245
-55 -22 246
-54 -22 246
-53 -22 246
-52 -22 247
-51 -22 247
-50 -22 247
-49 -22 247
-48 -22 248
-47 -22 248
-46 -22 248
-45 -22 248
-44 -22 248
-43 -22 249
-42 -22 249
-41 -22 249
-40 -22 249
-39 -22 250
-38 -22 250
-37 -22 250
-36 -22 250
-35 -22 250
-34 -22 250
-33 -22 251
-32 -22 251
-31 -22 251
-30 -22 251
-29 -22 251
-28 -22 251
-27 -22 251
-26 -22 252
-25 -22 252
-24 -22 252
-23 -22 252
-22 -22 252
-21 -22 252
-20 -22 252
-19 -22 252
-18 -22 252
-17 -22 253
-16 -22 253
-15 -22 253
-14 -22 253
-13 -22 253
-12 -22 253
-11 -22 253
-10 -22 253
-9 -22 253
-8 -22 253
-7 -22 253
-6 -22 253
-5 -22 253
-4 -22 253
-3 -22 253
-2 -22 253
-1 -22 253
0 -22 253
1 -22 253
2 -22 253
3 -22 253
4 -22 253
5 -22 253
6 -22 253
7 -22 253
8 -22 253
9 -22 253
10 -22 253
11 -22 253
12 -22 253
13 -22 253
14 -22 253
15 -22 253
16 -22 253
17 -22 253
18 -22 252
19 -22 252
20 -22 252
21 -22 252
22 -22 252
23 -22 252
24 -22 252
25 -22 252
26 -22 252
27 -22 251
28 -22 251
29 -22 251
30 -22 251
31 -22 251
32 -22 251
33 -22 251
34 -22 250
35 -22 250
36 -22 250
37 -22 250
38 -22 250
39 -22 250
40 -22 249
41 -22 249
42 -22 249
43 -22 249
44 -22 248
45 -22 248
46 -22 248
47 -22 248
48 -22 248
49 -22 247
50 -22 247
51 -22 247
52 -22 247
53 -22 246
54 -22 246
55 -22 246
56 -22 245
57 -22 245
58 -22 245
59 -22 245
60 -22 244
61 -22 244
62 -22 244
63 -22 243
64 -22 243
65 -22 243
66 -22 242
67 -22 242
68 -22 242
69 -22 241
70 -22 241
71 -22 241
72 -22 240
73 -22 240
74 -22 240
75 -22 239
76 -22 239
77 -22 238
78 -22 238
79 -22 238
80 -22 237
81 -22 237
82 -22 236
83 -22 236
84 -22 236
85 -22 235
86 -22 235
87 -22 234
88 -22 234
89 -22 233
90 -22 233
91 -22 232
92 -22 232
93 -22 232
94 -22 231
95 -22 231
96 -22 230
97 -22 230
98 -22 229
99 -22 229
100 -22 228
101 -22 228
102 -22 227
103 -22 227
104 -22 226
105 -22 225
106 -22 225
107 -22 224
108 -22 224
109 -22 223
110 -22 223
111 -22 222
112 -22 222
113 -22 221
114 -22 220
115 -22 220
116 -22 219
117 -22 219
118 -22 218
119 -22 217
120 -22 217
121 -22 216
122 -22 215
123 -22 215
124 -22 214
125 -22 214
126 -22 213
127 -22 212
128 -22 212
129 -22 211
130 -22 210
131 -22 210
132 -22 209
133 -22 208
134 -22 207
135 -22 207
136 -22 206
137 -22 205
138 -22 205
139 -22 204
140 -22 203
141 -22 202
142 -22 202
143 -22 201
144 -22 200
-145 -21 200
-144 -21 200
-143 -21 201
-142 -21 202
-141 -21 203
-140 -21 203
-139 -21 204
-138 -21 205
-137 -21 205
-136 -21 206
-135 -21 207
-134 -21 208
-133 -21 208
-132 -21 209
-131 -21 210
-130 -21 210
-129 -21 211
-128 -21 212
-127 -21 212
-126 -21 213
-125 -21 214
-124 -21 214
-123 -21 215
-122 -21 216
-121 -21 216
-120 -21 217
-119 -21 217
-118 -21 218
-117 -21 219
-116 -21 219
-115 -21 220
-114 -21 220
-113 -21 221
-112 -21 222
-111 -21 222
-110 -21 223
-109 -21 223
-108 -21 224
-107 -21 224
-106 -21 225
-105 -21 226
-104 -21 226
-103 -21 227
-102 -21 227
-101 -21 228
-100 -21 228
-99 -21 229
-98 -21 229
-97 -21 230
-96 -21 230
-95 -21 231
-94 -21 231
-93 -21 232
-92 -21 232
-91 -21 233
-90 -21 233
-89 -21 233
-88 -21 234
-87 -21 234
-86 -21 235
-85 -21 235
-84 -21 236
-83 -21 236
-82 -21 237
-81 -21 237
-80 -21 237
-79 -21 238
-78 -21 238
-77 -21 239
-76 -21 239
-75 -21 239
-74 -21 240
-73 -21 240
-72 -21 240
-71 -21 241
-70 -21 241
-69 -21 242
-68 -21 242
-67 -21 242
-66 -21 243
-65 -21 243
-64 -21 243
-63 -21 243
-62 -21 244
-61 -21 244
-60 -21 244
-59 -21 245
-58 -21 245
-57 -21 245
-56 -21 246
-55 -21 246
-54 -21 246
-53 -21 246
-52 -21 247
-51 -21 247
-50 -21 247
-49 -21 247
-48 -21 248
-47 -21 248
-46 -21 248
-45 -21 248
-44 -21 249
-43 -21 249
-42 -21 249
-41 -21 249
-40 -21 249
-39 -21 250
-38 -21 250
-37 -21 250
-36 -21 250
-35 -21 250
-34 -21 251
-33 -21 251
-32 -21 251
-31 -21 251
-30 -21 251
-29 -21 251
-28 -21 251
-27 -21 252
-26 -21 252
-25 -21 252
-24 -21 252
-23 -21 252
-22 -21 252
-21 -21 252
-20 -21 252
-19 -21 253
-18 -21 253
-17 -21 253
-16 -21 253
-15 -21 253
-14 -21 253
-13 -21 253
-12 -21 253
-11 -21 253
-10 -21 253
-9 -21 253
-8 -21 253
-7 -21 253
-6 -21 253
-5 -21 253
-4 -21 253
-3 -21 253
-2 -21 253
-1 -21 253
0 -21 253
1 -21 253
2 -21 253
3 -21 253
4 -21 253
5 -21 253
6 -21 253
7 -21 253
8 -21 253
9 -21 253
10 -21 253
11 -21 253
12 -21 253
13 -21 253
14 -21 253
15 -21 253
16 -21 253
17 -21 253
18 -21 253
19 -21 253
20 -21 252
21 -21 252
22 -21 252
23 -21 252
24 -21 252
25 -21 252
26 -21 252
27 -21 252
28 -21 251
29 -21 251
30 -21 251
31 -21 251
32 -21 251
33 -21 251
34 -21 251
35 -21 250
36 -21 250
37 -21 250
38 -21 250
39 -21 250
40 -21 249
41 -21 249
42 -21 249
43 -21 249
44 -21 249
45 -21 248
46 -21 248
47 -21 248
48 -21 248
49 -21 247
50 -21 247
51 -21 247
52 -21 247
53 -21 246
54 -21 246
55 -21 246
56 -21 246
57 -21 245
58 -21 245
59 -21 245
60 -21 244
61 -21 244
62 -21 244
63 -21 243
64 -21 243
65 -21 243
66 -21 243
67 -21 242
68 -21 242
69 -21 242
70 -21 241
71 -21 241
72 -21 240
73 -21 240
74 -21 240
75 -21 239
76 -21 239
77 -21 239
78 -21 238
79 -21 238
80 -21 237
81 -21 237
82 -21 237
83 -21 236
84 -21 236
85 -21 235
86 -21 235
87 -21 234
88 -21 234
89 -21 233
90 -21 233
91 -21 233
92 -21 232
93 -21 232
94 -21 231
95 -21 231
96 -21 230
97 -21 230
98 -21 229
99 -21 229
100 -21 228
101 -21 228
102 -21 227
103 -21 227
104 -21 226
105 -21 226
106 -21 225
107 -21 224
108 -21 224
109 -21 223
110 -21 223
111 -21 222
112 -21 222
113 -21 221
114 -21 220
115 -21 220
116 -21 219
117 -21 219
118 -21 218
119 -21 217
120 -21 217
121 -21 216
122 -21 216
123 -21 215
124 -21 214
125 -21 214
126 -21 213
127 -21 212
128 -21 212
129 -21 211
130 -21 210
131 -21 210
132 -21 209
133 -21 208
134 -21 208
135 -21 207
136 -21 206
137 -21 205
138 -21 205
139 -21 204
140 -21 203
141 -21 203
142 -21 202
143 -21 201
144 -21 200
145 -21 200
-145 -20 200
-144 -20 200
-143 -20 201
-142 -20 202
-141 -20 203
-140 -20 203
-139 -20 204
-138 -20 205
-137 -20 206
-136 -20 206
-135 -20 207
-134 -20 208
-133 -20 208
-132 -20 209
-131 -20 210
-130 -20 210
-129 -20 211
-128 -20 212
-127 -20 212
-126 -20 213
-125 -20 214
-124 -20 214
-123 -20 215
-122 -20 216
-121 -20 216
-120 -20 217
-119 -20 218
-118 -20 218
-117 -20 219
-116 -20 219
-115 -20 220
-114 -20 221
-113 -20 221
-112 -20 222
-111 -20 222
-110 -20 223
-109 -20 223
-108 -20 224
-107 -20 225
-106 -20 225
-105 -20 226
-104 -20 226
-103 -20 227
-102 -20 227
-101 -20 228
-100 -20 228
-99 -20 229
-98 -20 229
-97 -20 230
-96 -20 230
-95 -20 231
-94 -20 231
-93 -20 232
-92 -20 232
-91 -20 233
-90 -20 233
-89 -20 234
-88 -20 234
-87 -20 234
-86 -20 235
-85 -20 235
-84 -20 236
-83 -20 236
-82 -20 237
-81 -20 237
-80 -20 237
-79 -20 238
-78 -20 238
-77 -20 239
-76 -20 239
-75 -20 239
-74 -20 240
-73 -20 240
-72 -20 241
-71 -20 241
-70 -20 241
-69 -20 242
-68 -20 242
-67 -20 242
-66 -20 243
-65 -20 243
-64 -20 243
-63 -20 244
-62 -20 244
-61 -20 244
-60 -20 245
-59 -20 245
-58 -20 245
-57 -20 245
-56 -20 246
-55 -20 246
-54 -20 246
-53 -20 247
-52 -20 247
-51 -20 247
-50 -20 247
-49 -20 248
-48 -20 248
-47 -20 248
-46 -20 248
-45 -20 248
-44 -20 249
-43 -20 249
-42 -20 249
-41 -20 249
-40 -20 250
-39 -20 250
-38 -20 250
-37 -20 250
-36 -20 250
-35 -20 250
-34 -20 251
-33 -20 251
-32 -20 251
-31 -20 251
-30 -20 251
-29 -20 251
-28 -20 252
-27 -20 252
-26 -20 252
-25 -20 252
-24 -20 252
-23 -20 252
-22 -20 252
-21 -20 252
-20 -20 253
-19 -20 253
-18 -20 253
-17 -20 253
-16 -20 253
-15 -20 253
-14 -20 253
-13 -20 253
-12 -20 253
-11 -20 253
-10 -20 253
-9 -20 253
-8 -20 253
-7 -20 253
-6 -20 253
-5 -20 253
-4 -20 253
-3 -20 253
-2 -20 253
-1 -20 254
0 -20 254
1 -20 254
2 -20 253
3 -20 253
4 -20 253
5 -20 253
6 -20 253
7 -20 253
8 -20 253
9 -20 253
10 -20 253
11 -20 253
12 -20 253
13 -20 253
14 -20 253
15 -20 253
16 -20 253
17 -20 253
18 -20 253
19 -20 253
20 -20 253
21 -20 252
22 -20 252
23 -20 252
24 -20 252
25 -20 252
26 -20 252
27 -20 252
28 -20 252
29 -20 251
30 -20 251
31 -20 251
32 -20 251
33 -20 251
34 -20 251
35 -20 250
36 -20 250
37 -20 250
38 -20 250
39 -20 250
40 -20 250
41 -20 249
42 -20 249
43 -20 249
44 -20 249
45 -20 248
46 -20 248
47 -20 248
48 -20 248
49 -20 248
50 -20 247
51 -20 247
52 -20 247
53 -20 247
54 -20 246
55 -20 246
56 -20 246
57 -20 245
58 -20 245
59 -20 245
60 -20 245
61 -20 244
62 -20 244
63 -20 244
64 -20 243
65 -20 243
66 -20 243
67 -20 242
68 -20 242
69 -20 242
70 -20 241
71 -20 241
72 -20 241
73 -20 240
74 -20 240
75 -20 239
76 -20 239
77 -20 239
78 -20 238
79 -20 238
80 -20 237
81 -20 237
82 -20 237
83 -20 236
84 -20 236
85 -20 235
86 -20 235
87 -20 234
88 -20 234
89 -20 234
90 -20 233
91 -20 233
92 -20 232
93 -20 232
94 -20 231
95 -20 231
96 -20 230
97 -20 230
98 -20 229
99 -20 229
100 -20 228
101 -20 228
102 -20 227
103 -20 227
104 -20 226
105 -20 226
106 -20 225
107 -20 225
108 -20 224
109 -20 223
110 -20 223
111 -20 222
112 -20 222
113 -20 221
114 -20 221
115 -20 220
116 -20 219
117 -20 219
118 -20 218
119 -20 218
120 -20 217
121 -20 216
122 -20 216
123 -20 215
124 -20 214
125 -20 214
126 -20 213
127 -20 212
128 -20 212
129 -20 211
130 -20 210
131 -20 210
132 -20 209
133 -20 208
134 -20 208
135 -20 207
136 -20 206
137 -20 206
138 -20 205
139 -20 204
140 -20 203
141 -20 203
142 -20 202
143 -20 201
144 -20 200
145 -20 200
-145 -19 200
-144 -19 200
-143 -19 201
-142 -19 202
-141 -19 203
-140 -19 203
-139 -19 204
-138 -19 205
-137 -19 206
-136 -19 206
-135 -19 207
-134 -19 208
-133 -19 208
-132 -19 209
-131 -19 210
-130 -19 211
-129 -19 211
-128 -19 212
-127 -19 213
-126 -19 213
-125 -19 214
-124 -19 214
-123 -19 215
-122 -19 216
-121 -19 216
-120 -19 217
-119 -19 218
-118 -19 218
-117 -19 219
-116 -19 219
-115 -19 220
-114 -19 221
-113 -19 221
-112 -19 222
-111 -19 222
-110 -19 223
-109 -19 224
-108 -19 224
-107 -19 225
-106 -19 225
-105 -19 226
-104 -19 226
-103 -19 227
-102 -19 227
-101 -19 228
-100 -19 228
-99 -19 229
-98 -19 229
-97 -19 230
-96 -19 230
-95 -19 231
-94 -19 231
-93 -19 232
-92 -19 232
-91 -19 233
-90 -19 233
-89 -19 234
-88 -19 234
-87 -19 235
-86 -19 235
-85 -19 235
-84 -19 236
-83 -19 236
-82 -19 237
-81 -19 237
-80 -19 238
-79 -19 238
-78 -19 238
-77 -19 239
-76 -19 239
-75 -19 240
-74 -19 240
-73 -19 240
-72 -19 241
-71 -19 241
-70 -19 241
-69 -19 242
-68 -19 242
-67 -19 242
-66 -19 243
-65 -19 243
-64 -19 243
-63 -19 244
-62 -19 244
-61 -19 244
-60 -19 245
-59 -19 245
-58 -19 245
-57 -19 246
-56 -19 246
-55 -19 246
-54 -19 246
-53 -19 247
-52 -19 247
-51 -19 247
-50 -19 247
-49 -19 248
-48 -19 248
-47 -19 248
-46 -19 248
-45 -19 249
-44 -19 249
-43 -19 249
-42 -19 249
-41 -19 249
-40 -19 250
-39 -19 250
-38 -19 250
-37 -19 250
-36 -19 250
-35 -19 251
-34 -19 251
-33 -19 251
-32 -19 251
-31 -19 251
-30 -19 251
-29 -19 252
-28 -19 252
-27 -19 252
-26 -19 252
-25 -19 252
-24 -19 252
-23 -19 252
-22 -19 252
-21 -19 253
-20 -19 253
-19 -19 253
-18 -19 253
-17 -19 253
-16 -19 253
-15 -19 253
-14 -19 253
-13 -19 253
-12 -19 253
-11 -19 253
-10 -19 253
-9 -19 253
-8 -19 253
-7 -19 253
-6 -19 254
-5 -19 254
-4 -19 254
-3 -19 254
-2 -19 254
-1 -19 254
0 -19 254
1 -19 254
2 -19 254
3 -19 254
4 -19 254
5 -19 254
6 -19 254
7 -19 253
8 -19 253
9 -19 253
10 -19 253
11 -19 253
12 -19 253
13 -19 253
14 -19 253
15 -19 253
16 -19 253
17 -19 253
18 -19 253
19 -19 253
20 -19 253
21 -19 253
22 -19 252
23 -19 252
24 -19 252
25 -19 252
26 -19 252
27 -19 252
28 -19 252
29 -19 252
30 -19 251
31 -19 251
32 -19 251
33 -19 251
34 -19 251
35 -19 251
36 -19 250
37 -19 250
38 -19 250
39 -19 250
40 -19 250
41 -19 249
42 -19 249
43 -19 249
44 -19 249
45 -19 249
46 -19 248
47 -19 248
48 -19 248
49 -19 248
50 -19 247
51 -19 247
52 -19 247
53 -19 247
54 -19 246
55 -19 246
56 -19 246
57 -19 246
58 -19 245
59 -19 245
60 -19 245
61 -19 244
62 -19 244
63 -19 244
64 -19 243
65 -19 243
66 -19 243
67 -19 242
68 -19 242
69 -19 242
70 -19 241
71 -19 241
72 -19 241
73 -19 240
74 -19 240
75 -19 240
76 -19 239
77 -19 239
78 -19 238
79 -19 238
80 -19 238
81 -19 237
82 -19 237
83 -19 236
84 -19 236
85 -19 235
86 -19 235
87 -19 235
88 -19 234
89 -19 234
90 -19 233
91 -19 233
92 -19 232
93 -19 232
94 -19 231
95 -19 231
96 -19 230
97 -19 230
98 -19 229
99 -19 229
100 -19 228
101 -19 228
102 -19 227
103 -19 227
104 -19 226
105 -19 226
106 -19 225
107 -19 225
108 -19 224
109 -19 224
110 -19 223
111 -19 222
112 -19 222
113 -19 221
114 -19 221
115 -19 220
116 -19 219
117 -19 219
118 -19 218
119 -19 218
120 -19 217
121 -19 216
122 -19 216
123 -19 215
124 -19 214
125 -19 214
126 -19 213
127 -19 213
128 -19 212
129 -19 211
130 -19 211
131 -19 210
132 -19 209
133 -19 208
134 -19 208
135 -19 207
136 -19 206
137 -19 206
138 -19 205
139 -19 204
140 -19 203
141 -19 203
142 -19 202
143 -19 201
144 -19 200
145 -19 200
-145 -18 200
-144 -18 201
-143 -18 201
-142 -18 202
-141 -18 203
-140 -18 204
-139 -18 204
-138 -18 205
-137 -18 206
-136 -18 206
-135 -18 207
-134 -18 208
-133 -18 209
-132 -18 209
-131 -18 210
-130 -18 211
-129 -18 211
-128 -18 212
-127 -18 213
-126 -18 213
-125 -18 214
-124 -18 215
-123 -18 215
-122 -18 216
-121 -18 217
-120 -18 217
-119 -18 218
-118 -18 218
-117 -18 219
-116 -18 220
-115 -18 220
-114 -18 221
-113 -18 221
-112 -18 222
-111 -18 223
-110 -18 223
-109 -18 224
-108 -18 224
-107 -18 225
-106 -18 225
-105 -18 226
-104 -18 226
-103 -18 227
-102 -18 227
-101 -18 228
-100 -18 228
-99 -18 229
-98 -18 229
-97 -18 230
-96 -18 230
-95 -18 231
-94 -18 231
-93 -18 232
-92 -18 232
-91 -18 233
-90 -18 233
-89 -18 234
-88 -18 234
-87 -18 235
-86 -18 235
-85 -18 236
-84 -18 236
-83 -18 236
-82 -18 237
-81 -18 237
-80 -18 238
-79 -18 238
-78 -18 238
-77 -18 239
-76 -18 239
-75 -18 240
-74 -18 240
-73 -18 240
-72 -18 241
-71 -18 241
-70 -18 241
-69 -18 242
-68 -18 242
-67 -18 242
-66 -18 243
-65 -18 243
-64 -18 243
-63 -18 244
-62 -18 244
-61 -18 244
-60 -18 245
-59 -18 245
-58 -18 245
-57 -18 246
-56 -18 246
-55 -18 246
-54 -18 246
-53 -18 247
-52 -18 247
-51 -18 247
-50 -18 247
-49 -18 248
-48 -18 248
-47 -18 248
-46 -18 248
-45 -18 249
-44 -18 249
-43 -18 249
-42 -18 249
-41 -18 250
-40 -18 250
-39 -18 250
-38 -18 250
-37 -18 250
-36 -18 250
-35 -18 251
-34 -18 251
-33 -18 251
-32 -18 251
-31 -18 251
-30 -18 251
-29 -18 252
-28 -18 252
-27 -18 252
-26 -18 252
-25 -18 252
-24 -18 252
-23 -18 252
-22 -18 252
-21 -18 253
-20 -18 253
-19 -18 253
-18 -18 253
-17 -18 253
-16 -18 253
-15 -18 253
-14 -18 253
-13 -18 253
-12 -18 253
-11 -18 253
-10 -18 253
-9 -18 253
-8 -18 254
-7 -18 254
-6 -18 254
-5 -18 254
-4 -18 254
-3 -18 254
-2 -18 254
-1 -18 254
0 -18 254
1 -18 254
2 -18 254
3 -18 254
4 -18 254
5 -18 254
6 -18 254
7 -18 254
8 -18 254
9 -18 253
10 -18 253
11 -18 253
12 -18 253
13 -18 253
14 -18 253
15 -18 253
16 -18 253
17 -18 253
18 -18 253
19 -18 253
20 -18 253
21 -18 253
22 -18 252
23 -18 252
24 -18 252
25 -18 252
26 -18 252
27 -18 252
28 -18 252
29 -18 252
30 -18 251
31 -18 251
32 -18 251
33 -18 251
34 -18 251
35 -18 251
36 -18 250
37 -18 250
38 -18 250
39 -18 250
40 -18 250
41 -18 250
42 -18 249
43 -18 249
44 -18 249
45 -18 249
46 -18 248
47 -18 248
48 -18 248
49 -18 248
50 -18 247
51 -18 247
52 -18 247
53 -18 247
54 -18 246
55 -18 246
56 -18 246
57 -18 246
58 -18 245
59 -18 245
60 -18 245
61 -18 244
62 -18 244
63 -18 244
64 -18 243
65 -18 243
66 -18 243
67 -18 242
68 -18 242
69 -18 242
70 -18 241
71 -18 241
72 -18 241
73 -18 240
74 -18 240
75 -18 240
76 -18 239
77 -18 239
78 -18 238
79 -18 238
80 -18 238
81 -18 237
82 -18 237
83 -18 236
84 -18 236
85 -18 236
86 -18 235
87 -18 235
88 -18 234
89 -18 234
90 -18 233
91 -18 233
92 -18 232
93 -18 232
94 -18 231
95 -18 231
96 -18 230
97 -18 230
98 -18 229
99 -18 229
100 -18 228
101 -18 228
102 -18 227
103 -18 227
104 -18 226
105 -18 226
106 -18 225
107 -18 225
108 -18 224
109 -18 224
110 -18 223
111 -18 223
112 -18 222
113 -18 221
114 -18 221
115 -18 220
116 -18 220
117 -18 219
118 -18 218
119 -18 218
120 -18 217
121 -18 217
122 -18 216
123 -18 215
124 -18 215
125 -18 214
126 -18 213
127 -18 213
128 -18 212
129 -18 211
130 -18 211
131 -18 210
132 -18 209
133 -18 209
134 -18 208
135 -18 207
136 -18 206
137 -18 206
138 -18 205
139 -18 204
140 -18 204
141 -18 203
142 -18 202
143 -18 201
144 -18 201
145 -18 200
-145 -17 200
-144 -17 201
-143 -17 201
-142 -17 202
-141 -17 203
-140 -17 204
-139 -17 204
-138 -17 205
-137 -17 206
-136 -17 207
-135 -17 207
-134 -17 208
-133 -17 209
-132 -17 209
-131 -17 210
-130 -17 211
-129 -17 211
-128 -17 212
-127 -17 213
-126 -17 213
-125 -17 214
-124 -17 215
-123 -17 215
-122 -17 216
-121 -17 217
-120 -17 217
-119 -17 218
-118 -17 218
-117 -17 219
-116 -17 220
-115 -17 220
-114 -17 221
-113 -17 221
-112 -17 222
-111 -17 223
-110 -17 223
-109 -17 224
-108 -17 224
-107 -17 225
-106 -17 225
-105 -17 226
-104 -17 226
-103 -17 227
-102 -17 228
-101 -17 228
-100 -17 229
-99 -17 229
-98 -17 230
-97 -17 230
-96 -17 231
-95 -17 231
-94 -17 232
-93 -17 232
-92 -17 232
-91 -17 233
-90 -17 233
-89 -17 234
-88 -17 234
-87 -17 235
-86 -17 235
-85 -17 236
-84 -17 236
-83 -17 237
-82 -17 237
-81 -17 237
-80 -17 238
-79 -17 238
-78 -17 239
-77 -17 239
-76 -17 239
-75 -17 240
-74 -17 240
-73 -17 240
-72 -17 241
-71 -17 241
-70 -17 242
-69 -17 242
-68 -17 242
-67 -17 243
-66 -17 243
-65 -17 243
-64 -17 244
-63 -17 244
-62 -17 244
-61 -17 244
-60 -17 245
-59 -17 245
-58 -17 245
-57 -17 246
-56 -17 246
-55 -17 246
-54 -17 247
-53 -17 247
-52 -17 247
-51 -17 247
-50 -17 248
-49 -17 248
-48 -17 248
-47 -17 248
-46 -17 249
-45 -17 249
-44 -17 249
-43 -17 249
-42 -17 249
-41 -17 250
-40 -17 250
-39 -17 250
-38 -17 250
-37 -17 250
-36 -17 251
-35 -17 251
-34 -17 251
-33 -17 251
-32 -17 251
-31 -17 251
-30 -17 252
-29 -17 252
-28 -17 252
-27 -17 252
-26 -17 252
-25 -17 252
-24 -17 252
-23 -17 252
-22 -17 253
-21 -17 253
-20 -17 253
-19 -17 253
-18 -17 253
-17 -17 253
-16 -17 253
-15 -17 253
-14 -17 253
-13 -17 253
-12 -17 253
-11 -17 253
-10 -17 254
-9 -17 254
-8 -17 254
-7 -17 254
-6 -17 254
-5 -17 254
-4 -17 254
-3 -17 254
-2 -17 254
-1 -17 254
0 -17 254
1 -17 254
2 -17 254
3 -17 254
4 -17 254
5 -17 254
6 -17 254
7 -17 254
8 -17 254
9 -17 254
10 -17 254
11 -17 253
12 -17 253
13 -17 253
14 -17 253
15 -17 253
16 -17 253
17 -17 253
18 -17 253
19 -17 253
20 -17 253
21 -17 253
22 -17 253
23 -17 252
24 -17 252
25 -17 252
26 -17 252
27 -17 252
28 -17 252
29 -17 252
30 -17 252
31 -17 251
32 -17 251
33 -17 251
34 -17 251
35 -17 251
36 -17 251
37 -17 250
38 -17 250
39 -17 250
40 -17 250
41 -17 250
42 -17 249
43 -17 249
44 -17 249
45 -17 249
46 -17 249
47 -17 248
48 -17 248
49 -17 248
50 -17 248
51 -17 247
52 -17 247
53 -17 247
54 -17 247
55 -17 246
56 -17 246
57 -17 246
58 -17 245
59 -17 245
60 -17 245
61 -17 244
62 -17 244
63 -17 244
64 -17 244
65 -17 243
66 -17 243
67 -17 243
68 -17 242
69 -17 242
70 -17 242
71 -17 241
72 -17 241
73 -17 240
74 -17 240
75 -17 240
76 -17 239
77 -17 239
78 -17 239
79 -17 238
80 -17 238
81 -17 237
82 -17 237
83 -17 237
84 -17 236
85 -17 236
86 -17 235
87 -17 235
88 -17 234
89 -17 234
90 -17 233
91 -17 233
92 -17 232
93 -17 232
94 -17 232
95 -17 231
96 -17 231
97 -17 230
98 -17 230
99 -17 229
100 -17 229
101 -17 228
102 -17 228
103 -17 227
104 -17 226
105 -17 226
106 -17 225
107 -17 225
108 -17 224
109 -17 224
110 -17 223
111 -17 223
112 -17 222
113 -17 221
114 -17 221
115 -17 220
116 -17 220
117 -17 219
118 -17 218
119 -17 218
120 -17 217
121 -17 217
122 -17 216
123 -17 215
124 -17 215
125 -17 214
126 -17 213
127 -17 213
128 -17 212
129 -17 211
130 -17 211
131 -17 210
132 -17 209
133 -17 209
134 -17 208
135 -17 207
136 -17 207
137 -17 206
138 -17 205
139 -17 204
140 -17 204
141 -17 203
142 -17 202
143 -17 201
144 -17 201
145 -17 200
-145 -16 200
-144 -16 201
-143 -16 202
-142 -16 202
-141 -16 203
-140 -16 204
-139 -16 204
-138 -16 205
-137 -16 206
-136 -16 207
-135 -16 207
-134 -16 208
-133 -16 209
-132 -16 209
-131 -16 210
-130 -16 211
-129 -16 211
-128 -16 212
-127 -16 213
-126 -16 213
-125 -16 214
-124 -16 215
-123 -16 215
-122 -16 216
-121 -16 217
-120 -16 217
-119 -16 218
-118 -16 219
-117 -16 219
-116 -16 220
-115 -16 220
-114 -16 221
-113 -16 222
-112 -16 222
-111 -16 223
-110 -16 223
-109 -16 224
-108 -16 224
-107 -16 225
-106 -16 225
-105 -16 226
-104 -16 227
-103 -16 227
-102 -16 228
-101 -16 228
-100 -16 229
-99 -16 229
-98 -16 230
-97 -16 230
-96 -16 231
-95 -16 231
-94 -16 232
-93 -16 232
-92 -16 233
-91 -16 233
-90 -16 234
-89 -16 234
-88 -16 234
-87 -16 235
-86 -16 235
-85 -16 236
-84 -16 236
-83 -16 237
-82 -16 237
-81 -16 237
-80 -16 238
-79 -16 238
-78 -16 239
-77 -16 239
-76 -16 239
-75 -16 240
-74 -16 240
-73 -16 241
-72 -16 241
-71 -16 241
-70 -16 242
-69 -16 242
-68 -16 242
-67 -16 243
-66 -16 243
-65 -16 243
-64 -16 244
-63 -16 244
-62 -16 244
-61 -16 245
-60 -16 245
-59 -16 245
-58 -16 245
-57 -16 246
-56 -16 246
-55 -16 246
-54 -16 247
-53 -16 247
-52 -16 247
-51 -16 247
-50 -16 248
-49 -16 248
-48 -16 248
-47 -16 248
-46 -16 249
-45 -16 249
-44 -16 249
-43 -16 249
-42 -16 249
-41 -16 250
-40 -16 250
-39 -16 250
-38 -16 250
-37 -16 250
-36 -16 251
-35 -16 251
-34 -16 251
-33 -16 251
-32 -16 251
-31 -16 251
-30 -16 252
-29 -16 252
-28 -16 252
-27 -16 252
-26 -16 252
-25 -16 252
-24 -16 252
-23 -16 253
-22 -16 253
-21 -16 253
-20 -16 253
-19 -16 253
-18 -16 253
-17 -16 253
-16 -16 253
-15 -16 253
-14 -16 253
-13 -16 253
-12 -16 254
-11 -16 254
-10 -16 254
-9 -16 254
-8 -16 254
-7 -16 254
-6 -16 254
-5 -16 254
-4 -16 254
-3 -16 254
-2 -16 254
-1 -16 254
0 -16 254
1 -16 254
2 -16 254
3 -16 254
4 -16 254
5 -16 254
6 -16 254
7 -16 254
8 -16 254
9 -16 254
10 -16 254
11 -16 254
12 -16 254
13 -16 253
14 -16 253
15 -16 253
16 -16 253
17 -16 253
18 -16 253
19 -16 253
20 -16 253
21 -16 253
22 -16 253
23 -16 253
24 -16 252
25 -16 252
26 -16 252
27 -16 252
28 -16 252
29 -16 252
30 -16 252
31 -16 251
32 -16 251
33 -16 251
34 -16 251
35 -16 251
36 -16 251
37 -16 250
38 -16 250
39 -16 250
40 -16 250
41 -16 250
42 -16 249
43 -16 249
44 -16 249
45 -16 249
46 -16 249
47 -16 248
48 -16 248
49 -16 248
50 -16 248
51 -16 247
52 -16 247
53 -16 247
54 -16 247
55 -16 246
56 -16 246
57 -16 246
58 -16 245
59 -16 245
60 -16 245
61 -16 245
62 -16 244
63 -16 244
64 -16 244
65 -16 243
66 -16 243
67 -16 243
68 -16 242
69 -16 242
70 -16 242
71 -16 241
72 -16 241
73 -16 241
74 -16 240
75 -16 240
76 -16 239
77 -16 239
78 -16 239
79 -16 238
80 -16 238
81 -16 237
82 -16 237
83 -16 237
84 -16 236
85 -16 236
86 -16 235
87 -16 235
88 -16 234
89 -16 234
90 -16 234
91 -16 233
92 -16 233
93 -16 232
94 -16 232
95 -16 231
96 -16 231
97 -16 230
98 -16 230
99 -16 229
100 -16 229
101 -16 228
102 -16 228
103 -16 227
104 -16 227
105 -16 226
106 -16 225
107 -16 225
108 -16 224
109 -16 224
110 -16 223
111 -16 223
112 -16 222
113 -16 222
114 -16 221
115 -16 220
116 -16 220
117 -16 219
118 -16 219
119 -16 218
120 -16 217
121 -16 217
122 -16 216
123 -16 215
124 -16 215
125 -16 214
126 -16 213
127 -16 213
128 -16 212
129 -16 211
130 -16 211
131 -16 210
132 -16 209
133 -16 209
134 -16 208
135 -16 207
136 -16 207
137 -16 206
138 -16 205
139 -16 204
140 -16 204
141 -16 203
142 -16 202
143 -16 202
144 -16 201
145 -16 200
-145 -15 200
-144 -15 201
-143 -15 202
-142 -15 202
-141 -15 203
-140 -15 204
-139 -15 205
-138 -15 205
-137 -15 206
-136 -15 207
-135 -15 207
-134 -15 208
-133 -15 209
-132 -15 210
-131 -15 210
-130 -15 211
-129 -15 212
-128 -15 212
-127 -15 213
-126 -15 214
-125 -15 214
-124 -15 215
-123 -15 215
-122 -15 216
-121 -15 217
-120 -15 217
-119 -15 218
-118 -15 219
-117 -15 219
-116 -15 220
-115 -15 220
-114 -15 221
-113 -15 222
-112 -15 222
-111 -15 223
-110 -15 223
-109 -15 224
-108 -15 224
-107 -15 225
-106 -15 226
-105 -15 226
-104 -15 227
-103 -15 227
-102 -15 228
-101 -15 228
-100 -15 229
-99 -15 229
-98 -15 230
-97 -15 230
-96 -15 231
-95 -15 231
-94 -15 232
-93 -15 232
-92 -15 233
-91 -15 233
-90 -15 234
-89 -15 234
-88 -15 234
-87 -15 235
-86 -15 235
-85 -15 236
-84 -15 236
-83 -15 237
-82 -15 237
-81 -15 237
-80 -15 238
-79 -15 238
-78 -15 239
-77 -15 239
-76 -15 239
-75 -15 240
-74 -15 240
-73 -15 241
-72 -15 241
-71 -15 241
-70 -15 242
-69 -15 242
-68 -15 242
-67 -15 243
-66 -15 243
-65 -15 243
-64 -15 244
-63 -15 244
-62 -15 244
-61 -15 245
-60 -15 245
-59 -15 245
-58 -15 246
-57 -15 246
-56 -15 246
-55 -15 246
-54 -15 247
-53 -15 247
-52 -15 247
-51 -15 247
-50 -15 248
-49 -15 248
-48 -15 248
-47 -15 248
-46 -15 249
-45 -15 249
-44 -15 249
-43 -15 249
-42 -15 250
-41 -15 250
-40 -15 250
-39 -15 250
-38 -15 250
-37 -15 251
-36 -15 251
-35 -15 251
-34 -15 251
-33 -15 251
-32 -15 251
-31 -15 252
-30 -15 252
-29 -15 252
-28 -15 252
-27 -15 252
-26 -15 252
-25 -15 252
-24 -15 253
-23 -15 253
-22 -15 253
-21 -15 253
-20 -15 253
-19 -15 253
-18 -15 253
-17 -15 253
-16 -15 253
-15 -15 253
-14 -15 253
-13 -15 254
-12 -15 254
-11 -15 254
-10 -15 254
-9 -15 254
-8 -15 254
-7 -15 254
-6 -15 254
-5 -15 254
-4 -15 254
-3 -15 254
-2 -15 254
-1 -15 254
0 -15 254
1 -15 254
2 -15 254
3 -15 254
4 -15 254
5 -15 254
6 -15 254
7 -15 254
8 -15 254
9 -15 254
10 -15 254
11 -15 254
12 -15 254
13 -15 254
14 -15 253
15 -15 253
16 -15 253
17 -15 253
18 -15 253
19 -15 253
20 -15 253
21 -15 253
22 -15 253
23 -15 253
24 -15 253
25 -15 252
26 -15 252
27 -15 252
28 -15 252
29 -15 252
30 -15 252
31 -15 252
32 -15 251
33 -15 251
34 -15 251
35 -15 251
36 -15 251
37 -15 251
38 -15 250
39 -15 250
40 -15 250
41 -15 250
42 -15 250
43 -15 249
44 -15 249
45 -15 249
46 -15 249
47 -15 248
48 -15 248
49 -15 248
50 -15 248
51 -15 247
52 -15 247
53 -15 247
54 -15 247
55 -15 246
56 -15 246
57 -15 246
58 -15 246
59 -15 245
60 -15 245
61 -15 245
62 -15 244
63 -15 244
64 -15 244
65 -15 243
66 -15 243
67 -15 243
68 -15 242
69 -15 242
70 -15 242
71 -15 241
72 -15 241
73 -15 241
74 -15 240
75 -15 240
76 -15 239
77 -15 239
78 -15 239
79 -15 238
80 -15 238
81 -15 237
82 -15 237
83 -15 237
84 -15 236
85 -15 236
86 -15 235
87 -15 235
88 -15 234
89 -15 234
90 -15 234
91 -15 233
92 -15 233
93 -15 232
94 -15 232
95 -15 231
96 -15 231
97 -15 230
98 -15 230
99 -15 229
100 -15 229
101 -15 228
102 -15 228
103 -15 227
104 -15 227
105 -15 226
106 -15 226
107 -15 225
108 -15 224
109 -15 224
110 -15 223
111 -15 223
112 -15 222
113 -15 222
114 -15 221
115 -15 220
116 -15 220
117 -15 219
118 -15 219
119 -15 218
120 -15 217
121 -15 217
122 -15 216
123 -15 215
124 -15 215
125 -15 214
126 -15 214
127 -15 213
128 -15 212
129 -15 212
130 -15 211
131 -15 210
132 -15 210
133 -15 209
134 -15 208
135 -15 207
136 -15 207
137 -15 206
138 -15 205
139 -15 205
140 -15 204
141 -15 203
142 -15 202
143 -15 202
144 -15 201
145 -15 200
-145 -14 200
-144 -14 201
-143 -14 202
-142 -14 202
-141 -14 203
-140 -14 204
-139 -14 205
-138 -14 205
-137 -14 206
-136 -14 207
-135 -14 208
-134 -14 208
-133 -14 209
-132 -14 210
-131 -14 210
-130 -14 211
-129 -14 212
-128 -14 212
-127 -14 213
-126 -14 214
-125 -14 214
-124 -14 215
-123 -14 216
-122 -14 216
-121 -14 217
-120 -14 217
-119 -14 218
-118 -14 219
-117 -14 219
-116 -14 220
-115 -14 221
-114 -14 221
-113 -14 222
-112 -14 222
-111 -14 223
-110 -14 223
-109 -14 224
-108 -14 225
-107 -14 225
-106 -14 226
-105 -14 226
-104 -14 227
-103 -14 227
-102 -14 228
-101 -14 228
-100 -14 229
-99 -14 229
-98 -14 230
-97 -14 230
-96 -14 231
-95 -14 231
-94 -14 232
-93 -14 232
-92 -14 233
-91 -14 233
-90 -14 234
-89 -14 234
-88 -14 235
-87 -14 235
-86 -14 235
-85 -14 236
-84 -14 236
-83 -14 237
-82 -14 237
-81 -14 238
-80 -14 238
-79 -14 238
-78 -14 239
-77 -14 239
-76 -14 240
-75 -14 240
-74 -14 240
-73 -14 241
-72 -14 241
-71 -14 241
-70 -14 242
-69 -14 242
-68 -14 242
-67 -14 243
-66 -14 243
-65 -14 243
-64 -14 244
-63 -14 244
-62 -14 244
-61 -14 245
-60 -14 245
-59 -14 245
-58 -14 246
-57 -14 246
-56 -14 246
-55 -14 246
-54 -14 247
-53 -14 247
-52 -14 247
-51 -14 248
-50 -14 248
-49 -14 248
-48 -14 248
-47 -14 249
-46 -14 249
-45 -14 249
-44 -14 249
-43 -14 249
-42 -14 250
-41 -14 250
-40 -14 250
-39 -14 250
-38 -14 250
-37 -14 251
-36 -14 251
-35 -14 251
-34 -14 251
-33 -14 251
-32 -14 251
-31 -14 252
-30 -14 252
-29 -14 252
-28 -14 252
-27 -14 252
-26 -14 252
-25 -14 252
-24 -14 253
-23 -14 253
-22 -14 253
-21 -14 253
-20 -14 253
-19 -14 253
-18 -14 253
-17 -14 253
-16 -14 253
-15 -14 253
-14 -14 254
-13 -14 254
-12 -14 254
-11 -14 254
-10 -14 254
-9 -14 254
-8 -14 254
-7 -14 254
-6 -14 254
-5 -14 254
-4 -14 254
-3 -14 254
-2 -14 254
-1 -14 254
0 -14 254
1 -14 254
2 -14 254
3 -14 254
4 -14 254
5 -14 254
6 -14 254
7 -14 254
8 -14 254
9 -14 254
10 -14 254
11 -14 254
12 -14 254
13 -14 254
14 -14 254
15 -14 253
16 -14 253
17 -14 253
18 -14 253
19 -14 253
20 -14 253
21 -14 253
22 -14 253
23 -14 253
24 -14 253
25 -14 252
26 -14 252
27 -14 252
28 -14 252
29 -14 252
30 -14 252
31 -14 252
32 -14 251
33 -14 251
34 -14 251
35 -14 251
36 -14 251
37 -14 251
38 -14 250
39 -14 250
40 -14 250
41 -14 250
42 -14 250
43 -14 249
44 -14 249
45 -14 249
46 -14 249
47 -14 249
48 -14 248
49 -14 248
50 -14 248
51 -14 248
52 -14 247
53 -14 247
54 -14 247
55 -14 246
56 -14 246
57 -14 246
58 -14 246
59 -14 245
60 -14 245
61 -14 245
62 -14 244
63 -14 244
64 -14 244
65 -14 243
66 -14 243
67 -14 243
68 -14 242
69 -14 242
70 -14 242
71 -14 241
72 -14 241
73 -14 241
74 -14 240
75 -14 240
76 -14 240
77 -14 239
78 -14 239
79 -14 238
80 -14 238
81 -14 238
82 -14 237
83 -14 237
84 -14 236
85 -14 236
86 -14 235
87 -14 235
88 -14 235
89 -14 234
90 -14 234
91 -14 233
92 -14 233
93 -14 232
94 -14 232
95 -14 231
96 -14 231
97 -14 230
98 -14 230
99 -14 229
100 -14 229
101 -14 228
102 -14 228
103 -14 227
104 -14 227
105 -14 226
106 -14 226
107 -14 225
108 -14 225
109 -14 224
110 -14 223
111 -14 223
112 -14 222
113 -14 222
114 -14 221
115 -14 221
116 -14 220
117 -14 219
118 -14 219
119 -14 218
120 -14 217
121 -14 217
122 -14 216
123 -14 216
124 -14 215
125 -14 214
126 -14 214
127 -14 213
128 -14 212
129 -14 212
130 -14 211
131 -14 210
132 -14 210
133 -14 209
134 -14 208
135 -14 208
136 -14 207
137 -14 206
138 -14 205
139 -14 205
140 -14 204
141 -14 203
142 -14 202
143 -14 202
144 -14 201
145 -14 200
-145 -13 200
-144 -13 201
-143 -13 202
-142 -13 202
-141 -13 203
-140 -13 204
-139 -13 205
-138 -13 205
-137 -13 206
-136 -13 207
-135 -13 208
-134 -13 208
-133 -13 209
-132 -13 210
-131 -13 210
-130 -13 211
-129 -13 212
-128 -13 212
-127 -13 213
-126 -13 214
-125 -13 214
-124 -13 215
-123 -13 216
-122 -13 216
-121 -13 217
-120 -13 218
-119 -13 218
-118 -13 219
-117 -13 219
-116 -13 220
-115 -13 221
-114 -13 221
-113 -13 222
-112 -13 222
-111 -13 223
-110 -13 223
-109 -13 224
-108 -13 225
-107 -13 225
-106 -13 226
-105 -13 226
-104 -13 227
-103 -13 227
-102 -13 228
-101 -13 228
-100 -13 229
-99 -13 229
-98 -13 230
-97 -13 230
-96 -13 231
-95 -13 231
-94 -13 232
-93 -13 232
-92 -13 233
-91 -13 233
-90 -13 234
-89 -13 234
-88 -13 235
-87 -13 235
-86 -13 236
-85 -13 236
-84 -13 236
-83 -13 237
-82 -13 237
-81 -13 238
-80 -13 238
-79 -13 238
-78 -13 239
-77 -13 239
-76 -13 240
-75 -13 240
-74 -13 240
-73 -13 241
-72 -13 241
-71 -13 241
-70 -13 242
-69 -13 242
-68 -13 243
-67 -13 243
-66 -13 243
-65 -13 244
-64 -13 244
-63 -13 244
-62 -13 244
-61 -13 245
-60 -13 245
-59 -13 245
-58 -13 246
-57 -13 246
-56 -13 246
-55 -13 247
-54 -13 247
-53 -13 247
-52 -13 247
-51 -13 248
-50 -13 248
-49 -13 248
-48 -13 248
-47 -13 249
-46 -13 249
-45 -13 249
-44 -13 249
-43 -13 249
-42 -13 250
-41 -13 250
-40 -13 250
-39 -13 250
-38 -13 250
-37 -13 251
-36 -13 251
-35 -13 251
-34 -13 251
-33 -13 251
-32 -13 252
-31 -13 252
-30 -13 252
-29 -13 252
-28 -13 252
-27 -13 252
-26 -13 252
-25 -13 253
-24 -13 253
-23 -13 253
-22 -13 253
-21 -13 253
-20 -13 253
-19 -13 253
-18 -13 253
-17 -13 253
-16 -13 253
-15 -13 254
-14 -13 254
-13 -13 254
-12 -13 254
-11 -13 254
-10 -13 254
-9 -13 254
-8 -13 254
-7 -13 254
-6 -13 254
-5 -13 254
-4 -13 254
-3 -13 254
-2 -13 254
-1 -13 254
0 -13 254
1 -13 254
2 -13 254
3 -13 254
4 -13 254
5 -13 254
6 -13 254
7 -13 254
8 -13 254
9 -13 254
10 -13 254
11 -13 254
12 -13 254
13 -13 254
14 -13 254
15 -13 254
16 -13 253
17 -13 253
18 -13 253
19 -13 253
20 -13 253
21 -13 253
22 -13 253
23 -13 253
24 -13 253
25 -13 253
26 -13 252
27 -13 252
28 -13 252
29 -13 252
30 -13 252
31 -13 252
32 -13 252
33 -13 251
34 -13 251
35 -13 251
36 -13 251
37 -13 251
38 -13 250
39 -13 250
40 -13 250
41 -13 250
42 -13 250
43 -13 249
44 -13 249
45 -13 249
46 -13 249
47 -13 249
48 -13 248
49 -13 248
50 -13 248
51 -13 248
52 -13 247
53 -13 247
54 -13 247
55 -13 247
56 -13 246
57 -13 246
58 -13 246
59 -13 245
60 -13 245
61 -13 245
62 -13 244
63 -13 244
64 -13 244
65 -13 244
66 -13 243
67 -13 243
68 -13 243
69 -13 242
70 -13 242
71 -13 241
72 -13 241
73 -13 241
74 -13 240
75 -13 240
76 -13 240
77 -13 239
78 -13 239
79 -13 238
80 -13 238
81 -13 238
82 -13 237
83 -13 237
84 -13 236
85 -13 236
86 -13 236
87 -13 235
88 -13 235
89 -13 234
90 -13 234
91 -13 233
92 -13 233
93 -13 232
94 -13 232
95 -13 231
96 -13 231
97 -13 230
98 -13 230
99 -13 229
100 -13 229
101 -13 228
102 -13 228
103 -13 227
104 -13 227
105 -13 226
106 -13 226
107 -13 225
108 -13 225
109 -13 224
110 -13 223
111 -13 223
112 -13 222
113 -13 222
114 -13 221
115 -13 221
116 -13 220
117 -13 219
118 -13 219
119 -13 218
120 -13 218
121 -13 217
122 -13 216
123 -13 216
124 -13 215
125 -13 214
126 -13 214
127 -13 213
128 -13 212
129 -13 212
130 -13 211
131 -13 210
132 -13 210
133 -13 209
134 -13 208
135 -13 208
136 -13 207
137 -13 206
138 -13 205
139 -13 205
140 -13 204
141 -13 203
142 -13 202
143 -13 202
144 -13 201
145 -13 200
-146 -12 200
-145 -12 200
-144 -12 201
-143 -12 202
-142 -12 203
-141 -12 203
-140 -12 204
-139 -12 205
-138 -12 205
-137 -12 206
-136 -12 207
-135 -12 208
-134 -12 208
-133 -12 209
-132 -12 210
-131 -12 210
-130 -12 211
-129 -12 212
-128 -12 212
-127 -12 213
-126 -12 214
-125 -12 214
-124 -12 215
-123 -12 216
-122 -12 216
-121 -12 217
-120 -12 218
-119 -12 218
-118 -12 219
-117 -12 219
-116 -12 220
-115 -12 221
-114 -12 221
-113 -12 222
-112 -12 222
-111 -12 223
-110 -12 224
-109 -12 224
-108 -12 225
-107 -12 225
-106 -12 226
-105 -12 226
-104 -12 227
-103 -12 227
-102 -12 228
-101 -12 228
-100 -12 229
-99 -12 229
-98 -12 230
-97 -12 230
-96 -12 231
-95 -12 231
-94 -12 232
-93 -12 232
-92 -12 233
-91 -12 233
-90 -12 234
-89 -12 234
-88 -12 235
-87 -12 235
-86 -12 236
-85 -12 236
-84 -12 236
-83 -12 237
-82 -12 237
-81 -12 238
-80 -12 238
-79 -12 239
-78 -12 239
-77 -12 239
-76 -12 240
-75 -12 240
-74 -12 240
-73 -12 241
-72 -12 241
-71 -12 242
-70 -12 242
-69 -12 242
-68 -12 243
-67 -12 243
-66 -12 243
-65 -12 244
-64 -12 244
-63 -12 244
-62 -12 245
-61 -12 245
-60 -12 245
-59 -12 245
-58 -12 246
-57 -12 246
-56 -12 246
-55 -12 247
-54 -12 247
-53 -12 247
-52 -12 247
-51 -12 248
-50 -12 248
-49 -12 248
-48 -12 248
-47 -12 249
-46 -12 249
-45 -12 249
-44 -12 249
-43 -12 250
-42 -12 250
-41 -12 250
-40 -12 250
-39 -12 250
-38 -12 251
-37 -12 251
-36 -12 251
-35 -12 251
-34 -12 251
-33 -12 251
-32 -12 252
-31 -12 252
-30 -12 252
-29 -12 252
-28 -12 252
-27 -12 252
-26 -12 252
-25 -12 253
-24 -12 253
-23 -12 253
-22 -12 253
-21 -12 253
-20 -12 253
-19 -12 253
-18 -12 253
-17 -12 253
-16 -12 254
-15 -12 254
-14 -12 254
-13 -12 254
-12 -12 254
-11 -12 254
-10 -12 254
-9 -12 254
-8 -12 254
-7 -12 254
-6 -12 254
-5 -12 254
-4 -12 254
-3 -12 254
-2 -12 254
-1 -12 254
0 -12 254
1 -12 254
2 -12 254
3 -12 254
4 -12 254
5 -12 254
6 -12 254
7 -12 254
8 -12 254
9 -12 254
10 -12 254
11 -12 254
12 -12 254
13 -12 254
14 -12 254
15 -12 254
16 -12 254
17 -12 253
18 -12 253
19 -12 253
20 -12 253
21 -12 253
22 -12 253
23 -12 253
24 -12 253
25 -12 253
26 -12 252
27 -12 252
28 -12 252
29 -12 252
30 -12 252
31 -12 252
32 -12 252
33 -12 251
34 -12 251
35 -12 251
36 -12 251
37 -12 251
38 -12 251
39 -12 250
40 -12 250
41 -12 250
42 -12 250
43 -12 250
44 -12 249
45 -12 249
46 -12 249
47 -12 249
48 -12 248
49 -12 248
50 -12 248
51 -12 248
52 -12 247
53 -12 247
54 -12 247
55 -12 247
56 -12 246
57 -12 246
58 -12 246
59 -12 245
60 -12 245
61 -12 245
62 -12 245
63 -12 244
64 -12 244
65 -12 244
66 -12 243
67 -12 243
68 -12 243
69 -12 242
70 -12 242
71 -12 242
72 -12 241
73 -12 241
74 -12 240
75 -12 240
76 -12 240
77 -12 239
78 -12 239
79 -12 239
80 -12 238
81 -12 238
82 -12 237
83 -12 237
84 -12 236
85 -12 236
86 -12 236
87 -12 235
88 -12 235
89 -12 234
90 -12 234
91 -12 233
92 -12 233
93 -12 232
94 -12 232
95 -12 231
96 -12 231
97 -12 230
98 -12 230
99 -12 229
100 -12 229
101 -12 228
102 -12 228
103 -12 227
104 -12 227
105 -12 226
106 -12 226
107 -12 225
108 -12 225
109 -12 224
110 -12 224
111 -12 223
112 -12 222
113 -12 222
114 -12 221
115 -12 221
116 -12 220
117 -12 219
118 -12 219
119 -12 218
120 -12 218
121 -12 217
122 -12 216
123 -12 216
124 -12 215
125 -12 214
126 -12 214
127 -12 213
128 -12 212
129 -12 212
130 -12 211
131 -12 210
132 -12 210
133 -12 209
134 -12 208
135 -12 208
136 -12 207
137 -12 206
138 -12 205
139 -12 205
140 -12 204
141 -12 203
142 -12 203
143 -12 202
144 -12 201
145 -12 200
146 -12 200
-146 -11 200
-145 -11 200
-144 -11 201
-143 -11 202
-142 -11 203
-141 -11 203
-140 -11 204
-139 -11 205
-138 -11 206
-137 -11 206
-136 -11 207
-135 -11 208
-134 -11 208
-133 -11 209
-132 -11 210
-131 -11 210
-130 -11 211
-129 -11 212
-128 -11 213
-127 -11 213
-126 -11 214
-125 -11 214
-124 -11 215
-123 -11 216
-122 -11 216
-121 -11 217
-120 -11 218
-119 -11 218
-118 -11 219
-117 -11 219
-116 -11 220
-115 -11 221
-114 -11 221
-113 -11 222
-112 -11 222
-111 -11 223
-110 -11 224
-109 -11 224
-108 -11 225
-107 -11 225
-106 -11 226
-105 -11 226
-104 -11 227
-103 -11 227
-102 -11 228
-101 -11 228
-100 -11 229
-99 -11 230
-98 -11 230
-97 -11 231
-96 -11 231
-95 -11 231
-94 -11 232
-93 -11 232
-92 -11 233
-91 -11 233
-90 -11 234
-89 -11 234
-88 -11 235
-87 -11 235
-86 -11 236
-85 -11 236
-84 -11 237
-83 -11 237
-82 -11 237
-81 -11 238
-80 -11 238
-79 -11 239
-78 -11 239
-77 -11 239
-76 -11 240
-75 -11 240
-74 -11 241
-73 -11 241
-72 -11 241
-71 -11 242
-70 -11 242
-69 -11 242
-68 -11 243
-67 -11 243
-66 -11 243
-65 -11 244
-64 -11 244
-63 -11 244
-62 -11 245
-61 -11 245
-60 -11 245
-59 -11 246
-58 -11 246
-57 -11 246
-56 -11 246
-55 -11 247
-54 -11 247
-53 -11 247
-52 -11 247
-51 -11 248
-50 -11 248
-49 -11 248
-48 -11 248
-47 -11 249
-46 -11 249
-45 -11 249
-44 -11 249
-43 -11 250
-42 -11 250
-41 -11 250
-40 -11 250
-39 -11 250
-38 -11 251
-37 -11 251
-36 -11 251
-35 -11 251
-34 -11 251
-33 -11 251
-32 -11 252
-31 -11 252
-30 -11 252
-29 -11 252
-28 -11 252
-27 -11 252
-26 -11 253
-25 -11 253
-24 -11 253
-23 -11 253
-22 -11 253
-21 -11 253
-20 -11 253
-19 -11 253
-18 -11 253
-17 -11 253
-16 -11 254
-15 -11 254
-14 -11 254
-13 -11 254
-12 -11 254
-11 -11 254
-10 -11 254
-9 -11 254
-8 -11 254
-7 -11 254
-6 -11 254
-5 -11 254
-4 -11 254
-3 -11 254
-2 -11 254
-1 -11 254
0 -11 254
1 -11 254
2 -11 254
3 -11 254
4 -11 254
5 -11 254
6 -11 254
7 -11 254
8 -11 254
9 -11 254
10 -11 254
11 -11 254
12 -11 254
13 -11 254
14 -11 254
15 -11 254
16 -11 254
17 -11 253
18 -11 253
19 -11 253
20 -11 253
21 -11 253
22 -11 253
23 -11 253
24 -11 253
25 -11 253
26 -11 253
27 -11 252
28 -11 252
29 -11 252
30 -11 252
31 -11 252
32 -11 252
33 -11 251
34 -11 251
35 -11 251
36 -11 251
37 -11 251
38 -11 251
39 -11 250
40 -11 250
41 -11 250
42 -11 250
43 -11 250
44 -11 249
45 -11 249
46 -11 249
47 -11 249
48 -11 248
49 -11 248
50 -11 248
51 -11 248
52 -11 247
53 -11 247
54 -11 247
55 -11 247
56 -11 246
57 -11 246
58 -11 246
59 -11 246
60 -11 245
61 -11 245
62 -11 245
63 -11 244
64 -11 244
65 -11 244
66 -11 243
67 -11 243
68 -11 243
69 -11 242
70 -11 242
71 -11 242
72 -11 241
73 -11 241
74 -11 241
75 -11 240
76 -11 240
77 -11 239
78 -11 239
79 -11 239
80 -11 238
81 -11 238
82 -11 237
83 -11 237
84 -11 237
85 -11 236
86 -11 236
87 -11 235
88 -11 235
89 -11 234
90 -11 234
91 -11 233
92 -11 233
93 -11 232
94 -11 232
95 -11 231
96 -11 231
97 -11 231
98 -11 230
99 -11 230
100 -11 229
101 -11 228
102 -11 228
103 -11 227
104 -11 227
105 -11 226
106 -11 226
107 -11 225
108 -11 225
109 -11 224
110 -11 224
111 -11 223
112 -11 222
113 -11 222
114 -11 221
115 -11 221
116 -11 220
117 -11 219
118 -11 219
119 -11 218
120 -11 218
121 -11 217
122 -11 216
123 -11 216
124 -11 215
125 -11 214
126 -11 214
127 -11 213
128 -11 213
129 -11 212
130 -11 211
131 -11 210
132 -11 210
133 -11 209
134 -11 208
135 -11 208
136 -11 207
137 -11 206
138 -11 206
139 -11 205
140 -11 204
141 -11 203
142 -11 203
143 -11 202
144 -11 201
145 -11 200
146 -11 200
-146 -10 200
-145 -10 200
-144 -10 201
-143 -10 202
-142 -10 203
-141 -10 203
-140 -10 204
-139 -10 205
-138 -10 206
-137 -10 206
-136 -10 207
-135 -10 208
-134 -10 208
-133 -10 209
-132 -10 210
-131 -10 211
-130 -10 211
-129 -10 212
-128 -10 213
-127 -10 213
-126 -10 214
-125 -10 215
-124 -10 215
-123 -10 216
-122 -10 216
-121 -10 217
-120 -10 218
-119 -10 218
-118 -10 219
-117 -10 220
-116 -10 220
-115 -10 221
-114 -10 221
-113 -10 222
-112 -10 223
-111 -10 223
-110 -10 224
-109 -10 224
-108 -10 225
-107 -10 225
-106 -10 226
-105 -10 226
-104 -10 227
-103 -10 227
-102 -10 228
-101 -10 229
-100 -10 229
-99 -10 230
-98 -10 230
-97 -10 231
-96 -10 231
-95 -10 232
-94 -10 232
-93 -10 233
-92 -10 233
-91 -10 233
-90 -10 234
-89 -10 234
-88 -10 235
-87 -10 235
-86 -10 236
-85 -10 236
-84 -10 237
-83 -10 237
-82 -10 237
-81 -10 238
-80 -10 238
-79 -10 239
-78 -10 239
-77 -10 239
-76 -10 240
-75 -10 240
-74 -10 241
-73 -10 241
-72 -10 241
-71 -10 242
-70 -10 242
-69 -10 242
-68 -10 243
-67 -10 243
-66 -10 243
-65 -10 244
-64 -10 244
-63 -10 244
-62 -10 245
-61 -10 245
-60 -10 245
-59 -10 246
-58 -10 246
-57 -10 246
-56 -10 246
-55 -10 247
-54 -10 247
-53 -10 247
-52 -10 248
-51 -10 248
-50 -10 248
-49 -10 248
-48 -10 249
-47 -10 249
-46 -10 249
-45 -10 249
-44 -10 249
-43 -10 250
-42 -10 250
-41 -10 250
-40 -10 250
-39 -10 250
-38 -10 251
-37 -10 251
-36 -10 251
-35 -10 251
-34 -10 251
-33 -10 252
-32 -10 252
-31 -10 252
-30 -10 252
-29 -10 252
-28 -10 252
-27 -10 252
-26 -10 253
-25 -10 253
-24 -10 253
-23 -10 253
-22 -10 253
-21 -10 253
-20 -10 253
-19 -10 253
-18 -10 253
-17 -10 254
-16 -10 254
-15 -10 254
-14 -10 254
-13 -10 254
-12 -10 254
-11 -10 254
-10 -10 254
-9 -10 254
-8 -10 254
-7 -10 254
-6 -10 254
-5 -10 254
-4 -10 254
-3 -10 254
-2 -10 254
-1 -10 254
0 -10 254
1 -10 254
2 -10 254
3 -10 254
4 -10 254
5 -10 254
6 -10 254
7 -10 254
8 -10 254
9 -10 254
10 -10 254
11 -10 254
12 -10 254
13 -10 254
14 -10 254
15 -10 254
16 -10 254
17 -10 254
18 -10 253
19 -10 253
20 -10 253
21 -10 253
22 -10 253
23 -10 253
24 -10 253
25 -10 253
26 -10 253
27 -10 252
28 -10 252
29 -10 252
30 -10 252
31 -10 252
32 -10 252
33 -10 252
34 -10 251
35 -10 251
36 -10 251
37 -10 251
38 -10 251
39 -10 250
40 -10 250
41 -10 250
42 -10 250
43 -10 250
44 -10 249
45 -10 249
46 -10 249
47 -10 249
48 -10 249
49 -10 248
50 -10 248
51 -10 248
52 -10 248
53 -10 247
54 -10 247
55 -10 247
56 -10 246
57 -10 246
58 -10 246
59 -10 246
60 -10 245
61 -10 245
62 -10 245
63 -10 244
64 -10 244
65 -10 244
66 -10 243
67 -10 243
68 -10 243
69 -10 242
70 -10 242
71 -10 242
72 -10 241
73 -10 241
74 -10 241
75 -10 240
76 -10 240
77 -10 239
78 -10 239
79 -10 239
80 -10 238
81 -10 238
82 -10 237
83 -10 237
84 -10 237
85 -10 236
86 -10 236
87 -10 235
88 -10 235
89 -10 234
90 -10 234
91 -10 233
92 -10 233
93 -10 233
94 -10 232
95 -10 232
96 -10 231
97 -10 231
98 -10 230
99 -10 230
100 -10 229
101 -10 229
102 -10 228
103 -10 227
104 -10 227
105 -10 226
106 -10 226
107 -10 225
108 -10 225
109 -10 224
110 -10 224
111 -10 223
112 -10 223
113 -10 222
114 -10 221
115 -10 221
116 -10 220
117 -10 220
118 -10 219
119 -10 218
120 -10 218
121 -10 217
122 -10 216
123 -10 216
124 -10 215
125 -10 215
126 -10 214
127 -10 213
128 -10 213
129 -10 212
130 -10 211
131 -10 211
132 -10 210
133 -10 209
134 -10 208
135 -10 208
136 -10 207
137 -10 206
138 -10 206
139 -10 205
140 -10 204
141 -10 203
142 -10 203
143 -10 202
144 -10 201
145 -10 200
146 -10 200
-146 -9 200
-145 -9 200
-144 -9 201
-143 -9 202
-142 -9 203
-141 -9 203
-140 -9 204
-139 -9 205
-138 -9 206
-137 -9 206
-136 -9 207
-135 -9 208
-134 -9 209
-133 -9 209
-132 -9 210
-131 -9 211
-130 -9 211
-129 -9 212
-128 -9 213
-127 -9 213
-126 -9 214
-125 -9 215
-124 -9 215
-123 -9 216
-122 -9 217
-121 -9 217
-120 -9 218
-119 -9 218
-118 -9 219
-117 -9 220
-116 -9 220
-115 -9 221
-114 -9 221
-113 -9 222
-112 -9 223
-111 -9 223
-110 -9 224
-109 -9 224
-108 -9 225
-107 -9 225
-106 -9 226
-105 -9 226
-104 -9 227
-103 -9 228
-102 -9 228
-101 -9 229
-100 -9 229
-99 -9 230
-98 -9 230
-97 -9 231
-96 -9 231
-95 -9 232
-94 -9 232
-93 -9 233
-92 -9 233
-91 -9 233
-90 -9 234
-89 -9 234
-88 -9 235
-87 -9 235
-86 -9 236
-85 -9 236
-84 -9 237
-83 -9 237
-82 -9 237
-81 -9 238
-80 -9 238
-79 -9 239
-78 -9 239
-77 -9 239
-76 -9 240
-75 -9 240
-74 -9 241
-73 -9 241
-72 -9 241
-71 -9 242
-70 -9 242
-69 -9 242
-68 -9 243
-67 -9 243
-66 -9 243
-65 -9 244
-64 -9 244
-63 -9 244
-62 -9 245
-61 -9 245
-60 -9 245
-59 -9 246
-58 -9 246
-57 -9 246
-56 -9 246
-55 -9 247
-54 -9 247
-53 -9 247
-52 -9 248
-51 -9 248
-50 -9 248
-49 -9 248
-48 -9 249
-47 -9 249
-46 -9 249
-45 -9 249
-44 -9 249
-43 -9 250
-42 -9 250
-41 -9 250
-40 -9 250
-39 -9 251
-38 -9 251
-37 -9 251
-36 -9 251
-35 -9 251
-34 -9 251
-33 -9 252
-32 -9 252
-31 -9 252
-30 -9 252
-29 -9 252
-28 -9 252
-27 -9 252
-26 -9 253
-25 -9 253
-24 -9 253
-23 -9 253
-22 -9 253
-21 -9 253
-20 -9 253
-19 -9 253
-18 -9 253
-17 -9 254
-16 -9 254
-15 -9 254
-14 -9 254
-13 -9 254
-12 -9 254
-11 -9 254
-10 -9 254
-9 -9 254
-8 -9 254
-7 -9 254
-6 -9 254
-5 -9 254
-4 -9 254
-3 -9 254
-2 -9 254
-1 -9 254
0 -9 254
1 -9 254
2 -9 254
3 -9 254
4 -9 254
5 -9 254
6 -9 254
7 -9 254
8 -9 254
9 -9 254
10 -9 254
11 -9 254
12 -9 254
13 -9 254
14 -9 254
15 -9 254
16 -9 254
17 -9 254
18 -9 253
19 -9 253
20 -9 253
21 -9 253
22 -9 253
23 -9 253
24 -9 253
25 -9 253
26 -9 253
27 -9 252
28 -9 252
29 -9 252
30 -9 252
31 -9 252
32 -9 252
33 -9 252
34 -9 251
35 -9 251
36 -9 251
37 -9 251
38 -9 251
39 -9 251
40 -9 250
41 -9 250
42 -9 250
43 -9 250
44 -9 249
45 -9 249
46 -9 249
47 -9 249
48 -9 249
49 -9 248
50 -9 248
51 -9 248
52 -9 248
53 -9 247
54 -9 247
55 -9 247
56 -9 246
57 -9 246
58 -9 246
59 -9 246
60 -9 245
61 -9 245
62 -9 245
63 -9 244
64 -9 244
65 -9 244
66 -9 243
67 -9 243
68 -9 243
69 -9 242
70 -9 242
71 -9 242
72 -9 241
73 -9 241
74 -9 241
75 -9 240
76 -9 240
77 -9 239
78 -9 239
79 -9 239
80 -9 238
81 -9 238
82 -9 237
83 -9 237
84 -9 237
85 -9 236
86 -9 236
87 -9 235
88 -9 235
89 -9 234
90 -9 234
91 -9 233
92 -9 233
93 -9 233
94 -9 232
95 -9 232
96 -9 231
97 -9 231
98 -9 230
99 -9 230
100 -9 229
101 -9 229
102 -9 228
103 -9 228
104 -9 227
105 -9 226
106 -9 226
107 -9 225
108 -9 225
109 -9 224
110 -9 224
111 -9 223
112 -9 223
113 -9 222
114 -9 221
115 -9 221
116 -9 220
117 -9 220
118 -9 219
119 -9 218
120 -9 218
121 -9 217
122 -9 217
123 -9 216
124 -9 215
125 -9 215
126 -9 214
127 -9 213
128 -9 213
129 -9 212
130 -9 211
131 -9 211
132 -9 210
133 -9 209
134 -9 209
135 -9 208
136 -9 207
137 -9 206
138 -9 206
139 -9 205
140 -9 204
141 -9 203
142 -9 203
143 -9 202
144 -9 201
145 -9 200
146 -9 200
-146 -8 200
-145 -8 201
-144 -8 201
-143 -8 202
-142 -8 203
-141 -8 204
-140 -8 204
-139 -8 205
-138 -8 206
-137 -8 206
-136 -8 207
-135 -8 208
-134 -8 209
-133 -8 209
-132 -8 210
-131 -8 211
-130 -8 211
-129 -8 212
-128 -8 213
-127 -8 213
-126 -8 214
-125 -8 215
-124 -8 215
-123 -8 216
-122 -8 217
-121 -8 217
-120 -8 218
-119 -8 218
-118 -8 219
-117 -8 220
-116 -8 220
-115 -8 221
-114 -8 221
-113 -8 222
-112 -8 223
-111 -8 223
-110 -8 224
-109 -8 224
-108 -8 225
-107 -8 225
-106 -8 226
-105 -8 227
-104 -8 227
-103 -8 228
-102 -8 228
-101 -8 229
-100 -8 229
-99 -8 230
-98 -8 230
-97 -8 231
-96 -8 231
-95 -8 232
-94 -8 232
-93 -8 233
-92 -8 233
-91 -8 234
-90 -8 234
-89 -8 234
-88 -8 235
-87 -8 235
-86 -8 236
-85 -8 236
-84 -8 237
-83 -8 237
-82 -8 237
-81 -8 238
-80 -8 238
-79 -8 239
-78 -8 239
-77 -8 240
-76 -8 240
-75 -8 240
-74 -8 241
-73 -8 241
-72 -8 241
-71 -8 242
-70 -8 242
-69 -8 242
-68 -8 243
-67 -8 243
-66 -8 243
-65 -8 244
-64 -8 244
-63 -8 244
-62 -8 245
-61 -8 245
-60 -8 245
-59 -8 246
-58 -8 246
-57 -8 246
-56 -8 247
-55 -8 247
-54 -8 247
-53 -8 247
-52 -8 248
-51 -8 248
-50 -8 248
-49 -8 248
-48 -8 249
-47 -8 249
-46 -8 249
-45 -8 249
-44 -8 250
-43 -8 250
-42 -8 250
-41 -8 250
-40 -8 250
-39 -8 251
-38 -8 251
-37 -8 251
-36 -8 251
-35 -8 251
-34 -8 251
-33 -8 252
-32 -8 252
-31 -8 252
-30 -8 252
-29 -8 252
-28 -8 252
-27 -8 253
-26 -8 253
-25 -8 253
-24 -8 253
-23 -8 253
-22 -8 253
-21 -8 253
-20 -8 253
-19 -8 253
-18 -8 254
-17 -8 254
-16 -8 254
-15 -8 254
-14 -8 254
-13 -8 254
-12 -8 254
-11 -8 254
-10 -8 254
-9 -8 254
-8 -8 254
-7 -8 254
-6 -8 254
-5 -8 254
-4 -8 254
-3 -8 254
-2 -8 254
-1 -8 254
0 -8 254
1 -8 254
2 -8 254
3 -8 254
4 -8 254
5 -8 254
6 -8 254
7 -8 254
8 -8 254
9 -8 254
10 -8 254
11 -8 254
12 -8 254
13 -8 254
14 -8 254
15 -8 254
16 -8 254
17 -8 254
18 -8 254
19 -8 253
20 -8 253
21 -8 253
22 -8 253
23 -8 253
24 -8 253
25 -8 253
26 -8 253
27 -8 253
28 -8 252
29 -8 252
30 -8 252
31 -8 252
32 -8 252
33 -8 252
34 -8 251
35 -8 251
36 -8 251
37 -8 251
38 -8 251
39 -8 251
40 -8 250
41 -8 250
42 -8 250
43 -8 250
44 -8 250
45 -8 249
46 -8 249
47 -8 249
48 -8 249
49 -8 248
50 -8 248
51 -8 248
52 -8 248
53 -8 247
54 -8 247
55 -8 247
56 -8 247
57 -8 246
58 -8 246
59 -8 246
60 -8 245
61 -8 245
62 -8 245
63 -8 244
64 -8 244
65 -8 244
66 -8 243
67 -8 243
68 -8 243
69 -8 242
70 -8 242
71 -8 242
72 -8 241
73 -8 241
74 -8 241
75 -8 240
76 -8 240
77 -8 240
78 -8 239
79 -8 239
80 -8 238
81 -8 238
82 -8 237
83 -8 237
84 -8 237
85 -8 236
86 -8 236
87 -8 235
88 -8 235
89 -8 234
90 -8 234
91 -8 234
92 -8 233
93 -8 233
94 -8 232
95 -8 232
96 -8 231
97 -8 231
98 -8 230
99 -8 230
100 -8 229
101 -8 229
102 -8 228
103 -8 228
104 -8 227
105 -8 227
106 -8 226
107 -8 225
108 -8 225
109 -8 224
110 -8 224
111 -8 223
112 -8 223
113 -8 222
114 -8 221
115 -8 221
116 -8 220
117 -8 220
118 -8 219
119 -8 218
120 -8 218
121 -8 217
122 -8 217
123 -8 216
124 -8 215
125 -8 215
126 -8 214
127 -8 213
128 -8 213
129 -8 212
130 -8 211
131 -8 211
132 -8 210
133 -8 209
134 -8 209
135 -8 208
136 -8 207
137 -8 206
138 -8 206
139 -8 205
140 -8 204
141 -8 204
142 -8 203
143 -8 202
144 -8 201
145 -8 201
146 -8 200
-146 -7 200
-145 -7 201
-144 -7 201
-143 -7 202
-142 -7 203
-141 -7 204
-140 -7 204
-139 -7 205
-138 -7 206
-137 -7 206
-136 -7 207
-135 -7 208
-134 -7 209
-133 -7 209
-132 -7 210
-131 -7 211
-130 -7 211
-129 -7 212
-128 -7 213
-127 -7 213
-126 -7 214
-125 -7 215
-124 -7 215
-123 -7 216
-122 -7 217
-121 -7 217
-120 -7 218
-119 -7 218
-118 -7 219
-117 -7 220
-116 -7 220
-115 -7 221
-114 -7 221
-113 -7 222
-112 -7 223
-111 -7 223
-110 -7 224
-109 -7 224
-108 -7 225
-107 -7 225
-106 -7 226
-105 -7 227
-104 -7 227
-103 -7 228
-102 -7 228
-101 -7 229
-100 -7 229
-99 -7 230
-98 -7 230
-97 -7 231
-96 -7 231
-95 -7 232
-94 -7 232
-93 -7 233
-92 -7 233
-91 -7 234
-90 -7 234
-89 -7 234
-88 -7 235
-87 -7 235
-86 -7 236
-85 -7 236
-84 -7 237
-83 -7 237
-82 -7 238
-81 -7 238
-80 -7 238
-79 -7 239
-78 -7 239
-77 -7 240
-76 -7 240
-75 -7 240
-74 -7 241
-73 -7 241
-72 -7 241
-71 -7 242
-70 -7 242
-69 -7 242
-68 -7 243
-67 -7 243
-66 -7 244
-65 -7 244
-64 -7 244
-63 -7 244
-62 -7 245
-61 -7 245
-60 -7 245
-59 -7 246
-58 -7 246
-57 -7 246
-56 -7 247
-55 -7 247
-54 -7 247
-53 -7 247
-52 -7 248
-51 -7 248
-50 -7 248
-49 -7 248
-48 -7 249
-47 -7 249
-46 -7 249
-45 -7 249
-44 -7 250
-43 -7 250
-42 -7 250
-41 -7 250
-40 -7 250
-39 -7 251
-38 -7 251
-37 -7 251
-36 -7 251
-35 -7 251
-34 -7 252
-33 -7 252
-32 -7 252
-31 -7 252
-30 -7 252
-29 -7 252
-28 -7 252
-27 -7 253
-26 -7 253
-25 -7 253
-24 -7 253
-23 -7 253
-22 -7 253
-21 -7 253
-20 -7 253
-19 -7 253
-18 -7 254
-17 -7 254
-16 -7 254
-15 -7 254
-14 -7 254
-13 -7 254
-12 -7 254
-11 -7 254
-10 -7 254
-9 -7 254
-8 -7 254
-7 -7 254
-6 -7 254
-5 -7 254
-4 -7 254
-3 -7 254
-2 -7 254
-1 -7 254
0 -7 254
1 -7 254
2 -7 254
3 -7 254
4 -7 254
5 -7 254
6 -7 254
7 -7 254
8 -7 254
9 -7 254
10 -7 254
11 -7 254
12 -7 254
13 -7 254
14 -7 254
15 -7 254
16 -7 254
17 -7 254
18 -7 254
19 -7 253
20 -7 253
21 -7 253
22 -7 253
23 -7 253
24 -7 253
25 -7 253
26 -7 253
27 -7 253
28 -7 252
29 -7 252
30 -7 252
31 -7 252
32 -7 252
33 -7 252
34 -7 252
35 -7 251
36 -7 251
37 -7 251
38 -7 251
39 -7 251
40 -7 250
41 -7 250
42 -7 250
43 -7 250
44 -7 250
45 -7 249
46 -7 249
47 -7 249
48 -7 249
49 -7 248
50 -7 248
51 -7 248
52 -7 248
53 -7 247
54 -7 247
55 -7 247
56 -7 247
57 -7 246
58 -7 246
59 -7 246
60 -7 245
61 -7 245
62 -7 245
63 -7 244
64 -7 244
65 -7 244
66 -7 244
67 -7 243
68 -7 243
69 -7 242
70 -7 242
71 -7 242
72 -7 241
73 -7 241
74 -7 241
75 -7 240
76 -7 240
77 -7 240
78 -7 239
79 -7 239
80 -7 238
81 -7 238
82 -7 238
83 -7 237
84 -7 237
85 -7 236
86 -7 236
87 -7 235
88 -7 235
89 -7 234
90 -7 234
91 -7 234
92 -7 233
93 -7 233
94 -7 232
95 -7 232
96 -7 231
97 -7 231
98 -7 230
99 -7 230
100 -7 229
101 -7 229
102 -7 228
103 -7 228
104 -7 227
105 -7 227
106 -7 226
107 -7 225
108 -7 225
109 -7 224
110 -7 224
111 -7 223
112 -7 223
113 -7 222
114 -7 221
115 -7 221
116 -7 220
117 -7 220
118 -7 219
119 -7 218
120 -7 218
121 -7 217
122 -7 217
123 -7 216
124 -7 215
125 -7 215
126 -7 214
127 -7 213
128 -7 213
129 -7 212
130 -7 211
131 -7 211
132 -7 210
133 -7 209
134 -7 209
135 -7 208
136 -7 207
137 -7 206
138 -7 206
139 -7 205
140 -7 204
141 -7 204
142 -7 203
143 -7 202
144 -7 201
145 -7 201
146 -7 200
-146 -6 200
-145 -6 201
-144 -6 201
-143 -6 202
-142 -6 203
-141 -6 204
-140 -6 204
-139 -6 205
-138 -6 206
-137 -6 206
-136 -6 207
-135 -6 208
-134 -6 209
-133 -6 209
-132 -6 210
-131 -6 211
-130 -6 211
-129 -6 212
-128 -6 213
-127 -6 213
-126 -6 214
-125 -6 215
-124 -6 215
-123 -6 216
-122 -6 217
-121 -6 217
-120 -6 218
-119 -6 218
-118 -6 219
-117 -6 220
-116 -6 220
-115 -6 221
-114 -6 222
-113 -6 222
-112 -6 223
-111 -6 223
-110 -6 224
-109 -6 224
-108 -6 225
-107 -6 225
-106 -6 226
-105 -6 227
-104 -6 227
-103 -6 228
-102 -6 228
-101 -6 229
-100 -6 229
-99 -6 230
-98 -6 230
-97 -6 231
-96 -6 231
-95 -6 232
-94 -6 232
-93 -6 233
-92 -6 233
-91 -6 234
-90 -6 234
-89 -6 235
-88 -6 235
-87 -6 235
-86 -6 236
-85 -6 236
-84 -6 237
-83 -6 237
-82 -6 238
-81 -6 238
-80 -6 238
-79 -6 239
-78 -6 239
-77 -6 240
-76 -6 240
-75 -6 240
-74 -6 241
-73 -6 241
-72 -6 241
-71 -6 242
-70 -6 242
-69 -6 243
-68 -6 243
-67 -6 243
-66 -6 244
-65 -6 244
-64 -6 244
-63 -6 245
-62 -6 245
-61 -6 245
-60 -6 245
-59 -6 246
-58 -6 246
-57 -6 246
-56 -6 247
-55 -6 247
-54 -6 247
-53 -6 247
-52 -6 248
-51 -6 248
-50 -6 248
-49 -6 248
-48 -6 249
-47 -6 249
-46 -6 249
-45 -6 249
-44 -6 250
-43 -6 250
-42 -6 250
-41 -6 250
-40 -6 250
-39 -6 251
-38 -6 251
-37 -6 251
-36 -6 251
-35 -6 251
-34 -6 252
-33 -6 252
-32 -6 252
-31 -6 252
-30 -6 252
-29 -6 252
-28 -6 252
-27 -6 253
-26 -6 253
-25 -6 253
-24 -6 253
-23 -6 253
-22 -6 253
-21 -6 253
-20 -6 253
-19 -6 254
-18 -6 254
-17 -6 254
-16 -6 254
-15 -6 254
-14 -6 254
-13 -6 254
-12 -6 254
-11 -6 254
-10 -6 254
-9 -6 254
-8 -6 254
-7 -6 254
-6 -6 254
-5 -6 254
-4 -6 254
-3 -6 254
-2 -6 254
-1 -6 254
0 -6 254
1 -6 254
2 -6 254
3 -6 254
4 -6 254
5 -6 254
6 -6 254
7 -6 254
8 -6 254
9 -6 254
10 -6 254
11 -6 254
12 -6 254
13 -6 254
14 -6 254
15 -6 254
16 -6 254
17 -6 254
18 -6 254
19 -6 254
20 -6 253
21 -6 253
22 -6 253
23 -6 253
24 -6 253
25 -6 253
26 -6 253
27 -6 253
28 -6 252
29 -6 252
30 -6 252
31 -6 252
32 -6 252
33 -6 252
34 -6 252
35 -6 251
36 -6 251
37 -6 251
38 -6 251
39 -6 251
40 -6 250
41 -6 250
42 -6 250
43 -6 250
44 -6 250
45 -6 249
46 -6 249
47 -6 249
48 -6 249
49 -6 248
50 -6 248
51 -6 248
52 -6 248
53 -6 247
54 -6 247
55 -6 247
56 -6 247
57 -6 246
58 -6 246
59 -6 246
60 -6 245
61 -6 245
62 -6 245
63 -6 245
64 -6 244
65 -6 244
66 -6 244
67 -6 243
68 -6 243
69 -6 243
70 -6 242
71 -6 242
72 -6 241
73 -6 241
74 -6 241
75 -6 240
76 -6 240
77 -6 240
78 -6 239
79 -6 239
80 -6 238
81 -6 238
82 -6 238
83 -6 237
84 -6 237
85 -6 236
86 -6 236
87 -6 235
88 -6 235
89 -6 235
90 -6 234
91 -6 234
92 -6 233
93 -6 233
94 -6 232
95 -6 232
96 -6 231
97 -6 231
98 -6 230
99 -6 230
100 -6 229
101 -6 229
102 -6 228
103 -6 228
104 -6 227
105 -6 227
106 -6 226
107 -6 225
108 -6 225
109 -6 224
110 -6 224
111 -6 223
112 -6 223
113 -6 222
114 -6 222
115 -6 221
116 -6 220
117 -6 220
118 -6 219
119 -6 218
120 -6 218
121 -6 217
122 -6 217
123 -6 216
124 -6 215
125 -6 215
126 -6 214
127 -6 213
128 -6 213
129 -6 212
130 -6 211
131 -6 211
132 -6 210
133 -6 209
134 -6 209
135 -6 208
136 -6 207
137 -6 206
138 -6 206
139 -6 205
140 -6 204
141 -6 204
142 -6 203
143 -6 202
144 -6 201
145 -6 201
146 -6 200
-146 -5 200
-145 -5 201
-144 -5 201
-143 -5 202
-142 -5 203
-141 -5 204
-140 -5 204
-139 -5 205
-138 -5 206
-137 -5 207
-136 -5 207
-135 -5 208
-134 -5 209
-133 -5 209
-132 -5 210
-131 -5 211
-130 -5 211
-129 -5 212
-128 -5 213
-127 -5 213
-126 -5 214
-125 -5 215
-124 -5 215
-123 -5 216
-122 -5 217
-121 -5 217
-120 -5 218
-119 -5 219
-118 -5 219
-117 -5 220
-116 -5 220
-115 -5 221
-114 -5 222
-113 -5 222
-112 -5 223
-111 -5 223
-110 -5 224
-109 -5 224
-108 -5 225
-107 -5 226
-106 -5 226
-105 -5 227
-104 -5 227
-103 -5 228
-102 -5 228
-101 -5 229
-100 -5 229
-99 -5 230
-98 -5 230
-97 -5 231
-96 -5 231
-95 -5 232
-94 -5 232
-93 -5 233
-92 -5 233
-91 -5 234
-90 -5 234
-89 -5 235
-88 -5 235
-87 -5 235
-86 -5 236
-85 -5 236
-84 -5 237
-83 -5 237
-82 -5 238
-81 -5 238
-80 -5 238
-79 -5 239
-78 -5 239
-77 -5 240
-76 -5 240
-75 -5 240
-74 -5 241
-73 -5 241
-72 -5 241
-71 -5 242
-70 -5 242
-69 -5 243
-68 -5 243
-67 -5 243
-66 -5 244
-65 -5 244
-64 -5 244
-63 -5 245
-62 -5 245
-61 -5 245
-60 -5 245
-59 -5 246
-58 -5 246
-57 -5 246
-56 -5 247
-55 -5 247
-54 -5 247
-53 -5 247
-52 -5 248
-51 -5 248
-50 -5 248
-49 -5 248
-48 -5 249
-47 -5 249
-46 -5 249
-45 -5 249
-44 -5 250
-43 -5 250
-42 -5 250
-41 -5 250
-40 -5 250
-39 -5 251
-38 -5 251
-37 -5 251
-36 -5 251
-35 -5 251
-34 -5 252
-33 -5 252
-32 -5 252
-31 -5 252
-30 -5 252
-29 -5 252
-28 -5 252
-27 -5 253
-26 -5 253
-25 -5 253
-24 -5 253
-23 -5 253
-22 -5 253
-21 -5 253
-20 -5 253
-19 -5 254
-18 -5 254
-17 -5 254
-16 -5 254
-15 -5 254
-14 -5 254
-13 -5 254
-12 -5 254
-11 -5 254
-10 -5 254
-9 -5 254
-8 -5 254
-7 -5 254
-6 -5 254
-5 -5 254
-4 -5 254
-3 -5 254
-2 -5 254
-1 -5 254
0 -5 254
1 -5 254
2 -5 254
3 -5 254
4 -5 254
5 -5 254
6 -5 254
7 -5 254
8 -5 254
9 -5 254
10 -5 254
11 -5 254
12 -5 254
13 -5 254
14 -5 254
15 -5 254
16 -5 254
17 -5 254
18 -5 254
19 -5 254
20 -5 253
21 -5 253
22 -5 253
23 -5 253
24 -5 253
25 -5 253
26 -5 253
27 -5 253
28 -5 252
29 -5 252
30 -5 252
31 -5 252
32 -5 252
33 -5 252
34 -5 252
35 -5 251
36 -5 251
37 -5 251
38 -5 251
39 -5 251
40 -5 250
41 -5 250
42 -5 250
43 -5 250
44 -5 250
45 -5 249
46 -5 249
47 -5 249
48 -5 249
49 -5 248
50 -5 248
51 -5 248
52 -5 248
53 -5 247
54 -5 247
55 -5 247
56 -5 247
57 -5 246
58 -5 246
59 -5 246
60 -5 245
61 -5 245
62 -5 245
63 -5 245
64 -5 244
65 -5 244
66 -5 244
67 -5 243
68 -5 243
69 -5 243
70 -5 242
71 -5 242
72 -5 241
73 -5 241
74 -5 241
75 -5 240
76 -5 240
77 -5 240
78 -5 239
79 -5 239
80 -5 238
81 -5 238
82 -5 238
83 -5 237
84 -5 237
85 -5 236
86 -5 236
87 -5 235
88 -5 235
89 -5 235
90 -5 234
91 -5 234
92 -5 233
93 -5 233
94 -5 232
95 -5 232
96 -5 231
97 -5 231
98 -5 230
99 -5 230
100 -5 229
101 -5 229
102 -5 228
103 -5 228
104 -5 227
105 -5 227
106 -5 226
107 -5 226
108 -5 225
109 -5 224
110 -5 224
111 -5 223
112 -5 223
113 -5 222
114 -5 222
115 -5 221
116 -5 220
117 -5 220
118 -5 219
119 -5 219
120 -5 218
121 -5 217
122 -5 217
123 -5 216
124 -5 215
125 -5 215
126 -5 214
127 -5 213
128 -5 213
129 -5 212
130 -5 211
131 -5 211
132 -5 210
133 -5 209
134 -5 209
135 -5 208
136 -5 207
137 -5 207
138 -5 206
139 -5 205
140 -5 204
141 -5 204
142 -5 203
143 -5 202
144 -5 201
145 -5 201
146 -5 200
-146 -4 200
-145 -4 201
-144 -4 201
-143 -4 202
-142 -4 203
-141 -4 204
-140 -4 204
-139 -4 205
-138 -4 206
-137 -4 207
-136 -4 207
-135 -4 208
-134 -4 209
-133 -4 209
-132 -4 210
-131 -4 211
-130 -4 211
-129 -4 212
-128 -4 213
-127 -4 213
-126 -4 214
-125 -4 215
-124 -4 215
-123 -4 216
-122 -4 217
-121 -4 217
-120 -4 218
-119 -4 219
-118 -4 219
-117 -4 220
-116 -4 220
-115 -4 221
-114 -4 222
-113 -4 222
-112 -4 223
-111 -4 223
-110 -4 224
-109 -4 224
-108 -4 225
-107 -4 226
-106 -4 226
-105 -4 227
-104 -4 227
-103 -4 228
-102 -4 228
-101 -4 229
-100 -4 229
-99 -4 230
-98 -4 230
-97 -4 231
-96 -4 231
-95 -4 232
-94 -4 232
-93 -4 233
-92 -4 233
-91 -4 234
-90 -4 234
-89 -4 235
-88 -4 235
-87 -4 235
-86 -4 236
-85 -4 236
-84 -4 237
-83 -4 237
-82 -4 238
-81 -4 238
-80 -4 238
-79 -4 239
-78 -4 239
-77 -4 240
-76 -4 240
-75 -4 240
-74 -4 241
-73 -4 241
-72 -4 242
-71 -4 242
-70 -4 242
-69 -4 243
-68 -4 243
-67 -4 243
-66 -4 244
-65 -4 244
-64 -4 244
-63 -4 245
-62 -4 245
-61 -4 245
-60 -4 245
-59 -4 246
-58 -4 246
-57 -4 246
-56 -4 247
-55 -4 247
-54 -4 247
-53 -4 247
-52 -4 248
-51 -4 248
-50 -4 248
-49 -4 248
-48 -4 249
-47 -4 249
-46 -4 249
-45 -4 249
-44 -4 250
-43 -4 250
-42 -4 250
-41 -4 250
-40 -4 250
-39 -4 251
-38 -4 251
-37 -4 251
-36 -4 251
-35 -4 251
-34 -4 252
-33 -4 252
-32 -4 252
-31 -4 252
-30 -4 252
-29 -4 252
-28 -4 253
-27 -4 253
-26 -4 253
-25 -4 253
-24 -4 253
-23 -4 253
-22 -4 253
-21 -4 253
-20 -4 253
-19 -4 254
-18 -4 254
-17 -4 254
-16 -4 254
-15 -4 254
-14 -4 254
-13 -4 254
-12 -4 254
-11 -4 254
-10 -4 254
-9 -4 254
-8 -4 254
-7 -4 254
-6 -4 254
-5 -4 254
-4 -4 254
-3 -4 254
-2 -4 254
-1 -4 254
0 -4 254
1 -4 254
2 -4 254
3 -4 254
4 -4 254
5 -4 254
6 -4 254
7 -4 254
8 -4 254
9 -4 254
10 -4 254
11 -4 254
12 -4 254
13 -4 254
14 -4 254
15 -4 254
16 -4 254
17 -4 254
18 -4 254
19 -4 254
20 -4 253
21 -4 253
22 -4 253
23 -4 253
24 -4 253
25 -4 253
26 -4 253
27 -4 253
28 -4 253
29 -4 252
30 -4 252
31 -4 252
32 -4 252
33 -4 252
34 -4 252
35 -4 251
36 -4 251
37 -4 251
38 -4 251
39 -4 251
40 -4 250
41 -4 250
42 -4 250
43 -4 250
44 -4 250
45 -4 249
46 -4 249
47 -4 249
48 -4 249
49 -4 248
50 -4 248
51 -4 248
52 -4 248
53 -4 247
54 -4 247
55 -4 247
56 -4 247
57 -4 246
58 -4 246
59 -4 246
60 -4 245
61 -4 245
62 -4 245
63 -4 245
64 -4 244
65 -4 244
66 -4 244
67 -4 243
68 -4 243
69 -4 243
70 -4 242
71 -4 242
72 -4 242
73 -4 241
74 -4 241
75 -4 240
76 -4 240
77 -4 240
78 -4 239
79 -4 239
80 -4 238
81 -4 238
82 -4 238
83 -4 237
84 -4 237
85 -4 236
86 -4 236
87 -4 235
88 -4 235
89 -4 235
90 -4 234
91 -4 234
92 -4 233
93 -4 233
94 -4 232
95 -4 232
96 -4 231
97 -4 231
98 -4 230
99 -4 230
100 -4 229
101 -4 229
102 -4 228
103 -4 228
104 -4 227
105 -4 227
106 -4 226
107 -4 226
108 -4 225
109 -4 224
110 -4 224
111 -4 223
112 -4 223
113 -4 222
114 -4 222
115 -4 221
116 -4 220
117 -4 220
118 -4 219
119 -4 219
120 -4 218
121 -4 217
122 -4 217
123 -4 216
124 -4 215
125 -4 215
126 -4 214
127 -4 213
128 -4 213
129 -4 212
130 -4 211
131 -4 211
132 -4 210
133 -4 209
134 -4 209
135 -4 208
136 -4 207
137 -4 207
138 -4 206
139 -4 205
140 -4 204
141 -4 204
142 -4 203
143 -4 202
144 -4 201
145 -4 201
146 -4 200
-146 -3 200
-145 -3 201
-144 -3 201
-143 -3 202
-142 -3 203
-141 -3 204
-140 -3 204
-139 -3 205
-138 -3 206
-137 -3 207
-136 -3 207
-135 -3 208
-134 -3 209
-133 -3 209
-132 -3 210
-131 -3 211
-130 -3 211
-129 -3 212
-128 -3 213
-127 -3 213
-126 -3 214
-125 -3 215
-124 -3 215
-123 -3 216
-122 -3 217
-121 -3 217
-120 -3 218
-119 -3 219
-118 -3 219
-117 -3 220
-116 -3 220
-115 -3 221
-114 -3 222
-113 -3 222
-112 -3 223
-111 -3 223
-110 -3 224
-109 -3 224
-108 -3 225
-107 -3 226
-106 -3 226
-105 -3 227
-104 -3 227
-103 -3 228
-102 -3 228
-101 -3 229
-100 -3 229
-99 -3 230
-98 -3 230
-97 -3 231
-96 -3 231
-95 -3 232
-94 -3 232
-93 -3 233
-92 -3 233
-91 -3 234
-90 -3 234
-89 -3 235
-88 -3 235
-87 -3 235
-86 -3 236
-85 -3 236
-84 -3 237
-83 -3 237
-82 -3 238
-81 -3 238
-80 -3 238
-79 -3 239
-78 -3 239
-77 -3 240
-76 -3 240
-75 -3 240
-74 -3 241
-73 -3 241
-72 -3 242
-71 -3 242
-70 -3 242
-69 -3 243
-68 -3 243
-67 -3 243
-66 -3 244
-65 -3 244
-64 -3 244
-63 -3 245
-62 -3 245
-61 -3 245
-60 -3 246
-59 -3 246
-58 -3 246
-57 -3 246
-56 -3 247
-55 -3 247
-54 -3 247
-53 -3 247
-52 -3 248
-51 -3 248
-50 -3 248
-49 -3 249
-48 -3 249
-47 -3 249
-46 -3 249
-45 -3 249
-44 -3 250
-43 -3 250
-42 -3 250
-41 -3 250
-40 -3 251
-39 -3 251
-38 -3 251
-37 -3 251
-36 -3 251
-35 -3 251
-34 -3 252
-33 -3 252
-32 -3 252
-31 -3 252
-30 -3 252
-29 -3 252
-28 -3 253
-27 -3 253
-26 -3 253
-25 -3 253
-24 -3 253
-23 -3 253
-22 -3 253
-21 -3 253
-20 -3 253
-19 -3 254
-18 -3 254
-17 -3 254
-16 -3 254
-15 -3 254
-14 -3 254
-13 -3 254
-12 -3 254
-11 -3 254
-10 -3 254
-9 -3 254
-8 -3 254
-7 -3 254
-6 -3 254
-5 -3 254
-4 -3 254
-3 -3 254
-2 -3 254
-1 -3 254
0 -3 254
1 -3 254
2 -3 254
3 -3 254
4 -3 254
5 -3 254
6 -3 254
7 -3 254
8 -3 254
9 -3 254
10 -3 254
11 -3 254
12 -3 254
13 -3 254
14 -3 254
15 -3 254
16 -3 254
17 -3 254
18 -3 254
19 -3 254
20 -3 253
21 -3 253
22 -3 253
23 -3 253
24 -3 253
25 -3 253
26 -3 253
27 -3 253
28 -3 253
29 -3 252
30 -3 252
31 -3 252
32 -3 252
33 -3 252
34 -3 252
35 -3 251
36 -3 251
37 -3 251
38 -3 251
39 -3 251
40 -3 251
41 -3 250
42 -3 250
43 -3 250
44 -3 250
45 -3 249
46 -3 249
47 -3 249
48 -3 249
49 -3 249
50 -3 248
51 -3 248
52 -3 248
53 -3 247
54 -3 247
55 -3 247
56 -3 247
57 -3 246
58 -3 246
59 -3 246
60 -3 246
61 -3 245
62 -3 245
63 -3 245
64 -3 244
65 -3 244
66 -3 244
67 -3 243
68 -3 243
69 -3 243
70 -3 242
71 -3 242
72 -3 242
73 -3 241
74 -3 241
75 -3 240
76 -3 240
77 -3 240
78 -3 239
79 -3 239
80 -3 238
81 -3 238
82 -3 238
83 -3 237
84 -3 237
85 -3 236
86 -3 236
87 -3 235
88 -3 235
89 -3 235
90 -3 234
91 -3 234
92 -3 233
93 -3 233
94 -3 232
95 -3 232
96 -3 231
97 -3 231
98 -3 230
99 -3 230
100 -3 229
101 -3 229
102 -3 228
103 -3 228
104 -3 227
105 -3 227
106 -3 226
107 -3 226
108 -3 225
109 -3 224
110 -3 224
111 -3 223
112 -3 223
113 -3 222
114 -3 222
115 -3 221
116 -3 220
117 -3 220
118 -3 219
119 -3 219
120 -3 218
121 -3 217
122 -3 217
123 -3 216
124 -3 215
125 -3 215
126 -3 214
127 -3 213
128 -3 213
129 -3 212
130 -3 211
131 -3 211
132 -3 210
133 -3 209
134 -3 209
135 -3 208
136 -3 207
137 -3 207
138 -3 206
139 -3 205
140 -3 204
141 -3 204
142 -3 203
143 -3 202
144 -3 201
145 -3 201
146 -3 200
-146 -2 200
-145 -2 201
-144 -2 201
-143 -2 202
-142 -2 203
-141 -2 204
-140 -2 204
-139 -2 205
-138 -2 206
-137 -2 207
-136 -2 207
-135 -2 208
-134 -2 209
-133 -2 209
-132 -2 210
-131 -2 211
-130 -2 211
-129 -2 212
-128 -2 213
-127 -2 213
-126 -2 214
-125 -2 215
-124 -2 215
-123 -2 216
-122 -2 217
-121 -2 217
-120 -2 218
-119 -2 219
-118 -2 219
-117 -2 220
-116 -2 220
-115 -2 221
-114 -2 222
-113 -2 222
-112 -2 223
-111 -2 223
-110 -2 224
-109 -2 224
-108 -2 225
-107 -2 226
-106 -2 226
-105 -2 227
-104 -2 227
-103 -2 228
-102 -2 228
-101 -2 229
-100 -2 229
-99 -2 230
-98 -2 230
-97 -2 231
-96 -2 231
-95 -2 232
-94 -2 232
-93 -2 233
-92 -2 233
-91 -2 234
-90 -2 234
-89 -2 235
-88 -2 235
-87 -2 235
-86 -2 236
-85 -2 236
-84 -2 237
-83 -2 237
-82 -2 238
-81 -2 238
-80 -2 238
-79 -2 239
-78 -2 239
-77 -2 240
-76 -2 240
-75 -2 240
-74 -2 241
-73 -2 241
-72 -2 242
-71 -2 242
-70 -2 242
-69 -2 243
-68 -2 243
-67 -2 243
-66 -2 244
-65 -2 244
-64 -2 244
-63 -2 245
-62 -2 245
-61 -2 245
-60 -2 246
-59 -2 246
-58 -2 246
-57 -2 246
-56 -2 247
-55 -2 247
-54 -2 247
-53 -2 247
-52 -2 248
-51 -2 248
-50 -2 248
-49 -2 249
-48 -2 249
-47 -2 249
-46 -2 249
-45 -2 249
-44 -2 250
-43 -2 250
-42 -2 250
-41 -2 250
-40 -2 251
-39 -2 251
-38 -2 251
-37 -2 251
-36 -2 251
-35 -2 251
-34 -2 252
-33 -2 252
-32 -2 252
-31 -2 252
-30 -2 252
-29 -2 252
-28 -2 253
-27 -2 253
-26 -2 253
-25 -2 253
-24 -2 253
-23 -2 253
-22 -2 253
-21 -2 253
-20 -2 253
-19 -2 254
-18 -2 254
-17 -2 254
-16 -2 254
-15 -2 254
-14 -2 254
-13 -2 254
-12 -2 254
-11 -2 254
-10 -2 254
-9 -2 254
-8 -2 254
-7 -2 254
-6 -2 254
-5 -2 254
-4 -2 254
-3 -2 254
-2 -2 254
-1 -2 254
0 -2 254
1 -2 254
2 -2 254
3 -2 254
4 -2 254
5 -2 254
6 -2 254
7 -2 254
8 -2 254
9 -2 254
10 -2 254
11 -2 254
12 -2 254
13 -2 254
14 -2 254
15 -2 254
16 -2 254
17 -2 254
18 -2 254
19 -2 254
20 -2 253
21 -2 253
22 -2 253
23 -2 253
24 -2 253
25 -2 253
26 -2 253
27 -2 253
28 -2 253
29 -2 252
30 -2 252
31 -2 252
32 -2 252
33 -2 252
34 -2 252
35 -2 251
36 -2 251
37 -2 251
38 -2 251
39 -2 251
40 -2 251
41 -2 250
42 -2 250
43 -2 250
44 -2 250
45 -2 249
46 -2 249
47 -2 249
48 -2 249
49 -2 249
50 -2 248
51 -2 248
52 -2 248
53 -2 247
54 -2 247
55 -2 247
56 -2 247
57 -2 246
58 -2 246
59 -2 246
60 -2 246
61 -2 245
62 -2 245
63 -2 245
64 -2 244
65 -2 244
66 -2 244
67 -2 243
68 -2 243
69 -2 243
70 -2 242
71 -2 242
72 -2 242
73 -2 241
74 -2 241
75 -2 240
76 -2 240
77 -2 240
78 -2 239
79 -2 239
80 -2 238
81 -2 238
82 -2 238
83 -2 237
84 -2 237
85 -2 236
86 -2 236
87 -2 235
88 -2 235
89 -2 235
90 -2 234
91 -2 234
92 -2 233
93 -2 233
94 -2 232
95 -2 232
96 -2 231
97 -2 231
98 -2 230
99 -2 230
100 -2 229
101 -2 229
102 -2 228
103 -2 228
104 -2 227
105 -2 227
106 -2 226
107 -2 226
108 -2 225
109 -2 224
110 -2 224
111 -2 223
112 -2 223
113 -2 222
114 -2 222
115 -2 221
116 -2 220
117 -2 220
118 -2 219
119 -2 219
120 -2 218
121 -2 217
122 -2 217
123 -2 216
124 -2 215
125 -2 215
126 -2 214
127 -2 213
128 -2 213
129 -2 212
130 -2 211
131 -2 211
132 -2 210
133 -2 209
134 -2 209
135 -2 208
136 -2 207
137 -2 207
138 -2 206
139 -2 205
140 -2 204
141 -2 204
142 -2 203
143 -2 202
144 -2 201
145 -2 201
146 -2 200
-146 -1 200
-145 -1 201
-144 -1 201
-143 -1 202
-142 -1 203
-141 -1 204
-140 -1 204
-139 -1 205
-138 -1 206
-137 -1 207
-136 -1 207
-135 -1 208
-134 -1 209
-133 -1 209
-132 -1 210
-131 -1 211
-130 -1 211
-129 -1 212
-128 -1 213
-127 -1 213
-126 -1 214
-125 -1 215
-124 -1 215
-123 -1 216
-122 -1 217
-121 -1 217
-120 -1 218
-119 -1 219
-118 -1 219
-117 -1 220
-116 -1 220
-115 -1 221
-114 -1 222
-113 -1 222
-112 -1 223
-111 -1 223
-110 -1 224
-109 -1 224
-108 -1 225
-107 -1 226
-106 -1 226
-105 -1 227
-104 -1 227
-103 -1 228
-102 -1 228
-101 -1 229
-100 -1 229
-99 -1 230
-98 -1 230
-97 -1 231
-96 -1 231
-95 -1 232
-94 -1 232
-93 -1 233
-92 -1 233
-91 -1 234
-90 -1 234
-89 -1 235
-88 -1 235
-87 -1 236
-86 -1 236
-85 -1 236
-84 -1 237
-83 -1 237
-82 -1 238
-81 -1 238
-80 -1 238
-79 -1 239
-78 -1 239
-77 -1 240
-76 -1 240
-75 -1 240
-74 -1 241
-73 -1 241
-72 -1 242
-71 -1 242
-70 -1 242
-69 -1 243
-68 -1 243
-67 -1 243
-66 -1 244
-65 -1 244
-64 -1 244
-63 -1 245
-62 -1 245
-61 -1 245
-60 -1 246
-59 -1 246
-58 -1 246
-57 -1 246
-56 -1 247
-55 -1 247
-54 -1 247
-53 -1 248
-52 -1 248
-51 -1 248
-50 -1 248
-49 -1 249
-48 -1 249
-47 -1 249
-46 -1 249
-45 -1 249
-44 -1 250
-43 -1 250
-42 -1 250
-41 -1 250
-40 -1 251
-39 -1 251
-38 -1 251
-37 -1 251
-36 -1 251
-35 -1 251
-34 -1 252
-33 -1 252
-32 -1 252
-31 -1 252
-30 -1 252
-29 -1 252
-28 -1 253
-27 -1 253
-26 -1 253
-25 -1 253
-24 -1 253
-23 -1 253
-22 -1 253
-21 -1 253
-20 -1 254
-19 -1 254
-18 -1 254
-17 -1 254
-16 -1 254
-15 -1 254
-14 -1 254
-13 -1 254
-12 -1 254
-11 -1 254
-10 -1 254
-9 -1 254
-8 -1 254
-7 -1 254
-6 -1 254
-5 -1 254
-4 -1 254
-3 -1 254
-2 -1 254
-1 -1 254
0 -1 254
1 -1 254
2 -1 254
3 -1 254
4 -1 254
5 -1 254
6 -1 254
7 -1 254
8 -1 254
9 -1 254
10 -1 254
11 -1 254
12 -1 254
13 -1 254
14 -1 254
15 -1 254
16 -1 254
17 -1 254
18 -1 254
19 -1 254
20 -1 254
21 -1 253
22 -1 253
23 -1 253
24 -1 253
25 -1 253
26 -1 253
27 -1 253
28 -1 253
29 -1 252
30 -1 252
31 -1 252
32 -1 252
33 -1 252
34 -1 252
35 -1 251
36 -1 251
37 -1 251
38 -1 251
39 -1 251
40 -1 251
41 -1 250
42 -1 250
43 -1 250
44 -1 250
45 -1 249
46 -1 249
47 -1 249
48 -1 249
49 -1 249
50 -1 248
51 -1 248
52 -1 248
53 -1 248
54 -1 247
55 -1 247
56 -1 247
57 -1 246
58 -1 246
59 -1 246
60 -1 246
61 -1 245
62 -1 245
63 -1 245
64 -1 244
65 -1 244
66 -1 244
67 -1 243
68 -1 243
69 -1 243
70 -1 242
71 -1 242
72 -1 242
73 -1 241
74 -1 241
75 -1 240
76 -1 240
77 -1 240
78 -1 239
79 -1 239
80 -1 238
81 -1 238
82 -1 238
83 -1 237
84 -1 237
85 -1 236
86 -1 236
87 -1 236
88 -1 235
89 -1 235
90 -1 234
91 -1 234
92 -1 233
93 -1 233
94 -1 232
95 -1 232
96 -1 231
97 -1 231
98 -1 230
99 -1 230
100 -1 229
101 -1 229
102 -1 228
103 -1 228
104 -1 227
105 -1 227
106 -1 226
107 -1 226
108 -1 225
109 -1 224
110 -1 224
111 -1 223
112 -1 223
113 -1 222
114 -1 222
115 -1 221
116 -1 220
117 -1 220
118 -1 219
119 -1 219
120 -1 218
121 -1 217
122 -1 217
123 -1 216
124 -1 215
125 -1 215
126 -1 214
127 -1 213
128 -1 213
129 -1 212
130 -1 211
131 -1 211
132 -1 210
133 -1 209
134 -1 209
135 -1 208
136 -1 207
137 -1 207
138 -1 206
139 -1 205
140 -1 204
141 -1 204
142 -1 203
143 -1 202
144 -1 201
145 -1 201
146 -1 200
-146 0 200
-145 0 201
-144 0 201
-143 0 202
-142 0 203
-141 0 204
-140 0 204
-139 0 205
-138 0 206
-137 0 207
-136 0 207
-135 0 208
-134 0 209
-133 0 209
-132 0 210
-131 0 211
-130 0 211
-129 0 212
-128 0 213
-127 0 213
-126 0 214
-125 0 215
-124 0 215
-123 0 216
-122 0 217
-121 0 217
-120 0 218
-119 0 219
-118 0 219
-117 0 220
-116 0 220
-115 0 221
-114 0 222
-113 0 222
-112 0 223
-111 0 223
-110 0 224
-109 0 224
-108 0 225
-107 0 226
-106 0 226
-105 0 227
-104 0 227
-103 0 228
-102 0 228
-101 0 229
-100 0 229
-99 0 230
-98 0 230
-97 0 231
-96 0 231
-95 0 232
-94 0 232
-93 0 233
-92 0 233
-91 0 234
-90 0 234
-89 0 235
-88 0 235
-87 0 236
-86 0 236
-85 0 236
-84 0 237
-83 0 237
-82 0 238
-81 0 238
-80 0 238
-79 0 239
-78 0 239
-77 0 240
-76 0 240
-75 0 240
-74 0 241
-73 0 241
-72 0 242
-71 0 242
-70 0 242
-69 0 243
-68 0 243
-67 0 243
-66 0 244
-65 0 244
-64 0 244
-63 0 245
-62 0 245
-61 0 245
-60 0 246
-59 0 246
-58 0 246
-57 0 246
-56 0 247
-55 0 247
-54 0 247
-53 0 248
-52 0 248
-51 0 248
-50 0 248
-49 0 249
-48 0 249
-47 0 249
-46 0 249
-45 0 249
-44 0 250
-43 0 250
-42 0 250
-41 0 250
-40 0 251
-39 0 251
-38 0 251
-37 0 251
-36 0 251
-35 0 251
-34 0 252
-33 0 252
-32 0 252
-31 0 252
-30 0 252
-29 0 252
-28 0 253
-27 0 253
-26 0 253
-25 0 253
-24 0 253
-23 0 253
-22 0 253
-21 0 253
-20 0 254
-19 0 254
-18 0 254
-17 0 254
-16 0 254
-15 0 254
-14 0 254
-13 0 254
-12 0 254
-11 0 254
-10 0 254
-9 0 254
-8 0 254
-7 0 254
-6 0 254
-5 0 254
-4 0 254
-3 0 254
-2 0 254
-1 0 254
0 0 255
1 0 254
2 0 254
3 0 254
4 0 254
5 0 254
6 0 254
7 0 254
8 0 254
9 0 254
10 0 254
11 0 254
12 0 254
13 0 254
14 0 254
15 0 254
16 0 254
17 0 254
18 0 254
19 0 254
20 0 254
21 0 253
22 0 253
23 0 253
24 0 253
25 0 253
26 0 253
27 0 253
28 0 253
29 0 252
30 0 252
31 0 252
32 0 252
33 0 252
34 0 252
35 0 251
36 0 251
37 0 251
38 0 251
39 0 251
40 0 251
41 0 250
42 0 250
43 0 250
44 0 250
45 0 249
46 0 249
47 0 249
48 0 249
49 0 249
50 0 248
51 0 248
52 0 248
53 0 248
54 0 247
55 0 247
56 0 247
57 0 246
58 0 246
59 0 246
60 0 246
61 0 245
62 0 245
63 0 245
64 0 244
65 0 244
66 0 244
67 0 243
68 0 243
69 0 243
70 0 242
71 0 242
72 0 242
73 0 241
74 0 241
75 0 240
76 0 240
77 0 240
78 0 239
79 0 239
80 0 238
81 0 238
82 0 238
83 0 237
84 0 237
85 0 236
86 0 236
87 0 236
88 0 235
89 0 235
90 0 234
91 0 234
92 0 233
93 0 233
94 0 232
95 0 232
96 0 231
97 0 231
98 0 230
99 0 230
100 0 229
101 0 229
102 0 228
103 0 228
104 0 227
105 0 227
106 0 226
107 0 226
108 0 225
109 0 224
110 0 224
111 0 223
112 0 223
113 0 222
114 0 222
115 0 221
116 0 220
117 0 220
118 0 219
119 0 219
120 0 218
121 0 217
122 0 217
123 0 216
124 0 215
125 0 215
126 0 214
127 0 213
128 0 213
129 0 212
130 0 211
131 0 211
132 0 210
133 0 209
134 0 209
135 0 208
136 0 207
137 0 207
138 0 206
139 0 205
140 0 204
141 0 204
142 0 203
143 0 202
144 0 201
145 0 201
146 0 200
-146 1 200
-145 1 201
-144 1 201
-143 1 202
-142 1 203
-141 1 204
-140 1 204
-139 1 205
-138 1 206
-137 1 207
-136 1 207
-135 1 208
-134 1 209
-133 1 209
-132 1 210
-131 1 211
-130 1 211
-129 1 212
-128 1 213
-127 1 213
-126 1 214
-125 1 215
-124 1 215
-123 1 216
-122 1 217
-121 1 217
-120 1 218
-119 1 219
-118 1 219
-117 1 220
-116 1 220
-115 1 221
-114 1 222
-113 1 222
-112 1 223
-111 1 223
-110 1 224
-109 1 224
-108 1 225
-107 1 226
-106 1 226
-105 1 227
-104 1 227
-103 1 228
-102 1 228
-101 1 229
-100 1 229
-99 1 230
-98 1 230
-97 1 231
-96 1 231
-95 1 232
-94 1 232
-93 1 233
-92 1 233
-91 1 234
-90 1 234
-89 1 235
-88 1 235
-87 1 236
-86 1 236
-85 1 236
-84 1 237
-83 1 237
-82 1 238
-81 1 238
-80 1 238
-79 1 239
-78 1 239
-77 1 240
-76 1 240
-75 1 240
-74 1 241
-73 1 241
-72 1 242
-71 1 242
-70 1 242
-69 1 243
-68 1 243
-67 1 243
-66 1 244
-65 1 244
-64 1 244
-63 1 245
-62 1 245
-61 1 245
-60 1 246
-59 1 246
-58 1 246
-57 1 246
-56 1 247
-55 1 247
-54 1 247
-53 1 248
-52 1 248
-51 1 248
-50 1 248
-49 1 249
-48 1 249
-47 1 249
-46 1 249
-45 1 249
-44 1 250
-43 1 250
-42 1 250
-41 1 250
-40 1 251
-39 1 251
-38 1 251
-37 1 251
-36 1 251
-35 1 251
-34 1 252
-33 1 252
-32 1 252
-31 1 252
-30 1 252
-29 1 252
-28 1 253
-27 1 253
-26 1 253
-25 1 253
-24 1 253
-23 1 253
-22 1 253
-21 1 253
-20 1 254
-19 1 254
-18 1 254
-17 1 254
-16 1 254
-15 1 254
-14 1 254
-13 1 254
-12 1 254
-11 1 254
-10 1 254
-9 1 254
-8 1 254
-7 1 254
-6 1 254
-5 1 254
-4 1 254
-3 1 254
-2 1 254
-1 1 254
0 1 254
1 1 254
2 1 254
3 1 254
4 1 254
5 1 254
6 1 254
7 1 254
8 1 254
9 1 254
10 1 254
11 1 254
12 1 254
13 1 254
14 1 254
15 1 254
16 1 254
17 1 254
18 1 254
19 1 254
20 1 254
21 1 253
22 1 253
23 1 253
24 1 253
25 1 253
26 1 253
27 1 253
28 1 253
29 1 252
30 1 252
31 1 252
32 1 252
33 1 252
34 1 252
35 1 251
36 1 251
37 1 251
38 1 251
39 1 251
40 1 251
41 1 250
42 1 250
43 1 250
44 1 250
45 1 249
46 1 249
47 1 249
48 1 249
49 1 249
50 1 248
51 1 248
52 1 248
53 1 248
54 1 247
55 1 247
56 1 247
57 1 246
58 1 246
59 1 246
60 1 246
61 1 245
62 1 245
63 1 245
64 1 244
65 1 244
66 1 244
67 1 243
68 1 243
69 1 243
70 1 242
71 1 242
72 1 242
73 1 241
74 1 241
75 1 240
76 1 240
77 1 240
78 1 239
79 1 239
80 1 238
81 1 238
82 1 238
83 1 237
84 1 237
85 1 236
86 1 236
87 1 236
88 1 235
89 1 235
90 1 234
91 1 234
92 1 233
93 1 233
94 1 232
95 1 232
96 1 231
97 1 231
98 1 230
99 1 230
100 1 229
101 1 229
102 1 228
103 1 228
104 1 227
105 1 227
106 1 226
107 1 226
108 1 225
109 1 224
110 1 224
111 1 223
112 1 223
113 1 222
114 1 222
115 1 221
116 1 220
117 1 220
118 1 219
119 1 219
120 1 218
121 1 217
122 1 217
123 1 216
124 1 215
125 1 215
126 1 214
127 1 213
128 1 213
129 1 212
130 1 211
131 1 211
132 1 210
133 1 209
134 1 209
135 1 208
136 1 207
137 1 207
138 1 206
139 1 205
140 1 204
141 1 204
142 1 203
143 1 202
144 1 201
145 1 201
146 1 200
-146 2 200
-145 2 201
-144 2 201
-143 2 202
-142 2 203
-141 2 204
-140 2 204
-139 2 205
-138 2 206
-137 2 207
-136 2 207
-135 2 208
-134 2 209
-133 2 209
-132 2 210
-131 2 211
-130 2 211
-129 2 212
-128 2 213
-127 2 213
-126 2 214
-125 2 215
-124 2 215
-123 2 216
-122 2 217
-121 2 217
-120 2 218
-119 2 219
-118 2 219
-117 2 220
-116 2 220
-115 2 221
-114 2 222
-113 2 222
-112 2 223
-111 2 223
-110 2 224
-109 2 224
-108 2 225
-107 2 226
-106 2 226
-105 2 227
-104 2 227
-103 2 228
-102 2 228
-101 2 229
-100 2 229
-99 2 230
-98 2 230
-97 2 231
-96 2 231
-95 2 232
-94 2 232
-93 2 233
-92 2 233
-91 2 234
-90 2 234
-89 2 235
-88 2 235
-87 2 235
-86 2 236
-85 2 236
-84 2 237
-83 2 237
-82 2 238
-81 2 238
-80 2 238
-79 2 239
-78 2 239
-77 2 240
-76 2 240
-75 2 240
-74 2 241
-73 2 241
-72 2 242
-71 2 242
-70 2 242
-69 2 243
-68 2 243
-67 2 243
-66 2 244
-65 2 244
-64 2 244
-63 2 245
-62 2 245
-61 2 245
-60 2 246
-59 2 246
-58 2 246
-57 2 246
-56 2 247
-55 2 247
-54 2 247
-53 2 247
-52 2 248
-51 2 248
-50 2 248
-49 2 249
-48 2 249
-47 2 249
-46 2 249
-45 2 249
-44 2 250
-43 2 250
-42 2 250
-41 2 250
-40 2 251
-39 2 251
-38 2 251
-37 2 251
-36 2 251
-35 2 251
-34 2 252
-33 2 252
-32 2 252
-31 2 252
-30 2 252
-29 2 252
-28 2 253
-27 2 253
-26 2 253
-25 2 253
-24 2 253
-23 2 253
-22 2 253
-21 2 253
-20 2 253
-19 2 254
-18 2 254
-17 2 254
-16 2 254
-15 2 254
-14 2 254
-13 2 254
-12 2 254
-11 2 254
-10 2 254
-9 2 254
-8 2 254
-7 2 254
-6 2 254
-5 2 254
-4 2 254
-3 2 254
-2 2 254
-1 2 254
0 2 254
1 2 254
2 2 254
3 2 254
4 2 254
5 2 254
6 2 254
7 2 254
8 2 254
9 2 254
10 2 254
11 2 254
12 2 254
13 2 254
14 2 254
15 2 254
16 2 254
17 2 254
18 2 254
19 2 254
20 2 253
21 2 253
22 2 253
23 2 253
24 2 253
25 2 253
26 2 253
27 2 253
28 2 253
29 2 252
30 2 252
31 2 252
32 2 252
33 2 252
34 2 252
35 2 251
36 2 251
37 2 251
38 2 251
39 2 251
40 2 251
41 2 250
42 2 250
43 2 250
44 2 250
45 2 249
46 2 249
47 2 249
48 2 249
49 2 249
50 2 248
51 2 248
52 2 248
53 2 247
54 2 247
55 2 247
56 2 247
57 2 246
58 2 246
59 2 246
60 2 246
61 2 245
62 2 245
63 2 245
64 2 244
65 2 244
66 2 244
67 2 243
68 2 243
69 2 243
70 2 242
71 2 242
72 2 242
73 2 241
74 2 241
75 2 240
76 2 240
77 2 240
78 2 239
79 2 239
80 2 238
81 2 238
82 2 238
83 2 237
84 2 237
85 2 236
86 2 236
87 2 235
88 2 235
89 2 235
90 2 234
91 2 234
92 2 233
93 2 233
94 2 232
95 2 232
96 2 231
97 2 231
98 2 230
99 2 230
100 2 229
101 2 229
102 2 228
103 2 228
104 2 227
105 2 227
106 2 226
107 2 226
108 2 225
109 2 224
110 2 224
111 2 223
112 2 223
113 2 222
114 2 222
115 2 221
116 2 220
117 2 220
118 2 219
119 2 219
120 2 218
121 2 217
122 2 217
123 2 216
124 2 215
125 2 215
126 2 214
127 2 213
128 2 213
129 2 212
130 2 211
131 2 211
132 2 210
133 2 209
134 2 209
135 2 208
136 2 207
137 2 207
138 2 206
139 2 205
140 2 204
141 2 204
142 2 203
143 2 202
144 2 201
145 2 201
146 2 200
-146 3 200
-145 3 201
-144 3 201
-143 3 202
-142 3 203
-141 3 204
-140 3 204
-139 3 205
-138 3 206
-137 3 207
-136 3 207
-135 3 208
-134 3 209
-133 3 209
-132 3 210
-131 3 211
-130 3 211
-129 3 212
-128 3 213
-127 3 213
-126 3 214
-125 3 215
-124 3 215
-123 3 216
-122 3 217
-121 3 217
-120 3 218
-119 3 219
-118 3 219
-117 3 220
-116 3 220
-115 3 221
-114 3 222
-113 3 222
-112 3 223
-111 3 223
-110 3 224
-109 3 224
-108 3 225
-107 3 226
-106 3 226
-105 3 227
-104 3 227
-103 3 228
-102 3 228
-101 3 229
-100 3 229
-99 3 230
-98 3 230
-97 3 231
-96 3 231
-95 3 232
-94 3 232
-93 3 233
-92 3 233
-91 3 234
-90 3 234
-89 3 235
-88 3 235
-87 3 235
-86 3 236
-85 3 236
-84 3 237
-83 3 237
-82 3 238
-81 3 238
-80 3 238
-79 3 239
-78 3 239
-77 3 240
-76 3 240
-75 3 240
-74 3 241
-73 3 241
-72 3 242
-71 3 242
-70 3 242
-69 3 243
-68 3 243
-67 3 243
-66 3 244
-65 3 244
-64 3 244
-63 3 245
-62 3 245
-61 3 245
-60 3 246
-59 3 246
-58 3 246
-57 3 246
-56 3 247
-55 3 247
-54 3 247
-53 3 247
-52 3 248
-51 3 248
-50 3 248
-49 3 249
-48 3 249
-47 3 249
-46 3 249
-45 3 249
-44 3 250
-43 3 250
-42 3 250
-41 3 250
-40 3 251
-39 3 251
-38 3 251
-37 3 251
-36 3 251
-35 3 251
-34 3 252
-33 3 252
-32 3 252
-31 3 252
-30 3 252
-29 3 252
-28 3 253
-27 3 253
-26 3 253
-25 3 253
-24 3 253
-23 3 253
-22 3 253
-21 3 253
-20 3 253
-19 3 254
-18 3 254
-17 3 254
-16 3 254
-15 3 254
-14 3 254
-13 3 254
-12 3 254
-11 3 254
-10 3 254
-9 3 254
-8 3 254
-7 3 254
-6 3 254
-5 3 254
-4 3 254
-3 3 254
-2 3 254
-1 3 254
0 3 254
1 3 254
2 3 254
3 3 254
4 3 254
5 3 254
6 3 254
7 3 254
8 3 254
9 3 254
10 3 254
11 3 254
12 3 254
13 3 254
14 3 254
15 3 254
16 3 254
17 3 254
18 3 254
19 3 254
20 3 253
21 3 253
22 3 253
23 3 253
24 3 253
25 3 253
26 3 253
27 3 253
28 3 253
29 3 252
30 3 252
31 3 252
32 3 252
33 3 252
34 3 252
35 3 251
36 3 251
37 3 251
38 3 251
39 3 251
40 3 251
41 3 250
42 3 250
43 3 250
44 3 250
45 3 249
46 3 249
47 3 249
48 3 249
49 3 249
50 3 248
51 3 248
52 3 248
53 3 247
54 3 247
55 3 247
56 3 247
57 3 246
58 3 246
59 3 246
60 3 246
61 3 245
62 3 245
63 3 245
64 3 244
65 3 244
66 3 244
67 3 243
68 3 243
69 3 243
70 3 242
71 3 242
72 3 242
73 3 241
74 3 241
75 3 240
76 3 240
77 3 240
78 3 239
79 3 239
80 3 238
81 3 238
82 3 238
83 3 237
84 3 237
85 3 236
86 3 236
87 3 235
88 3 235
89 3 235
90 3 234
91 3 234
92 3 233
93 3 233
94 3 232
95 3 232
96 3 231
97 3 231
98 3 230
99 3 230
100 3 229
101 3 229
102 3 228
103 3 228
104 3 227
105 3 227
106 3 226
107 3 226
108 3 225
109 3 224
110 3 224
111 3 223
112 3 223
113 3 222
114 3 222
115 3 221
116 3 220
117 3 220
118 3 219
119 3 219
120 3 218
121 3 217
122 3 217
123 3 216
124 3 215
125 3 215
126 3 214
127 3 213
128 3 213
129 3 212
130 3 211
131 3 211
132 3 210
133 3 209
134 3 209
135 3 208
136 3 207
137 3 207
138 3 206
139 3 205
140 3 204
141 3 204
142 3 203
143 3 202
144 3 201
145 3 201
146 3 200
-146 4 200
-145 4 201
-144 4 201
-143 4 202
-142 4 203
-141 4 204
-140 4 204
-139 4 205
-138 4 206
-137 4 207
-136 4 207
-135 4 208
-134 4 209
-133 4 209
-132 4 210
-131 4 211
-130 4 211
-129 4 212
-128 4 213
-127 4 213
-126 4 214
-125 4 215
-124 4 215
-123 4 216
-122 4 217
-121 4 217
-120 4 218
-119 4 219
-118 4 219
-117 4 220
-116 4 220
-115 4 221
-114 4 222
-113 4 222
-112 4 223
-111 4 223
-110 4 224
-109 4 224
-108 4 225
-107 4 226
-106 4 226
-105 4 227
-104 4 227
-103 4 228
-102 4 228
-101 4 229
-100 4 229
-99 4 230
-98 4 230
-97 4 231
-96 4 231
-95 4 232
-94 4 232
-93 4 233
-92 4 233
-91 4 234
-90 4 234
-89 4 235
-88 4 235
-87 4 235
-86 4 236
-85 4 236
-84 4 237
-83 4 237
-82 4 238
-81 4 238
-80 4 238
-79 4 239
-78 4 239
-77 4 240
-76 4 240
-75 4 240
-74 4 241
-73 4 241
-72 4 242
-71 4 242
-70 4 242
-69 4 243
-68 4 243
-67 4 243
-66 4 244
-65 4 244
-64 4 244
-63 4 245
-62 4 245
-61 4 245
-60 4 245
-59 4 246
-58 4 246
-57 4 246
-56 4 247
-55 4 247
-54 4 247
-53 4 247
-52 4 248
-51 4 248
-50 4 248
-49 4 248
-48 4 249
-47 4 249
-46 4 249
-45 4 249
-44 4 250
-43 4 250
-42 4 250
-41 4 250
-40 4 250
-39 4 251
-38 4 251
-37 4 251
-36 4 251
-35 4 251
-34 4 252
-33 4 252
-32 4 252
-31 4 252
-30 4 252
-29 4 252
-28 4 253
-27 4 253
-26 4 253
-25 4 253
-24 4 253
-23 4 253
-22 4 253
-21 4 253
-20 4 253
-19 4 254
-18 4 254
-17 4 254
-16 4 254
-15 4 254
-14 4 254
-13 4 254
-12 4 254
-11 4 254
-10 4 254
-9 4 254
-8 4 254
-7 4 254
-6 4 254
-5 4 254
-4 4 254
-3 4 254
-2 4 254
-1 4 254
0 4 254
1 4 254
2 4 254
3 4 254
4 4 254
5 4 254
6 4 254
7 4 254
8 4 254
9 4 254
10 4 254
11 4 254
12 4 254
13 4 254
14 4 254
15 4 254
16 4 254
17 4 254
18 4 254
19 4 254
20 4 253
21 4 253
22 4 253
23 4 253
24 4 253
25 4 253
26 4 253
27 4 253
28 4 253
29 4 252
30 4 252
31 4 252
32 4 252
33 4 252
34 4 252
35 4 251
36 4 251
37 4 251
38 4 251
39 4 251
40 4 250
41 4 250
42 4 250
43 4 250
44 4 250
45 4 249
46 4 249
47 4 249
48 4 249
49 4 248
50 4 248
51 4 248
52 4 248
53 4 247
54 4 247
55 4 247
56 4 247
57 4 246
58 4 246
59 4 246
60 4 245
61 4 245
62 4 245
63 4 245
64 4 244
65 4 244
66 4 244
67 4 243
68 4 243
69 4 243
70 4 242
71 4 242
72 4 242
73 4 241
74 4 241
75 4 240
76 4 240
77 4 240
78 4 239
79 4 239
80 4 238
81 4 238
82 4 238
83 4 237
84 4 237
85 4 236
86 4 236
87 4 235
88 4 235
89 4 235
90 4 234
91 4 234
92 4 233
93 4 233
94 4 232
95 4 232
96 4 231
97 4 231
98 4 230
99 4 230
100 4 229
101 4 229
102 4 228
103 4 228
104 4 227
105 4 227
106 4 226
107 4 226
108 4 225
109 4 224
110 4 224
111 4 223
112 4 223
113 4 222
114 4 222
115 4 221
116 4 220
117 4 220
118 4 219
119 4 219
120 4 218
121 4 217
122 4 217
123 4 216
124 4 215
125 4 215
126 4 214
127 4 213
128 4 213
129 4 212
130 4 211
131 4 211
132 4 210
133 4 209
134 4 209
135 4 208
136 4 207
137 4 207
138 4 206
139 4 205
140 4 204
141 4 204
142 4 203
143 4 202
144 4 201
145 4 201
146 4 200
-146 5 200
-145 5 201
-144 5 201
-143 5 202
-142 5 203
-141 5 204
-140 5 204
-139 5 205
-138 5 206
-137 5 207
-136 5 207
-135 5 208
-134 5 209
-133 5 209
-132 5 210
-131 5 211
-130 5 211
-129 5 212
-128 5 213
-127 5 213
-126 5 214
-125 5 215
-124 5 215
-123 5 216
-122 5 217
-121 5 217
-120 5 218
-119 5 219
-118 5 219
-117 5 220
-116 5 220
-115 5 221
-114 5 222
-113 5 222
-112 5 223
-111 5 223
-110 5 224
-109 5 224
-108 5 225
-107 5 226
-106 5 226
-105 5 227
-104 5 227
-103 5 228
-102 5 228
-101 5 229
-100 5 229
-99 5 230
-98 5 230
-97 5 231
-96 5 231
-95 5 232
-94 5 232
-93 5 233
-92 5 233
-91 5 234
-90 5 234
-89 5 235
-88 5 235
-87 5 235
-86 5 236
-85 5 236
-84 5 237
-83 5 237
-82 5 238
-81 5 238
-80 5 238
-79 5 239
-78 5 239
-77 5 240
-76 5 240
-75 5 240
-74 5 241
-73 5 241
-72 5 241
-71 5 242
-70 5 242
-69 5 243
-68 5 243
-67 5 243
-66 5 244
-65 5 244
-64 5 244
-63 5 245
-62 5 245
-61 5 245
-60 5 245
-59 5 246
-58 5 246
-57 5 246
-56 5 247
-55 5 247
-54 5 247
-53 5 247
-52 5 248
-51 5 248
-50 5 248
-49 5 248
-48 5 249
-47 5 249
-46 5 249
-45 5 249
-44 5 250
-43 5 250
-42 5 250
-41 5 250
-40 5 250
-39 5 251
-38 5 251
-37 5 251
-36 5 251
-35 5 251
-34 5 252
-33 5 252
-32 5 252
-31 5 252
-30 5 252
-29 5 252
-28 5 252
-27 5 253
-26 5 253
-25 5 253
-24 5 253
-23 5 253
-22 5 253
-21 5 253
-20 5 253
-19 5 254
-18 5 254
-17 5 254
-16 5 254
-15 5 254
-14 5 254
-13 5 254
-12 5 254
-11 5 254
-10 5 254
-9 5 254
-8 5 254
-7 5 254
-6 5 254
-5 5 254
-4 5 254
-3 5 254
-2 5 254
-1 5 254
0 5 254
1 5 254
2 5 254
3 5 254
4 5 254
5 5 254
6 5 254
7 5 254
8 5 254
9 5 254
10 5 254
11 5 254
12 5 254
13 5 254
14 5 254
15 5 254
16 5 254
17 5 254
18 5 254
19 5 254
20 5 253
21 5 253
22 5 253
23 5 253
24 5 253
25 5 253
26 5 253
27 5 253
28 5 252
29 5 252
30 5 252
31 5 252
32 5 252
33 5 252
34 5 252
35 5 251
36 5 251
37 5 251
38 5 251
39 5 251
40 5 250
41 5 250
42 5 250
43 5 250
44 5 250
45 5 249
46 5 249
47 5 249
48 5 249
49 5 248
50 5 248
51 5 248
52 5 248
53 5 247
54 5 247
55 5 247
56 5 247
57 5 246
58 5 246
59 5 246
60 5 245
61 5 245
62 5 245
63 5 245
64 5 244
65 5 244
66 5 244
67 5 243
68 5 243
69 5 243
70 5 242
71 5 242
72 5 241
73 5 241
74 5 241
75 5 240
76 5 240
77 5 240
78 5 239
79 5 239
80 5 238
81 5 238
82 5 238
83 5 237
84 5 237
85 5 236
86 5 236
87 5 235
88 5 235
89 5 235
90 5 234
91 5 234
92 5 233
93 5 233
94 5 232
95 5 232
96 5 231
97 5 231
98 5 230
99 5 230
100 5 229
101 5 229
102 5 228
103 5 228
104 5 227
105 5 227
106 5 226
107 5 226
108 5 225
109 5 224
110 5 224
111 5 223
112 5 223
113 5 222
114 5 222
115 5 221
116 5 220
117 5 220
118 5 219
119 5 219
120 5 218
121 5 217
122 5 217
123 5 216
124 5 215
125 5 215
126 5 214
127 5 213
128 5 213
129 5 212
130 5 211
131 5 211
132 5 210
133 5 209
134 5 209
135 5 208
136 5 207
137 5 207
138 5 206
139 5 205
140 5 204
141 5 204
142 5 203
143 5 202
144 5 201
145 5 201
146 5 200
-146 6 200
-145 6 201
-144 6 201
-143 6 202
-142 6 203
-141 6 204
-140 6 204
-139 6 205
-138 6 206
-137 6 206
-136 6 207
-135 6 208
-134 6 209
-133 6 209
-132 6 210
-131 6 211
-130 6 211
-129 6 212
-128 6 213
-127 6 213
-126 6 214
-125 6 215
-124 6 215
-123 6 216
-122 6 217
-121 6 217
-120 6 218
-119 6 218
-118 6 219
-117 6 220
-116 6 220
-115 6 221
-114 6 222
-113 6 222
-112 6 223
-111 6 223
-110 6 224
-109 6 224
-108 6 225
-107 6 225
-106 6 226
-105 6 227
-104 6 227
-103 6 228
-102 6 228
-101 6 229
-100 6 229
-99 6 230
-98 6 230
-97 6 231
-96 6 231
-95 6 232
-94 6 232
-93 6 233
-92 6 233
-91 6 234
-90 6 234
-89 6 235
-88 6 235
-87 6 235
-86 6 236
-85 6 236
-84 6 237
-83 6 237
-82 6 238
-81 6 238
-80 6 238
-79 6 239
-78 6 239
-77 6 240
-76 6 240
-75 6 240
-74 6 241
-73 6 241
-72 6 241
-71 6 242
-70 6 242
-69 6 243
-68 6 243
-67 6 243
-66 6 244
-65 6 244
-64 6 244
-63 6 245
-62 6 245
-61 6 245
-60 6 245
-59 6 246
-58 6 246
-57 6 246
-56 6 247
-55 6 247
-54 6 247
-53 6 247
-52 6 248
-51 6 248
-50 6 248
-49 6 248
-48 6 249
-47 6 249
-46 6 249
-45 6 249
-44 6 250
-43 6 250
-42 6 250
-41 6 250
-40 6 250
-39 6 251
-38 6 251
-37 6 251
-36 6 251
-35 6 251
-34 6 252
-33 6 252
-32 6 252
-31 6 252
-30 6 252
-29 6 252
-28 6 252
-27 6 253
-26 6 253
-25 6 253
-24 6 253
-23 6 253
-22 6 253
-21 6 253
-20 6 253
-19 6 254
-18 6 254
-17 6 254
-16 6 254
-15 6 254
-14 6 254
-13 6 254
-12 6 254
-11 6 254
-10 6 254
-9 6 254
-8 6 254
-7 6 254
-6 6 254
-5 6 254
-4 6 254
-3 6 254
-2 6 254
-1 6 254
0 6 254
1 6 254
2 6 254
3 6 254
4 6 254
5 6 254
6 6 254
7 6 254
8 6 254
9 6 254
10 6 254
11 6 254
12 6 254
13 6 254
14 6 254
15 6 254
16 6 254
17 6 254
18 6 254
19 6 254
20 6 253
21 6 253
22 6 253
23 6 253
24 6 253
25 6 253
26 6 253
27 6 253
28 6 252
29 6 252
30 6 252
31 6 252
32 6 252
33 6 252
34 6 252
35 6 251
36 6 251
37 6 251
38 6 251
39 6 251
40 6 250
41 6 250
42 6 250
43 6 250
44 6 250
45 6 249
46 6 249
47 6 249
48 6 249
49 6 248
50 6 248
51 6 248
52 6 248
53 6 247
54 6 247
55 6 247
56 6 247
57 6 246
58 6 246
59 6 246
60 6 245
61 6 245
62 6 245
63 6 245
64 6 244
65 6 244
66 6 244
67 6 243
68 6 243
69 6 243
70 6 242
71 6 242
72 6 241
73 6 241
74 6 241
75 6 240
76 6 240
77 6 240
78 6 239
79 6 239
80 6 238
81 6 238
82 6 238
83 6 237
84 6 237
85 6 236
86 6 236
87 6 235
88 6 235
89 6 235
90 6 234
91 6 234
92 6 233
93 6 233
94 6 232
95 6 232
96 6 231
97 6 231
98 6 230
99 6 230
100 6 229
101 6 229
102 6 228
103 6 228
104 6 227
105 6 227
106 6 226
107 6 225
108 6 225
109 6 224
110 6 224
111 6 223
112 6 223
113 6 222
114 6 222
115 6 221
116 6 220
117 6 220
118 6 219
119 6 218
120 6 218
121 6 217
122 6 217
123 6 216
124 6 215
125 6 215
126 6 214
127 6 213
128 6 213
129 6 212
130 6 211
131 6 211
132 6 210
133 6 209
134 6 209
135 6 208
136 6 207
137 6 206
138 6 206
139 6 205
140 6 204
141 6 204
142 6 203
143 6 202
144 6 201
145 6 201
146 6 200
-146 7 200
-145 7 201
-144 7 201
-143 7 202
-142 7 203
-141 7 204
-140 7 204
-139 7 205
-138 7 206
-137 7 206
-136 7 207
-135 7 208
-134 7 209
-133 7 209
-132 7 210
-131 7 211
-130 7 211
-129 7 212
-128 7 213
-127 7 213
-126 7 214
-125 7 215
-124 7 215
-123 7 216
-122 7 217
-121 7 217
-120 7 218
-119 7 218
-118 7 219
-117 7 220
-116 7 220
-115 7 221
-114 7 221
-113 7 222
-112 7 223
-111 7 223
-110 7 224
-109 7 224
-108 7 225
-107 7 225
-106 7 226
-105 7 227
-104 7 227
-103 7 228
-102 7 228
-101 7 229
-100 7 229
-99 7 230
-98 7 230
-97 7 231
-96 7 231
-95 7 232
-94 7 232
-93 7 233
-92 7 233
-91 7 234
-90 7 234
-89 7 234
-88 7 235
-87 7 235
-86 7 236
-85 7 236
-84 7 237
-83 7 237
-82 7 238
-81 7 238
-80 7 238
-79 7 239
-78 7 239
-77 7 240
-76 7 240
-75 7 240
-74 7 241
-73 7 241
-72 7 241
-71 7 242
-70 7 242
-69 7 242
-68 7 243
-67 7 243
-66 7 244
-65 7 244
-64 7 244
-63 7 244
-62 7 245
-61 7 245
-60 7 245
-59 7 246
-58 7 246
-57 7 246
-56 7 247
-55 7 247
-54 7 247
-53 7 247
-52 7 248
-51 7 248
-50 7 248
-49 7 248
-48 7 249
-47 7 249
-46 7 249
-45 7 249
-44 7 250
-43 7 250
-42 7 250
-41 7 250
-40 7 250
-39 7 251
-38 7 251
-37 7 251
-36 7 251
-35 7 251
-34 7 252
-33 7 252
-32 7 252
-31 7 252
-30 7 252
-29 7 252
-28 7 252
-27 7 253
-26 7 253
-25 7 253
-24 7 253
-23 7 253
-22 7 253
-21 7 253
-20 7 253
-19 7 253
-18 7 254
-17 7 254
-16 7 254
-15 7 254
-14 7 254
-13 7 254
-12 7 254
-11 7 254
-10 7 254
-9 7 254
-8 7 254
-7 7 254
-6 7 254
-5 7 254
-4 7 254
-3 7 254
-2 7 254
-1 7 254
0 7 254
1 7 254
2 7 254
3 7 254
4 7 254
5 7 254
6 7 254
7 7 254
8 7 254
9 7 254
10 7 254
11 7 254
12 7 254
13 7 254
14 7 254
15 7 254
16 7 254
17 7 254
18 7 254
19 7 253
20 7 253
21 7 253
22 7 253
23 7 253
24 7 253
25 7 253
26 7 253
27 7 253
28 7 252
29 7 252
30 7 252
31 7 252
32 7 252
33 7 252
34 7 252
35 7 251
36 7 251
37 7 251
38 7 251
39 7 251
40 7 250
41 7 250
42 7 250
43 7 250
44 7 250
45 7 249
46 7 249
47 7 249
48 7 249
49 7 248
50 7 248
51 7 248
52 7 248
53 7 247
54 7 247
55 7 247
56 7 247
57 7 246
58 7 246
59 7 246
60 7 245
61 7 245
62 7 245
63 7 244
64 7 244
65 7 244
66 7 244
67 7 243
68 7 243
69 7 242
70 7 242
71 7 242
72 7 241
73 7 241
74 7 241
75 7 240
76 7 240
77 7 240
78 7 239
79 7 239
80 7 238
81 7 238
82 7 238
83 7 237
84 7 237
85 7 236
86 7 236
87 7 235
88 7 235
89 7 234
90 7 234
91 7 234
92 7 233
93 7 233
94 7 232
95 7 232
96 7 231
97 7 231
98 7 230
99 7 230
100 7 229
101 7 229
102 7 228
103 7 228
104 7 227
105 7 227
106 7 226
107 7 225
108 7 225
109 7 224
110 7 224
111 7 223
112 7 223
113 7 222
114 7 221
115 7 221
116 7 220
117 7 220
118 7 219
119 7 218
120 7 218
121 7 217
122 7 217
123 7 216
124 7 215
125 7 215
126 7 214
127 7 213
128 7 213
129 7 212
130 7 211
131 7 211
132 7 210
133 7 209
134 7 209
135 7 208
136 7 207
137 7 206
138 7 206
139 7 205
140 7 204
141 7 204
142 7 203
143 7 202
144 7 201
145 7 201
146 7 200
-146 8 200
-145 8 201
-144 8 201
-143 8 202
-142 8 203
-141 8 204
-140 8 204
-139 8 205
-138 8 206
-137 8 206
-136 8 207
-135 8 208
-134 8 209
-133 8 209
-132 8 210
-131 8 211
-130 8 211
-129 8 212
-128 8 213
-127 8 213
-126 8 214
-125 8 215
-124 8 215
-123 8 216
-122 8 217
-121 8 217
-120 8 218
-119 8 218
-118 8 219
-117 8 220
-116 8 220
-115 8 221
-114 8 221
-113 8 222
-112 8 223
-111 8 223
-110 8 224
-109 8 224
-108 8 225
-107 8 225
-106 8 226
-105 8 227
-104 8 227
-103 8 228
-102 8 228
-101 8 229
-100 8 229
-99 8 230
-98 8 230
-97 8 231
-96 8 231
-95 8 232
-94 8 232
-93 8 233
-92 8 233
-91 8 234
-90 8 234
-89 8 234
-88 8 235
-87 8 235
-86 8 236
-85 8 236
-84 8 237
-83 8 237
-82 8 237
-81 8 238
-80 8 238
-79 8 239
-78 8 239
-77 8 240
-76 8 240
-75 8 240
-74 8 241
-73 8 241
-72 8 241
-71 8 242
-70 8 242
-69 8 242
-68 8 243
-67 8 243
-66 8 243
-65 8 244
-64 8 244
-63 8 244
-62 8 245
-61 8 245
-60 8 245
-59 8 246
-58 8 246
-57 8 246
-56 8 247
-55 8 247
-54 8 247
-53 8 247
-52 8 248
-51 8 248
-50 8 248
-49 8 248
-48 8 249
-47 8 249
-46 8 249
-45 8 249
-44 8 250
-43 8 250
-42 8 250
-41 8 250
-40 8 250
-39 8 251
-38 8 251
-37 8 251
-36 8 251
-35 8 251
-34 8 251
-33 8 252
-32 8 252
-31 8 252
-30 8 252
-29 8 252
-28 8 252
-27 8 253
-26 8 253
-25 8 253
-24 8 253
-23 8 253
-22 8 253
-21 8 253
-20 8 253
-19 8 253
-18 8 254
-17 8 254
-16 8 254
-15 8 254
-14 8 254
-13 8 254
-12 8 254
-11 8 254
-10 8 254
-9 8 254
-8 8 254
-7 8 254
-6 8 254
-5 8 254
-4 8 254
-3 8 254
-2 8 254
-1 8 254
0 8 254
1 8 254
2 8 254
3 8 254
4 8 254
5 8 254
6 8 254
7 8 254
8 8 254
9 8 254
10 8 254
11 8 254
12 8 254
13 8 254
14 8 254
15 8 254
16 8 254
17 8 254
18 8 254
19 8 253
20 8 253
21 8 253
22 8 253
23 8 253
24 8 253
25 8 253
26 8 253
27 8 253
28 8 252
29 8 252
30 8 252
31 8 252
32 8 252
33 8 252
34 8 251
35 8 251
36 8 251
37 8 251
38 8 251
39 8 251
40 8 250
41 8 250
42 8 250
43 8 250
44 8 250
45 8 249
46 8 249
47 8 249
48 8 249
49 8 248
50 8 248
51 8 248
52 8 248
53 8 247
54 8 247
55 8 247
56 8 247
57 8 246
58 8 246
59 8 246
60 8 245
61 8 245
62 8 245
63 8 244
64 8 244
65 8 244
66 8 243
67 8 243
68 8 243
69 8 242
70 8 242
71 8 242
72 8 241
73 8 241
74 8 241
75 8 240
76 8 240
77 8 240
78 8 239
79 8 239
80 8 238
81 8 238
82 8 237
83 8 237
84 8 237
85 8 236
86 8 236
87 8 235
88 8 235
89 8 234
90 8 234
91 8 234
92 8 233
93 8 233
94 8 232
95 8 232
96 8 231
97 8 231
98 8 230
99 8 230
100 8 229
101 8 229
102 8 228
103 8 228
104 8 227
105 8 227
106 8 226
107 8 225
108 8 225
109 8 224
110 8 224
111 8 223
112 8 223
113 8 222
114 8 221
115 8 221
116 8 220
117 8 220
118 8 219
119 8 218
120 8 218
121 8 217
122 8 217
123 8 216
124 8 215
125 8 215
126 8 214
127 8 213
128 8 213
129 8 212
130 8 211
131 8 211
132 8 210
133 8 209
134 8 209
135 8 208
136 8 207
137 8 206
138 8 206
139 8 205
140 8 204
141 8 204
142 8 203
143 8 202
144 8 201
145 8 201
146 8 200
-146 9 200
-145 9 200
-144 9 201
-143 9 202
-142 9 203
-141 9 203
-140 9 204
-139 9 205
-138 9 206
-137 9 206
-136 9 207
-135 9 208
-134 9 209
-133 9 209
-132 9 210
-131 9 211
-130 9 211
-129 9 212
-128 9 213
-127 9 213
-126 9 214
-125 9 215
-124 9 215
-123 9 216
-122 9 217
-121 9 217
-120 9 218
-119 9 218
-118 9 219
-117 9 220
-116 9 220
-115 9 221
-114 9 221
-113 9 222
-112 9 223
-111 9 223
-110 9 224
-109 9 224
-108 9 225
-107 9 225
-106 9 226
-105 9 226
-104 9 227
-103 9 228
-102 9 228
-101 9 229
-100 9 229
-99 9 230
-98 9 230
-97 9 231
-96 9 231
-95 9 232
-94 9 232
-93 9 233
-92 9 233
-91 9 233
-90 9 234
-89 9 234
-88 9 235
-87 9 235
-86 9 236
-85 9 236
-84 9 237
-83 9 237
-82 9 237
-81 9 238
-80 9 238
-79 9 239
-78 9 239
-77 9 239
-76 9 240
-75 9 240
-74 9 241
-73 9 241
-72 9 241
-71 9 242
-70 9 242
-69 9 242
-68 9 243
-67 9 243
-66 9 243
-65 9 244
-64 9 244
-63 9 244
-62 9 245
-61 9 245
-60 9 245
-59 9 246
-58 9 246
-57 9 246
-56 9 246
-55 9 247
-54 9 247
-53 9 247
-52 9 248
-51 9 248
-50 9 248
-49 9 248
-48 9 249
-47 9 249
-46 9 249
-45 9 249
-44 9 249
-43 9 250
-42 9 250
-41 9 250
-40 9 250
-39 9 251
-38 9 251
-37 9 251
-36 9 251
-35 9 251
-34 9 251
-33 9 252
-32 9 252
-31 9 252
-30 9 252
-29 9 252
-28 9 252
-27 9 252
-26 9 253
-25 9 253
-24 9 253
-23 9 253
-22 9 253
-21 9 253
-20 9 253
-19 9 253
-18 9 253
-17 9 254
-16 9 254
-15 9 254
-14 9 254
-13 9 254
-12 9 254
-11 9 254
-10 9 254
-9 9 254
-8 9 254
-7 9 254
-6 9 254
-5 9 254
-4 9 254
-3 9 254
-2 9 254
-1 9 254
0 9 254
1 9 254
2 9 254
3 9 254
4 9 254
5 9 254
6 9 254
7 9 254
8 9 254
9 9 254
10 9 254
11 9 254
12 9 254
13 9 254
14 9 254
15 9 254
16 9 254
17 9 254
18 9 253
19 9 253
20 9 253
21 9 253
22 9 253
23 9 253
24 9 253
25 9 253
26 9 253
27 9 252
28 9 252
29 9 252
30 9 252
31 9 252
32 9 252
33 9 252
34 9 251
35 9 251
36 9 251
37 9 251
38 9 251
39 9 251
40 9 250
41 9 250
42 9 250
43 9 250
44 9 249
45 9 249
46 9 249
47 9 249
48 9 249
49 9 248
50 9 248
51 9 248
52 9 248
53 9 247
54 9 247
55 9 247
56 9 246
57 9 246
58 9 246
59 9 246
60 9 245
61 9 245
62 9 245
63 9 244
64 9 244
65 9 244
66 9 243
67 9 243
68 9 243
69 9 242
70 9 242
71 9 242
72 9 241
73 9 241
74 9 241
75 9 240
76 9 240
77 9 239
78 9 239
79 9 239
80 9 238
81 9 238
82 9 237
83 9 237
84 9 237
85 9 236
86 9 236
87 9 235
88 9 235
89 9 234
90 9 234
91 9 233
92 9 233
93 9 233
94 9 232
95 9 232
96 9 231
97 9 231
98 9 230
99 9 230
100 9 229
101 9 229
102 9 228
103 9 228
104 9 227
105 9 226
106 9 226
107 9 225
108 9 225
109 9 224
110 9 224
111 9 223
112 9 223
113 9 222
114 9 221
115 9 221
116 9 220
117 9 220
118 9 219
119 9 218
120 9 218
121 9 217
122 9 217
123 9 216
124 9 215
125 9 215
126 9 214
127 9 213
128 9 213
129 9 212
130 9 211
131 9 211
132 9 210
133 9 209
134 9 209
135 9 208
136 9 207
137 9 206
138 9 206
139 9 205
140 9 204
141 9 203
142 9 203
143 9 202
144 9 201
145 9 200
146 9 200
-146 10 200
-145 10 200
-144 10 201
-143 10 202
-142 10 203
-141 10 203
-140 10 204
-139 10 205
-138 10 206
-137 10 206
-136 10 207
-135 10 208
-134 10 208
-133 10 209
-132 10 210
-131 10 211
-130 10 211
-129 10 212
-128 10 213
-127 10 213
-126 10 214
-125 10 215
-124 10 215
-123 10 216
-122 10 216
-121 10 217
-120 10 218
-119 10 218
-118 10 219
-117 10 220
-116 10 220
-115 10 221
-114 10 221
-113 10 222
-112 10 223
-111 10 223
-110 10 224
-109 10 224
-108 10 225
-107 10 225
-106 10 226
-105 10 226
-104 10 227
-103 10 227
-102 10 228
-101 10 229
-100 10 229
-99 10 230
-98 10 230
-97 10 231
-96 10 231
-95 10 232
-94 10 232
-93 10 233
-92 10 233
-91 10 233
-90 10 234
-89 10 234
-88 10 235
-87 10 235
-86 10 236
-85 10 236
-84 10 237
-83 10 237
-82 10 237
-81 10 238
-80 10 238
-79 10 239
-78 10 239
-77 10 239
-76 10 240
-75 10 240
-74 10 241
-73 10 241
-72 10 241
-71 10 242
-70 10 242
-69 10 242
-68 10 243
-67 10 243
-66 10 243
-65 10 244
-64 10 244
-63 10 244
-62 10 245
-61 10 245
-60 10 245
-59 10 246
-58 10 246
-57 10 246
-56 10 246
-55 10 247
-54 10 247
-53 10 247
-52 10 248
-51 10 248
-50 10 248
-49 10 248
-48 10 249
-47 10 249
-46 10 249
-45 10 249
-44 10 249
-43 10 250
-42 10 250
-41 10 250
-40 10 250
-39 10 250
-38 10 251
-37 10 251
-36 10 251
-35 10 251
-34 10 251
-33 10 252
-32 10 252
-31 10 252
-30 10 252
-29 10 252
-28 10 252
-27 10 252
-26 10 253
-25 10 253
-24 10 253
-23 10 253
-22 10 253
-21 10 253
-20 10 253
-19 10 253
-18 10 253
-17 10 254
-16 10 254
-15 10 254
-14 10 254
-13 10 254
-12 10 254
-11 10 254
-10 10 254
-9 10 254
-8 10 254
-7 10 254
-6 10 254
-5 10 254
-4 10 254
-3 10 254
-2 10 254
-1 10 254
0 10 254
1 10 254
2 10 254
3 10 254
4 10 254
5 10 254
6 10 254
7 10 254
8 10 254
9 10 254
10 10 254
11 10 254
12 10 254
13 10 254
14 10 254
15 10 254
16 10 254
17 10 254
18 10 253
19 10 253
20 10 253
21 10 253
22 10 253
23 10 253
24 10 253
25 10 253
26 10 253
27 10 252
28 10 252
29 10 252
30 10 252
31 10 252
32 10 252
33 10 252
34 10 251
35 10 251
36 10 251
37 10 251
38 10 251
39 10 250
40 10 250
41 10 250
42 10 250
43 10 250
44 10 249
45 10 249
46 10 249
47 10 249
48 10 249
49 10 248
50 10 248
51 10 248
52 10 248
53 10 247
54 10 247
55 10 247
56 10 246
57 10 246
58 10 246
59 10 246
60 10 245
61 10 245
62 10 245
63 10 244
64 10 244
65 10 244
66 10 243
67 10 243
68 10 243
69 10 242
70 10 242
71 10 242
72 10 241
73 10 241
74 10 241
75 10 240
76 10 240
77 10 239
78 10 239
79 10 239
80 10 238
81 10 238
82 10 237
83 10 237
84 10 237
85 10 236
86 10 236
87 10 235
88 10 235
89 10 234
90 10 234
91 10 233
92 10 233
93 10 233
94 10 232
95 10 232
96 10 231
97 10 231
98 10 230
99 10 230
100 10 229
101 10 229
102 10 228
103 10 227
104 10 227
105 10 226
106 10 226
107 10 225
108 10 225
109 10 224
110 10 224
111 10 223
112 10 223
113 10 222
114 10 221
115 10 221
116 10 220
117 10 220
118 10 219
119 10 218
120 10 218
121 10 217
122 10 216
123 10 216
124 10 215
125 10 215
126 10 214
127 10 213
128 10 213
129 10 212
130 10 211
131 10 211
132 10 210
133 10 209
134 10 208
135 10 208
136 10 207
137 10 206
138 10 206
139 10 205
140 10 204
141 10 203
142 10 203
143 10 202
144 10 201
145 10 200
146 10 200
-146 11 200
-145 11 200
-144 11 201
-143 11 202
-142 11 203
-141 11 203
-140 11 204
-139 11 205
-138 11 206
-137 11 206
-136 11 207
-135 11 208
-134 11 208
-133 11 209
-132 11 210
-131 11 210
-130 11 211
-129 11 212
-128 11 213
-127 11 213
-126 11 214
-125 11 214
-124 11 215
-123 11 216
-122 11 216
-121 11 217
-120 11 218
-119 11 218
-118 11 219
-117 11 219
-116 11 220
-115 11 221
-114 11 221
-113 11 222
-112 11 222
-111 11 223
-110 11 224
-109 11 224
-108 11 225
-107 11 225
-106 11 226
-105 11 226
-104 11 227
-103 11 227
-102 11 228
-101 11 228
-100 11 229
-99 11 230
-98 11 230
-97 11 231
-96 11 231
-95 11 231
-94 11 232
-93 11 232
-92 11 233
-91 11 233
-90 11 234
-89 11 234
-88 11 235
-87 11 235
-86 11 236
-85 11 236
-84 11 237
-83 11 237
-82 11 237
-81 11 238
-80 11 238
-79 11 239
-78 11 239
-77 11 239
-76 11 240
-75 11 240
-74 11 241
-73 11 241
-72 11 241
-71 11 242
-70 11 242
-69 11 242
-68 11 243
-67 11 243
-66 11 243
-65 11 244
-64 11 244
-63 11 244
-62 11 245
-61 11 245
-60 11 245
-59 11 246
-58 11 246
-57 11 246
-56 11 246
-55 11 247
-54 11 247
-53 11 247
-52 11 247
-51 11 248
-50 11 248
-49 11 248
-48 11 248
-47 11 249
-46 11 249
-45 11 249
-44 11 249
-43 11 250
-42 11 250
-41 11 250
-40 11 250
-39 11 250
-38 11 251
-37 11 251
-36 11 251
-35 11 251
-34 11 251
-33 11 251
-32 11 252
-31 11 252
-30 11 252
-29 11 252
-28 11 252
-27 11 252
-26 11 253
-25 11 253
-24 11 253
-23 11 253
-22 11 253
-21 11 253
-20 11 253
-19 11 253
-18 11 253
-17 11 253
-16 11 254
-15 11 254
-14 11 254
-13 11 254
-12 11 254
-11 11 254
-10 11 254
-9 11 254
-8 11 254
-7 11 254
-6 11 254
-5 11 254
-4 11 254
-3 11 254
-2 11 254
-1 11 254
0 11 254
1 11 254
2 11 254
3 11 254
4 11 254
5 11 254
6 11 254
7 11 254
8 11 254
9 11 254
10 11 254
11 11 254
12 11 254
13 11 254
14 11 254
15 11 254
16 11 254
17 11 253
18 11 253
19 11 253
20 11 253
21 11 253
22 11 253
23 11 253
24 11 253
25 11 253
26 11 253
27 11 252
28 11 252
29 11 252
30 11 252
31 11 252
32 11 252
33 11 251
34 11 251
35 11 251
36 11 251
37 11 251
38 11 251
39 11 250
40 11 250
41 11 250
42 11 250
43 11 250
44 11 249
45 11 249
46 11 249
47 11 249
48 11 248
49 11 248
50 11 248
51 11 248
52 11 247
53 11 247
54 11 247
55 11 247
56 11 246
57 11 246
58 11 246
59 11 246
60 11 245
61 11 245
62 11 245
63 11 244
64 11 244
65 11 244
66 11 243
67 11 243
68 11 243
69 11 242
70 11 242
71 11 242
72 11 241
73 11 241
74 11 241
75 11 240
76 11 240
77 11 239
78 11 239
79 11 239
80 11 238
81 11 238
82 11 237
83 11 237
84 11 237
85 11 236
86 11 236
87 11 235
88 11 235
89 11 234
90 11 234
91 11 233
92 11 233
93 11 232
94 11 232
95 11 231
96 11 231
97 11 231
98 11 230
99 11 230
100 11 229
101 11 228
102 11 228
103 11 227
104 11 227
105 11 226
106 11 226
107 11 225
108 11 225
109 11 224
110 11 224
111 11 223
112 11 222
113 11 222
114 11 221
115 11 221
116 11 220
117 11 219
118 11 219
119 11 218
120 11 218
121 11 217
122 11 216
123 11 216
124 11 215
125 11 214
126 11 214
127 11 213
128 11 213
129 11 212
130 11 211
131 11 210
132 11 210
133 11 209
134 11 208
135 11 208
136 11 207
137 11 206
138 11 206
139 11 205
140 11 204
141 11 203
142 11 203
143 11 202
144 11 201
145 11 200
146 11 200
-146 12 200
-145 12 200
-144 12 201
-143 12 202
-142 12 203
-141 12 203
-140 12 204
-139 12 205
-138 12 205
-137 12 206
-136 12 207
-135 12 208
-134 12 208
-133 12 209
-132 12 210
-131 12 210
-130 12 211
-129 12 212
-128 12 212
-127 12 213
-126 12 214
-125 12 214
-124 12 215
-123 12 216
-122 12 216
-121 12 217
-120 12 218
-119 12 218
-118 12 219
-117 12 219
-116 12 220
-115 12 221
-114 12 221
-113 12 222
-112 12 222
-111 12 223
-110 12 224
-109 12 224
-108 12 225
-107 12 225
-106 12 226
-105 12 226
-104 12 227
-103 12 227
-102 12 228
-101 12 228
-100 12 229
-99 12 229
-98 12 230
-97 12 230
-96 12 231
-95 12 231
-94 12 232
-93 12 232
-92 12 233
-91 12 233
-90 12 234
-89 12 234
-88 12 235
-87 12 235
-86 12 236
-85 12 236
-84 12 236
-83 12 237
-82 12 237
-81 12 238
-80 12 238
-79 12 239
-78 12 239
-77 12 239
-76 12 240
-75 12 240
-74 12 240
-73 12 241
-72 12 241
-71 12 242
-70 12 242
-69 12 242
-68 12 243
-67 12 243
-66 12 243
-65 12 244
-64 12 244
-63 12 244
-62 12 245
-61 12 245
-60 12 245
-59 12 245
-58 12 246
-57 12 246
-56 12 246
-55 12 247
-54 12 247
-53 12 247
-52 12 247
-51 12 248
-50 12 248
-49 12 248
-48 12 248
-47 12 249
-46 12 249
-45 12 249
-44 12 249
-43 12 250
-42 12 250
-41 12 250
-40 12 250
-39 12 250
-38 12 251
-37 12 251
-36 12 251
-35 12 251
-34 12 251
-33 12 251
-32 12 252
-31 12 252
-30 12 252
-29 12 252
-28 12 252
-27 12 252
-26 12 252
-25 12 253
-24 12 253
-23 12 253
-22 12 253
-21 12 253
-20 12 253
-19 12 253
-18 12 253
-17 12 253
-16 12 254
-15 12 254
-14 12 254
-13 12 254
-12 12 254
-11 12 254
-10 12 254
-9 12 254
-8 12 254
-7 12 254
-6 12 254
-5 12 254
-4 12 254
-3 12 254
-2 12 254
-1 12 254
0 12 254
1 12 254
2 12 254
3 12 254
4 12 254
5 12 254
6 12 254
7 12 254
8 12 254
9 12 254
10 12 254
11 12 254
12 12 254
13 12 254
14 12 254
15 12 254
16 12 254
17 12 253
18 12 253
19 12 253
20 12 253
21 12 253
22 12 253
23 12 253
24 12 253
25 12 253
26 12 252
27 12 252
28 12 252
29 12 252
30 12 252
31 12 252
32 12 252
33 12 251
34 12 251
35 12 251
36 12 251
37 12 251
38 12 251
39 12 250
40 12 250
41 12 250
42 12 250
43 12 250
44 12 249
45 12 249
46 12 249
47 12 249
48 12 248
49 12 248
50 12 248
51 12 248
52 12 247
53 12 247
54 12 247
55 12 247
56 12 246
57 12 246
58 12 246
59 12 245
60 12 245
61 12 245
62 12 245
63 12 244
64 12 244
65 12 244
66 12 243
67 12 243
68 12 243
69 12 242
70 12 242
71 12 242
72 12 241
73 12 241
74 12 240
75 12 240
76 12 240
77 12 239
78 12 239
79 12 239
80 12 238
81 12 238
82 12 237
83 12 237
84 12 236
85 12 236
86 12 236
87 12 235
88 12 235
89 12 234
90 12 234
91 12 233
92 12 233
93 12 232
94 12 232
95 12 231
96 12 231
97 12 230
98 12 230
99 12 229
100 12 229
101 12 228
102 12 228
103 12 227
104 12 227
105 12 226
106 12 226
107 12 225
108 12 225
109 12 224
110 12 224
111 12 223
112 12 222
113 12 222
114 12 221
115 12 221
116 12 220
117 12 219
118 12 219
119 12 218
120 12 218
121 12 217
122 12 216
123 12 216
124 12 215
125 12 214
126 12 214
127 12 213
128 12 212
129 12 212
130 12 211
131 12 210
132 12 210
133 12 209
134 12 208
135 12 208
136 12 207
137 12 206
138 12 205
139 12 205
140 12 204
141 12 203
142 12 203
143 12 202
144 12 201
145 12 200
146 12 200
-145 13 200
-144 13 201
-143 13 202
-142 13 202
-141 13 203
-140 13 204
-139 13 205
-138 13 205
-137 13 206
-136 13 207
-135 13 208
-134 13 208
-133 13 209
-132 13 210
-131 13 210
-130 13 211
-129 13 212
-128 13 212
-127 13 213
-126 13 214
-125 13 214
-124 13 215
-123 13 216
-122 13 216
-121 13 217
-120 13 218
-119 13 218
-118 13 219
-117 13 219
-116 13 220
-115 13 221
-114 13 221
-113 13 222
-112 13 222
-111 13 223
-110 13 223
-109 13 224
-108 13 225
-107 13 225
-106 13 226
-105 13 226
-104 13 227
-103 13 227
-102 13 228
-101 13 228
-100 13 229
-99 13 229
-98 13 230
-97 13 230
-96 13 231
-95 13 231
-94 13 232
-93 13 232
-92 13 233
-91 13 233
-90 13 234
-89 13 234
-88 13 235
-87 13 235
-86 13 236
-85 13 236
-84 13 236
-83 13 237
-82 13 237
-81 13 238
-80 13 238
-79 13 238
-78 13 239
-77 13 239
-76 13 240
-75 13 240
-74 13 240
-73 13 241
-72 13 241
-71 13 241
-70 13 242
-69 13 242
-68 13 243
-67 13 243
-66 13 243
-65 13 244
-64 13 244
-63 13 244
-62 13 244
-61 13 245
-60 13 245
-59 13 245
-58 13 246
-57 13 246
-56 13 246
-55 13 247
-54 13 247
-53 13 247
-52 13 247
-51 13 248
-50 13 248
-49 13 248
-48 13 248
-47 13 249
-46 13 249
-45 13 249
-44 13 249
-43 13 249
-42 13 250
-41 13 250
-40 13 250
-39 13 250
-38 13 250
-37 13 251
-36 13 251
-35 13 251
-34 13 251
-33 13 251
-32 13 252
-31 13 252
-30 13 252
-29 13 252
-28 13 252
-27 13 252
-26 13 252
-25 13 253
-24 13 253
-23 13 253
-22 13 253
-21 13 253
-20 13 253
-19 13 253
-18 13 253
-17 13 253
-16 13 253
-15 13 254
-14 13 254
-13 13 254
-12 13 254
-11 13 254
-10 13 254
-9 13 254
-8 13 254
-7 13 254
-6 13 254
-5 13 254
-4 13 254
-3 13 254
-2 13 254
-1 13 254
0 13 254
1 13 254
2 13 254
3 13 254
4 13 254
5 13 254
6 13 254
7 13 254
8 13 254
9 13 254
10 13 254
11 13 254
12 13 254
13 13 254
14 13 254
15 13 254
16 13 253
17 13 253
18 13 253
19 13 253
20 13 253
21 13 253
22 13 253
23 13 253
24 13 253
25 13 253
26 13 252
27 13 252
28 13 252
29 13 252
30 13 252
31 13 252
32 13 252
33 13 251
34 13 251
35 13 251
36 13 251
37 13 251
38 13 250
39 13 250
40 13 250
41 13 250
42 13 250
43 13 249
44 13 249
45 13 249
46 13 249
47 13 249
48 13 248
49 13 248
50 13 248
51 13 248
52 13 247
53 13 247
54 13 247
55 13 247
56 13 246
57 13 246
58 13 246
59 13 245
60 13 245
61 13 245
62 13 244
63 13 244
64 13 244
65 13 244
66 13 243
67 13 243
68 13 243
69 13 242
70 13 242
71 13 241
72 13 241
73 13 241
74 13 240
75 13 240
76 13 240
77 13 239
78 13 239
79 13 238
80 13 238
81 13 238
82 13 237
83 13 237
84 13 236
85 13 236
86 13 236
87 13 235
88 13 235
89 13 234
90 13 234
91 13 233
92 13 233
93 13 232
94 13 232
95 13 231
96 13 231
97 13 230
98 13 230
99 13 229
100 13 229
101 13 228
102 13 228
103 13 227
104 13 227
105 13 226
106 13 226
107 13 225
108 13 225
109 13 224
110 13 223
111 13 223
112 13 222
113 13 222
114 13 221
115 13 221
116 13 220
117 13 219
118 13 219
119 13 218
120 13 218
121 13 217
122 13 216
123 13 216
124 13 215
125 13 214
126 13 214
127 13 213
128 13 212
129 13 212
130 13 211
131 13 210
132 13 210
133 13 209
134 13 208
135 13 208
136 13 207
137 13 206
138 13 205
139 13 205
140 13 204
141 13 203
142 13 202
143 13 202
144 13 201
145 13 200
-145 14 200
-144 14 201
-143 14 202
-142 14 202
-141 14 203
-140 14 204
-139 14 205
-138 14 205
-137 14 206
-136 14 207
-135 14 208
-134 14 208
-133 14 209
-132 14 210
-131 14 210
-130 14 211
-129 14 212
-128 14 212
-127 14 213
-126 14 214
-125 14 214
-124 14 215
-123 14 216
-122 14 216
-121 14 217
-120 14 217
-119 14 218
-118 14 219
-117 14 219
-116 14 220
-115 14 221
-114 14 221
-113 14 222
-112 14 222
-111 14 223
-110 14 223
-109 14 224
-108 14 225
-107 14 225
-106 14 226
-105 14 226
-104 14 227
-103 14 227
-102 14 228
-101 14 228
-100 14 229
-99 14 229
-98 14 230
-97 14 230
-96 14 231
-95 14 231
-94 14 232
-93 14 232
-92 14 233
-91 14 233
-90 14 234
-89 14 234
-88 14 235
-87 14 235
-86 14 235
-85 14 236
-84 14 236
-83 14 237
-82 14 237
-81 14 238
-80 14 238
-79 14 238
-78 14 239
-77 14 239
-76 14 240
-75 14 240
-74 14 240
-73 14 241
-72 14 241
-71 14 241
-70 14 242
-69 14 242
-68 14 242
-67 14 243
-66 14 243
-65 14 243
-64 14 244
-63 14 244
-62 14 244
-61 14 245
-60 14 245
-59 14 245
-58 14 246
-57 14 246
-56 14 246
-55 14 246
-54 14 247
-53 14 247
-52 14 247
-51 14 248
-50 14 248
-49 14 248
-48 14 248
-47 14 249
-46 14 249
-45 14 249
-44 14 249
-43 14 249
-42 14 250
-41 14 250
-40 14 250
-39 14 250
-38 14 250
-37 14 251
-36 14 251
-35 14 251
-34 14 251
-33 14 251
-32 14 251
-31 14 252
-30 14 252
-29 14 252
-28 14 252
-27 14 252
-26 14 252
-25 14 252
-24 14 253
-23 14 253
-22 14 253
-21 14 253
-20 14 253
-19 14 253
-18 14 253
-17 14 253
-16 14 253
-15 14 253
-14 14 254
-13 14 254
-12 14 254
-11 14 254
-10 14 254
-9 14 254
-8 14 254
-7 14 254
-6 14 254
-5 14 254
-4 14 254
-3 14 254
-2 14 254
-1 14 254
0 14 254
1 14 254
2 14 254
3 14 254
4 14 254
5 14 254
6 14 254
7 14 254
8 14 254
9 14 254
10 14 254
11 14 254
12 14 254
13 14 254
14 14 254
15 14 253
16 14 253
17 14 253
18 14 253
19 14 253
20 14 253
21 14 253
22 14 253
23 14 253
24 14 253
25 14 252
26 14 252
27 14 252
28 14 252
29 14 252
30 14 252
31 14 252
32 14 251
33 14 251
34 14 251
35 14 251
36 14 251
37 14 251
38 14 250
39 14 250
40 14 250
41 14 250
42 14 250
43 14 249
44 14 249
45 14 249
46 14 249
47 14 249
48 14 248
49 14 248
50 14 248
51 14 248
52 14 247
53 14 247
54 14 247
55 14 246
56 14 246
57 14 246
58 14 246
59 14 245
60 14 245
61 14 245
62 14 244
63 14 244
64 14 244
65 14 243
66 14 243
67 14 243
68 14 242
69 14 242
70 14 242
71 14 241
72 14 241
73 14 241
74 14 240
75 14 240
76 14 240
77 14 239
78 14 239
79 14 238
80 14 238
81 14 238
82 14 237
83 14 237
84 14 236
85 14 236
86 14 235
87 14 235
88 14 235
89 14 234
90 14 234
91 14 233
92 14 233
93 14 232
94 14 232
95 14 231
96 14 231
97 14 230
98 14 230
99 14 229
100 14 229
101 14 228
102 14 228
103 14 227
104 14 227
105 14 226
106 14 226
107 14 225
108 14 225
109 14 224
110 14 223
111 14 223
112 14 222
113 14 222
114 14 221
115 14 221
116 14 220
117 14 219
118 14 219
119 14 218
120 14 217
121 14 217
122 14 216
123 14 216
124 14 215
125 14 214
126 14 214
127 14 213
128 14 212
129 14 212
130 14 211
131 14 210
132 14 210
133 14 209
134 14 208
135 14 208
136 14 207
137 14 206
138 14 205
139 14 205
140 14 204
141 14 203
142 14 202
143 14 202
144 14 201
145 14 200
-145 15 200
-144 15 201
-143 15 202
-142 15 202
-141 15 203
-140 15 204
-139 15 205
-138 15 205
-137 15 206
-136 15 207
-135 15 207
-134 15 208
-133 15 209
-132 15 210
-131 15 210
-130 15 211
-129 15 212
-128 15 212
-127 15 213
-126 15 214
-125 15 214
-124 15 215
-123 15 215
-122 15 216
-121 15 217
-120 15 217
-119 15 218
-118 15 219
-117 15 219
-116 15 220
-115 15 220
-114 15 221
-113 15 222
-112 15 222
-111 15 223
-110 15 223
-109 15 224
-108 15 224
-107 15 225
-106 15 226
-105 15 226
-104 15 227
-103 15 227
-102 15 228
-101 15 228
-100 15 229
-99 15 229
-98 15 230
-97 15 230
-96 15 231
-95 15 231
-94 15 232
-93 15 232
-92 15 233
-91 15 233
-90 15 234
-89 15 234
-88 15 234
-87 15 235
-86 15 235
-85 15 236
-84 15 236
-83 15 237
-82 15 237
-81 15 237
-80 15 238
-79 15 238
-78 15 239
-77 15 239
-76 15 239
-75 15 240
-74 15 240
-73 15 241
-72 15 241
-71 15 241
-70 15 242
-69 15 242
-68 15 242
-67 15 243
-66 15 243
-65 15 243
-64 15 244
-63 15 244
-62 15 244
-61 15 245
-60 15 245
-59 15 245
-58 15 246
-57 15 246
-56 15 246
-55 15 246
-54 15 247
-53 15 247
-52 15 247
-51 15 247
-50 15 248
-49 15 248
-48 15 248
-47 15 248
-46 15 249
-45 15 249
-44 15 249
-43 15 249
-42 15 250
-41 15 250
-40 15 250
-39 15 250
-38 15 250
-37 15 251
-36 15 251
-35 15 251
-34 15 251
-33 15 251
-32 15 251
-31 15 252
-30 15 252
-29 15 252
-28 15 252
-27 15 252
-26 15 252
-25 15 252
-24 15 253
-23 15 253
-22 15 253
-21 15 253
-20 15 253
-19 15 253
-18 15 253
-17 15 253
-16 15 253
-15 15 253
-14 15 253
-13 15 254
-12 15 254
-11 15 254
-10 15 254
-9 15 254
-8 15 254
-7 15 254
-6 15 254
-5 15 254
-4 15 254
-3 15 254
-2 15 254
-1 15 254
0 15 254
1 15 254
2 15 254
3 15 254
4 15 254
5 15 254
6 15 254
7 15 254
8 15 254
9 15 254
10 15 254
11 15 254
12 15 254
13 15 254
14 15 253
15 15 253
16 15 253
17 15 253
18 15 253
19 15 253
20 15 253
21 15 253
22 15 253
23 15 253
24 15 253
25 15 252
26 15 252
27 15 252
28 15 252
29 15 252
30 15 252
31 15 252
32 15 251
33 15 251
34 15 251
35 15 251
36 15 251
37 15 251
38 15 250
39 15 250
40 15 250
41 15 250
42 15 250
43 15 249
44 15 249
45 15 249
46 15 249
47 15 248
48 15 248
49 15 248
50 15 248
51 15 247
52 15 247
53 15 247
54 15 247
55 15 246
56 15 246
57 15 246
58 15 246
59 15 245
60 15 245
61 15 245
62 15 244
63 15 244
64 15 244
65 15 243
66 15 243
67 15 243
68 15 242
69 15 242
70 15 242
71 15 241
72 15 241
73 15 241
74 15 240
75 15 240
76 15 239
77 15 239
78 15 239
79 15 238
80 15 238
81 15 237
82 15 237
83 15 237
84 15 236
85 15 236
86 15 235
87 15 235
88 15 234
89 15 234
90 15 234
91 15 233
92 15 233
93 15 232
94 15 232
95 15 231
96 15 231
97 15 230
98 15 230
99 15 229
100 15 229
101 15 228
102 15 228
103 15 227
104 15 227
105 15 226
106 15 226
107 15 225
108 15 224
109 15 224
110 15 223
111 15 223
112 15 222
113 15 222
114 15 221
115 15 220
116 15 220
117 15 219
118 15 219
119 15 218
120 15 217
121 15 217
122 15 216
123 15 215
124 15 215
125 15 214
126 15 214
127 15 213
128 15 212
129 15 212
130 15 211
131 15 210
132 15 210
133 15 209
134 15 208
135 15 207
136 15 207
137 15 206
138 15 205
139 15 205
140 15 204
141 15 203
142 15 202
143 15 202
144 15 201
145 15 200
-145 16 200
-144 16 201
-143 16 202
-142 16 202
-141 16 203
-140 16 204
-139 16 204
-138 16 205
-137 16 206
-136 16 207
-135 16 207
-134 16 208
-133 16 209
-132 16 209
-131 16 210
-130 16 211
-129 16 211
-128 16 212
-127 16 213
-126 16 213
-125 16 214
-124 16 215
-123 16 215
-122 16 216
-121 16 217
-120 16 217
-119 16 218
-118 16 219
-117 16 219
-116 16 220
-115 16 220
-114 16 221
-113 16 222
-112 16 222
-111 16 223
-110 16 223
-109 16 224
-108 16 224
-107 16 225
-106 16 225
-105 16 226
-104 16 227
-103 16 227
-102 16 228
-101 16 228
-100 16 229
-99 16 229
-98 16 230
-97 16 230
-96 16 231
-95 16 231
-94 16 232
-93 16 232
-92 16 233
-91 16 233
-90 16 234
-89 16 234
-88 16 234
-87 16 235
-86 16 235
-85 16 236
-84 16 236
-83 16 237
-82 16 237
-81 16 237
-80 16 238
-79 16 238
-78 16 239
-77 16 239
-76 16 239
-75 16 240
-74 16 240
-73 16 241
-72 16 241
-71 16 241
-70 16 242
-69 16 242
-68 16 242
-67 16 243
-66 16 243
-65 16 243
-64 16 244
-63 16 244
-62 16 244
-61 16 245
-60 16 245
-59 16 245
-58 16 245
-57 16 246
-56 16 246
-55 16 246
-54 16 247
-53 16 247
-52 16 247
-51 16 247
-50 16 248
-49 16 248
-48 16 248
-47 16 248
-46 16 249
-45 16 249
-44 16 249
-43 16 249
-42 16 249
-41 16 250
-40 16 250
-39 16 250
-38 16 250
-37 16 250
-36 16 251
-35 16 251
-34 16 251
-33 16 251
-32 16 251
-31 16 251
-30 16 252
-29 16 252
-28 16 252
-27 16 252
-26 16 252
-25 16 252
-24 16 252
-23 16 253
-22 16 253
-21 16 253
-20 16 253
-19 16 253
-18 16 253
-17 16 253
-16 16 253
-15 16 253
-14 16 253
-13 16 253
-12 16 254
-11 16 254
-10 16 254
-9 16 254
-8 16 254
-7 16 254
-6 16 254
-5 16 254
-4 16 254
-3 16 254
-2 16 254
-1 16 254
0 16 254
1 16 254
2 16 254
3 16 254
4 16 254
5 16 254
6 16 254
7 16 254
8 16 254
9 16 254
10 16 254
11 16 254
12 16 254
13 16 253
14 16 253
15 16 253
16 16 253
17 16 253
18 16 253
19 16 253
20 16 253
21 16 253
22 16 253
23 16 253
24 16 252
25 16 252
26 16 252
27 16 252
28 16 252
29 16 252
30 16 252
31 16 251
32 16 251
33 16 251
34 16 251
35 16 251
36 16 251
37 16 250
38 16 250
39 16 250
40 16 250
41 16 250
42 16 249
43 16 249
44 16 249
45 16 249
46 16 249
47 16 248
48 16 248
49 16 248
50 16 248
51 16 247
52 16 247
53 16 247
54 16 247
55 16 246
56 16 246
57 16 246
58 16 245
59 16 245
60 16 245
61 16 245
62 16 244
63 16 244
64 16 244
65 16 243
66 16 243
67 16 243
68 16 242
69 16 242
70 16 242
71 16 241
72 16 241
73 16 241
74 16 240
75 16 240
76 16 239
77 16 239
78 16 239
79 16 238
80 16 238
81 16 237
82 16 237
83 16 237
84 16 236
85 16 236
86 16 235
87 16 235
88 16 234
89 16 234
90 16 234
91 16 233
92 16 233
93 16 232
94 16 232
95 16 231
96 16 231
97 16 230
98 16 230
99 16 229
100 16 229
101 16 228
102 16 228
103 16 227
104 16 227
105 16 226
106 16 225
107 16 225
108 16 224
109 16 224
110 16 223
111 16 223
112 16 222
113 16 222
114 16 221
115 16 220
116 16 220
117 16 219
118 16 219
119 16 218
120 16 217
121 16 217
122 16 216
123 16 215
124 16 215
125 16 214
126 16 213
127 16 213
128 16 212
129 16 211
130 16 211
131 16 210
132 16 209
133 16 209
134 16 208
135 16 207
136 16 207
137 16 206
138 16 205
139 16 204
140 16 204
141 16 203
142 16 202
143 16 202
144 16 201
145 16 200
-145 17 200
-144 17 201
-143 17 201
-142 17 202
-141 17 203
-140 17 204
-139 17 204
-138 17 205
-137 17 206
-136 17 207
-135 17 207
-134 17 208
-133 17 209
-132 17 209
-131 17 210
-130 17 211
-129 17 211
-128 17 212
-127 17 213
-126 17 213
-125 17 214
-124 17 215
-123 17 215
-122 17 216
-121 17 217
-120 17 217
-119 17 218
-118 17 218
-117 17 219
-116 17 220
-115 17 220
-114 17 221
-113 17 221
-112 17 222
-111 17 223
-110 17 223
-109 17 224
-108 17 224
-107 17 225
-106 17 225
-105 17 226
-104 17 226
-103 17 227
-102 17 228
-101 17 228
-100 17 229
-99 17 229
-98 17 230
-97 17 230
-96 17 231
-95 17 231
-94 17 232
-93 17 232
-92 17 232
-91 17 233
-90 17 233
-89 17 234
-88 17 234
-87 17 235
-86 17 235
-85 17 236
-84 17 236
-83 17 237
-82 17 237
-81 17 237
-80 17 238
-79 17 238
-78 17 239
-77 17 239
-76 17 239
-75 17 240
-74 17 240
-73 17 240
-72 17 241
-71 17 241
-70 17 242
-69 17 242
-68 17 242
-67 17 243
-66 17 243
-65 17 243
-64 17 244
-63 17 244
-62 17 244
-61 17 244
-60 17 245
-59 17 245
-58 17 245
-57 17 246
-56 17 246
-55 17 246
-54 17 247
-53 17 247
-52 17 247
-51 17 247
-50 17 248
-49 17 248
-48 17 248
-47 17 248
-46 17 249
-45 17 249
-44 17 249
-43 17 249
-42 17 249
-41 17 250
-40 17 250
-39 17 250
-38 17 250
-37 17 250
-36 17 251
-35 17 251
-34 17 251
-33 17 251
-32 17 251
-31 17 251
-30 17 252
-29 17 252
-28 17 252
-27 17 252
-26 17 252
-25 17 252
-24 17 252
-23 17 252
-22 17 253
-21 17 253
-20 17 253
-19 17 253
-18 17 253
-17 17 253
-16 17 253
-15 17 253
-14 17 253
-13 17 253
-12 17 253
-11 17 253
-10 17 254
-9 17 254
-8 17 254
-7 17 254
-6 17 254
-5 17 254
-4 17 254
-3 17 254
-2 17 254
-1 17 254
0 17 254
1 17 254
2 17 254
3 17 254
4 17 254
5 17 254
6 17 254
7 17 254
8 17 254
9 17 254
10 17 254
11 17 253
12 17 253
13 17 253
14 17 253
15 17 253
16 17 253
17 17 253
18 17 253
19 17 253
20 17 253
21 17 253
22 17 253
23 17 252
24 17 252
25 17 252
26 17 252
27 17 252
28 17 252
29 17 252
30 17 252
31 17 251
32 17 251
33 17 251
34 17 251
35 17 251
36 17 251
37 17 250
38 17 250
39 17 250
40 17 250
41 17 250
42 17 249
43 17 249
44 17 249
45 17 249
46 17 249
47 17 248
48 17 248
49 17 248
50 17 248
51 17 247
52 17 247
53 17 247
54 17 247
55 17 246
56 17 246
57 17 246
58 17 245
59 17 245
60 17 245
61 17 244
62 17 244
63 17 244
64 17 244
65 17 243
66 17 243
67 17 243
68 17 242
69 17 242
70 17 242
71 17 241
72 17 241
73 17 240
74 17 240
75 17 240
76 17 239
77 17 239
78 17 239
79 17 238
80 17 238
81 17 237
82 17 237
83 17 237
84 17 236
85 17 236
86 17 235
87 17 235
88 17 234
89 17 234
90 17 233
91 17 233
92 17 232
93 17 232
94 17 232
95 17 231
96 17 231
97 17 230
98 17 230
99 17 229
100 17 229
101 17 228
102 17 228
103 17 227
104 17 226
105 17 226
106 17 225
107 17 225
108 17 224
109 17 224
110 17 223
111 17 223
112 17 222
113 17 221
114 17 221
115 17 220
116 17 220
117 17 219
118 17 218
119 17 218
120 17 217
121 17 217
122 17 216
123 17 215
124 17 215
125 17 214
126 17 213
127 17 213
128 17 212
129 17 211
130 17 211
131 17 210
132 17 209
133 17 209
134 17 208
135 17 207
136 17 207
137 17 206
138 17 205
139 17 204
140 17 204
141 17 203
142 17 202
143 17 201
144 17 201
145 17 200
-145 18 200
-144 18 201
-143 18 201
-142 18 202
-141 18 203
-140 18 204
-139 18 204
-138 18 205
-137 18 206
-136 18 206
-135 18 207
-134 18 208
-133 18 209
-132 18 209
-131 18 210
-130 18 211
-129 18 211
-128 18 212
-127 18 213
-126 18 213
-125 18 214
-124 18 215
-123 18 215
-122 18 216
-121 18 217
-120 18 217
-119 18 218
-118 18 218
-117 18 219
-116 18 220
-115 18 220
-114 18 221
-113 18 221
-112 18 222
-111 18 223
-110 18 223
-109 18 224
-108 18 224
-107 18 225
-106 18 225
-105 18 226
-104 18 226
-103 18 227
-102 18 227
-101 18 228
-100 18 228
-99 18 229
-98 18 229
-97 18 230
-96 18 230
-95 18 231
-94 18 231
-93 18 232
-92 18 232
-91 18 233
-90 18 233
-89 18 234
-88 18 234
-87 18 235
-86 18 235
-85 18 236
-84 18 236
-83 18 236
-82 18 237
-81 18 237
-80 18 238
-79 18 238
-78 18 238
-77 18 239
-76 18 239
-75 18 240
-74 18 240
-73 18 240
-72 18 241
-71 18 241
-70 18 241
-69 18 242
-68 18 242
-67 18 242
-66 18 243
-65 18 243
-64 18 243
-63 18 244
-62 18 244
-61 18 244
-60 18 245
-59 18 245
-58 18 245
-57 18 246
-56 18 246
-55 18 246
-54 18 246
-53 18 247
-52 18 247
-51 18 247
-50 18 247
-49 18 248
-48 18 248
-47 18 248
-46 18 248
-45 18 249
-44 18 249
-43 18 249
-42 18 249
-41 18 250
-40 18 250
-39 18 250
-38 18 250
-37 18 250
-36 18 250
-35 18 251
-34 18 251
-33 18 251
-32 18 251
-31 18 251
-30 18 251
-29 18 252
-28 18 252
-27 18 252
-26 18 252
-25 18 252
-24 18 252
-23 18 252
-22 18 252
-21 18 253
-20 18 253
-19 18 253
-18 18 253
-17 18 253
-16 18 253
-15 18 253
-14 18 253
-13 18 253
-12 18 253
-11 18 253
-10 18 253
-9 18 253
-8 18 254
-7 18 254
-6 18 254
-5 18 254
-4 18 254
-3 18 254
-2 18 254
-1 18 254
0 18 254
1 18 254
2 18 254
3 18 254
4 18 254
5 18 254
6 18 254
7 18 254
8 18 254
9 18 253
10 18 253
11 18 253
12 18 253
13 18 253
14 18 253
15 18 253
16 18 253
17 18 253
18 18 253
19 18 253
20 18 253
21 18 253
22 18 252
23 18 252
24 18 252
25 18 252
26 18 252
27 18 252
28 18 252
29 18 252
30 18 251
31 18 251
32 18 251
33 18 251
34 18 251
35 18 251
36 18 250
37 18 250
38 18 250
39 18 250
40 18 250
41 18 250
42 18 249
43 18 249
44 18 249
45 18 249
46 18 248
47 18 248
48 18 248
49 18 248
50 18 247
51 18 247
52 18 247
53 18 247
54 18 246
55 18 246
56 18 246
57 18 246
58 18 245
59 18 245
60 18 245
61 18 244
62 18 244
63 18 244
64 18 243
65 18 243
66 18 243
67 18 242
68 18 242
69 18 242
70 18 241
71 18 241
72 18 241
73 18 240
74 18 240
75 18 240
76 18 239
77 18 239
78 18 238
79 18 238
80 18 238
81 18 237
82 18 237
83 18 236
84 18 236
85 18 236
86 18 235
87 18 235
88 18 234
89 18 234
90 18 233
91 18 233
92 18 232
93 18 232
94 18 231
95 18 231
96 18 230
97 18 230
98 18 229
99 18 229
100 18 228
101 18 228
102 18 227
103 18 227
104 18 226
105 18 226
106 18 225
107 18 225
108 18 224
109 18 224
110 18 223
111 18 223
112 18 222
113 18 221
114 18 221
115 18 220
116 18 220
117 18 219
118 18 218
119 18 218
120 18 217
121 18 217
122 18 216
123 18 215
124 18 215
125 18 214
126 18 213
127 18 213
128 18 212
129 18 211
130 18 211
131 18 210
132 18 209
133 18 209
134 18 208
135 18 207
136 18 206
137 18 206
138 18 205
139 18 204
140 18 204
141 18 203
142 18 202
143 18 201
144 18 201
145 18 200
-145 19 200
-144 19 200
-143 19 201
-142 19 202
-141 19 203
-140 19 203
-139 19 204
-138 19 205
-137 19 206
-136 19 206
-135 19 207
-134 19 208
-133 19 208
-132 19 209
-131 19 210
-130 19 211
-129 19 211
-128 19 212
-127 19 213
-126 19 213
-125 19 214
-124 19 214
-123 19 215
-122 19 216
-121 19 216
-120 19 217
-119 19 218
-118 19 218
-117 19 219
-116 19 219
-115 19 220
-114 19 221
-113 19 221
-112 19 222
-111 19 222
-110 19 223
-109 19 224
-108 19 224
-107 19 225
-106 19 225
-105 19 226
-104 19 226
-103 19 227
-102 19 227
-101 19 228
-100 19 228
-99 19 229
-98 19 229
-97 19 230
-96 19 230
-95 19 231
-94 19 231
-93 19 232
-92 19 232
-91 19 233
-90 19 233
-89 19 234
-88 19 234
-87 19 235
-86 19 235
-85 19 235
-84 19 236
-83 19 236
-82 19 237
-81 19 237
-80 19 238
-79 19 238
-78 19 238
-77 19 239
-76 19 239
-75 19 240
-74 19 240
-73 19 240
-72 19 241
-71 19 241
-70 19 241
-69 19 242
-68 19 242
-67 19 242
-66 19 243
-65 19 243
-64 19 243
-63 19 244
-62 19 244
-61 19 244
-60 19 245
-59 19 245
-58 19 245
-57 19 246
-56 19 246
-55 19 246
-54 19 246
-53 19 247
-52 19 247
-51 19 247
-50 19 247
-49 19 248
-48 19 248
-47 19 248
-46 19 248
-45 19 249
-44 19 249
-43 19 249
-42 19 249
-41 19 249
-40 19 250
-39 19 250
-38 19 250
-37 19 250
-36 19 250
-35 19 251
-34 19 251
-33 19 251
-32 19 251
-31 19 251
-30 19 251
-29 19 252
-28 19 252
-27 19 252
-26 19 252
-25 19 252
-24 19 252
-23 19 252
-22 19 252
-21 19 253
-20 19 253
-19 19 253
-18 19 253
-17 19 253
-16 19 253
-15 19 253
-14 19 253
-13 19 253
-12 19 253
-11 19 253
-10 19 253
-9 19 253
-8 19 253
-7 19 253
-6 19 254
-5 19 254
-4 19 254
-3 19 254
-2 19 254
-1 19 254
0 19 254
1 19 254
2 19 254
3 19 254
4 19 254
5 19 254
6 19 254
7 19 253
8 19 253
9 19 253
10 19 253
11 19 253
12 19 253
13 19 253
14 19 253
15 19 253
16 19 253
17 19 253
18 19 253
19 19 253
20 19 253
21 19 253
22 19 252
23 19 252
24 19 252
25 19 252
26 19 252
27 19 252
28 19 252
29 19 252
30 19 251
31 19 251
32 19 251
33 19 251
34 19 251
35 19 251
36 19 250
37 19 250
38 19 250
39 19 250
40 19 250
41 19 249
42 19 249
43 19 249
44 19 249
45 19 249
46 19 248
47 19 248
48 19 248
49 19 248
50 19 247
51 19 247
52 19 247
53 19 247
54 19 246
55 19 246
56 19 246
57 19 246
58 19 245
59 19 245
60 19 245
61 19 244
62 19 244
63 19 244
64 19 243
65 19 243
66 19 243
67 19 242
68 19 242
69 19 242
70 19 241
71 19 241
72 19 241
73 19 240
74 19 240
75 19 240
76 19 239
77 19 239
78 19 238
79 19 238
80 19 238
81 19 237
82 19 237
83 19 236
84 19 236
85 19 235
86 19 235
87 19 235
88 19 234
89 19 234
90 19 233
91 19 233
92 19 232
93 19 232
94 19 231
95 19 231
96 19 230
97 19 230
98 19 229
99 19 229
100 19 228
101 19 228
102 19 227
103 19 227
104 19 226
105 19 226
106 19 225
107 19 225
108 19 224
109 19 224
110 19 223
111 19 222
112 19 222
113 19 221
114 19 221
115 19 220
116 19 219
117 19 219
118 19 218
119 19 218
120 19 217
121 19 216
122 19 216
123 19 215
124 19 214
125 19 214
126 19 213
127 19 213
128 19 212
129 19 211
130 19 211
131 19 210
132 19 209
133 19 208
134 19 208
135 19 207
136 19 206
137 19 206
138 19 205
139 19 204
140 19 203
141 19 203
142 19 202
143 19 201
144 19 200
145 19 200
-145 20 200
-144 20 200
-143 20 201
-142 20 202
-141 20 203
-140 20 203
-139 20 204
-138 20 205
-137 20 206
-136 20 206
-135 20 207
-134 20 208
-133 20 208
-132 20 209
-131 20 210
-130 20 210
-129 20 211
-128 20 212
-127 20 212
-126 20 213
-125 20 214
-124 20 214
-123 20 215
-122 20 216
-121 20 216
-120 20 217
-119 20 218
-118 20 218
-117 20 219
-116 20 219
-115 20 220
-114 20 221
-113 20 221
-112 20 222
-111 20 222
-110 20 223
-109 20 223
-108 20 224
-107 20 225
-106 20 225
-105 20 226
-104 20 226
-103 20 227
-102 20 227
-101 20 228
-100 20 228
-99 20 229
-98 20 229
-97 20 230
-96 20 230
-95 20 231
-94 20 231
-93 20 232
-92 20 232
-91 20 233
-90 20 233
-89 20 234
-88 20 234
-87 20 234
-86 20 235
-85 20 235
-84 20 236
-83 20 236
-82 20 237
-81 20 237
-80 20 237
-79 20 238
-78 20 238
-77 20 239
-76 20 239
-75 20 239
-74 20 240
-73 20 240
-72 20 241
-71 20 241
-70 20 241
-69 20 242
-68 20 242
-67 20 242
-66 20 243
-65 20 243
-64 20 243
-63 20 244
-62 20 244
-61 20 244
-60 20 245
-59 20 245
-58 20 245
-57 20 245
-56 20 246
-55 20 246
-54 20 246
-53 20 247
-52 20 247
-51 20 247
-50 20 247
-49 20 248
-48 20 248
-47 20 248
-46 20 248
-45 20 248
-44 20 249
-43 20 249
-42 20 249
-41 20 249
-40 20 250
-39 20 250
-38 20 250
-37 20 250
-36 20 250
-35 20 250
-34 20 251
-33 20 251
-32 20 251
-31 20 251
-30 20 251
-29 20 251
-28 20 252
-27 20 252
-26 20 252
-25 20 252
-24 20 252
-23 20 252
-22 20 252
-21 20 252
-20 20 253
-19 20 253
-18 20 253
-17 20 253
-16 20 253
-15 20 253
-14 20 253
-13 20 253
-12 20 253
-11 20 253
-10 20 253
-9 20 253
-8 20 253
-7 20 253
-6 20 253
-5 20 253
-4 20 253
-3 20 253
-2 20 253
-1 20 254
0 20 254
1 20 254
2 20 253
3 20 253
4 20 253
5 20 253
6 20 253
7 20 253
8 20 253
9 20 253
10 20 253
11 20 253
12 20 253
13 20 253
14 20 253
15 20 253
16 20 253
17 20 253
18 20 253
19 20 253
20 20 253
21 20 252
22 20 252
23 20 252
24 20 252
25 20 252
26 20 252
27 20 252
28 20 252
29 20 251
30 20 251
31 20 251
32 20 251
33 20 251
34 20 251
35 20 250
36 20 250
37 20 250
38 20 250
39 20 250
40 20 250
41 20 249
42 20 249
43 20 249
44 20 249
45 20 248
46 20 248
47 20 248
48 20 248
49 20 248
50 20 247
51 20 247
52 20 247
53 20 247
54 20 246
55 20 246
56 20 246
57 20 245
58 20 245
59 20 245
60 20 245
61 20 244
62 20 244
63 20 244
64 20 243
65 20 243
66 20 243
67 20 242
68 20 242
69 20 242
70 20 241
71 20 241
72 20 241
73 20 240
74 20 240
75 20 239
76 20 239
77 20 239
78 20 238
79 20 238
80 20 237
81 20 237
82 20 237
83 20 236
84 20 236
85 20 235
86 20 235
87 20 234
88 20 234
89 20 234
90 20 233
91 20 233
92 20 232
93 20 232
94 20 231
95 20 231
96 20 230
97 20 230
98 20 229
99 20 229
100 20 228
101 20 228
102 20 227
103 20 227
104 20 226
105 20 226
106 20 225
107 20 225
108 20 224
109 20 223
110 20 223
111 20 222
112 20 222
113 20 221
114 20 221
115 20 220
116 20 219
117 20 219
118 20 218
119 20 218
120 20 217
121 20 216
122 20 216
123 20 215
124 20 214
125 20 214
126 20 213
127 20 212
128 20 212
129 20 211
130 20 210
131 20 210
132 20 209
133 20 208
134 20 208
135 20 207
136 20 206
137 20 206
138 20 205
139 20 204
140 20 203
141 20 203
142 20 202
143 20 201
144 20 200
145 20 200
-145 21 200
-144 21 200
-143 21 201
-142 21 202
-141 21 203
-140 21 203
-139 21 204
-138 21 205
-137 21 205
-136 21 206
-135 21 207
-134 21 208
-133 21 208
-132 21 209
-131 21 210
-130 21 210
-129 21 211
-128 21 212
-127 21 212
-126 21 213
-125 21 214
-124 21 214
-123 21 215
-122 21 216
-121 21 216
-120 21 217
-119 21 217
-118 21 218
-117 21 219
-116 21 219
-115 21 220
-114 21 220
-113 21 221
-112 21 222
-111 21 222
-110 21 223
-109 21 223
-108 21 224
-107 21 224
-106 21 225
-105 21 226
-104 21 226
-103 21 227
-102 21 227
-101 21 228
-100 21 228
-99 21 229
-98 21 229
-97 21 230
-96 21 230
-95 21 231
-94 21 231
-93 21 232
-92 21 232
-91 21 233
-90 21 233
-89 21 233
-88 21 234
-87 21 234
-86 21 235
-85 21 235
-84 21 236
-83 21 236
-82 21 237
-81 21 237
-80 21 237
-79 21 238
-78 21 238
-77 21 239
-76 21 239
-75 21 239
-74 21 240
-73 21 240
-72 21 240
-71 21 241
-70 21 241
-69 21 242
-68 21 242
-67 21 242
-66 21 243
-65 21 243
-64 21 243
-63 21 243
-62 21 244
-61 21 244
-60 21 244
-59 21 245
-58 21 245
-57 21 245
-56 21 246
-55 21 246
-54 21 246
-53 21 246
-52 21 247
-51 21 247
-50 21 247
-49 21 247
-48 21 248
-47 21 248
-46 21 248
-45 21 248
-44 21 249
-43 21 249
-42 21 249
-41 21 249
-40 21 249
-39 21 250
-38 21 250
-37 21 250
-36 21 250
-35 21 250
-34 21 251
-33 21 251
-32 21 251
-31 21 251
-30 21 251
-29 21 251
-28 21 251
-27 21 252
-26 21 252
-25 21 252
-24 21 252
-23 21 252
-22 21 252
-21 21 252
-20 21 252
-19 21 253
-18 21 253
-17 21 253
-16 21 253
-15 21 253
-14 21 253
-13 21 253
-12 21 253
-11 21 253
-10 21 253
-9 21 253
-8 21 253
-7 21 253
-6 21 253
-5 21 253
-4 21 253
-3 21 253
-2 21 253
-1 21 253
0 21 253
1 21 253
2 21 253
3 21 253
4 21 253
5 21 253
6 21 253
7 21 253
8 21 253
9 21 253
10 21 253
11 21 253
12 21 253
13 21 253
14 21 253
15 21 253
16 21 253
17 21 253
18 21 253
19 21 253
20 21 252
21 21 252
22 21 252
23 21 252
24 21 252
25 21 252
26 21 252
27 21 252
28 21 251
29 21 251
30 21 251
31 21 251
32 21 251
33 21 251
34 21 251
35 21 250
36 21 250
37 21 250
38 21 250
39 21 250
40 21 249
41 21 249
42 21 249
43 21 249
44 21 249
45 21 248
46 21 248
47 21 248
48 21 248
49 21 247
50 21 247
51 21 247
52 21 247
53 21 246
54 21 246
55 21 246
56 21 246
57 21 245
58 21 245
59 21 245
60 21 244
61 21 244
62 21 244
63 21 243
64 21 243
65 21 243
66 21 243
67 21 242
68 21 242
69 21 242
70 21 241
71 21 241
72 21 240
73 21 240
74 21 240
75 21 239
76 21 239
77 21 239
78 21 238
79 21 238
80 21 237
81 21 237
82 21 237
83 21 236
84 21 236
85 21 235
86 21 235
87 21 234
88 21 234
89 21 233
90 21 233
91 21 233
92 21 232
93 21 232
94 21 231
95 21 231
96 21 230
97 21 230
98 21 229
99 21 229
100 21 228
101 21 228
102 21 227
103 21 227
104 21 226
105 21 226
106 21 225
107 21 224
108 21 224
109 21 223
110 21 223
111 21 222
112 21 222
113 21 221
114 21 220
115 21 220
116 21 219
117 21 219
118 21 218
119 21 217
120 21 217
121 21 216
122 21 216
123 21 215
124 21 214
125 21 214
126 21 213
127 21 212
128 21 212
129 21 211
130 21 210
131 21 210
132 21 209
133 21 208
134 21 208
135 21 207
136 21 206
137 21 205
138 21 205
139 21 204
140 21 203
141 21 203
142 21 202
143 21 201
144 21 200
145 21 200
-144 22 200
-143 22 201
-142 22 202
-141 22 202
-140 22 203
-139 22 204
-138 22 205
-137 22 205
-136 22 206
-135 22 207
-134 22 207
-133 22 208
-132 22 209
-131 22 210
-130 22 210
-129 22 211
-128 22 212
-127 22 212
-126 22 213
-125 22 214
-124 22 214
-123 22 215
-122 22 215
-121 22 216
-120 22 217
-119 22 217
-118 22 218
-117 22 219
-116 22 219
-115 22 220
-114 22 220
-113 22 221
-112 22 222
-111 22 222
-110 22 223
-109 22 223
-108 22 224
-107 22 224
-106 22 225
-105 22 225
-104 22 226
-103 22 227
-102 22 227
-101 22 228
-100 22 228
-99 22 229
-98 22 229
-97 22 230
-96 22 230
-95 22 231
-94 22 231
-93 22 232
-92 22 232
-91 22 232
-90 22 233
-89 22 233
-88 22 234
-87 22 234
-86 22 235
-85 22 235
-84 22 236
-83 22 236
-82 22 236
-81 22 237
-80 22 237
-79 22 238
-78 22 238
-77 22 238
-76 22 239
-75 22 239
-74 22 240
-73 22 240
-72 22 240
-71 22 241
-70 22 241
-69 22 241
-68 22 242
-67 22 242
-66 22 242
-65 22 243
-64 22 243
-63 22 243
-62 22 244
-61 22 244
-60 22 244
-59 22 245
-58 22 245
-57 22 245
-56 22 245
-55 22 246
-54 22 246
-53 22 246
-52 22 247
-51 22 247
-50 22 247
-49 22 247
-48 22 248
-47 22 248
-46 22 248
-45 22 248
-44 22 248
-43 22 249
-42 22 249
-41 22 249
-40 22 249
-39 22 250
-38 22 250
-37 22 250
-36 22 250
-35 22 250
-34 22 250
-33 22 251
-32 22 251
-31 22 251
-30 22 251
-29 22 251
-28 22 251
-27 22 251
-26 22 252
-25 22 252
-24 22 252
-23 22 252
-22 22 252
-21 22 252
-20 22 252
-19 22 252
-18 22 252
-17 22 253
-16 22 253
-15 22 253
-14 22 253
-13 22 253
-12 22 253
-11 22 253
-10 22 253
-9 22 253
-8 22 253
-7 22 253
-6 22 253
-5 22 253
-4 22 253
-3 22 253
-2 22 253
-1 22 253
0 22 253
1 22 253
2 22 253
3 22 253
4 22 253
5 22 253
6 22 253
7 22 253
8 22 253
9 22 253
10 22 253
11 22 253
12 22 253
13 22 253
14 22 253
15 22 253
16 22 253
17 22 253
18 22 252
19 22 252
20 22 252
21 22 252
22 22 252
23 22 252
24 22 252
25 22 252
26 22 252
27 22 251
28 22 251
29 22 251
30 22 251
31 22 251
32 22 251
33 22 251
34 22 250
35 22 250
36 22 250
37 22 250
38 22 250
39 22 250
40 22 249
41 22 249
42 22 249
43 22 249
44 22 248
45 22 248
46 22 248
47 22 248
48 22 248
49 22 247
50 22 247
51 22 247
52 22 247
53 22 246
54 22 246
55 22 246
56 22 245
57 22 245
58 22 245
59 22 245
60 22 244
61 22 244
62 22 244
63 22 243
64 22 243
65 22 243
66 22 242
67 22 242
68 22 242
69 22 241
70 22 241
71 22 241
72 22 240
73 22 240
74 22 240
75 22 239
76 22 239
77 22 238
78 22 238
79 22 238
80 22 237
81 22 237
82 22 236
83 22 236
84 22 236
85 22 235
86 22 235
87 22 234
88 22 234
89 22 233
90 22 233
91 22 232
92 22 232
93 22 232
94 22 231
95 22 231
96 22 230
97 22 230
98 22 229
99 22 229
100 22 228
101 22 228
102 22 227
103 22 227
104 22 226
105 22 225
106 22 225
107 22 224
108 22 224
109 22 223
110 22 223
111 22 222
112 22 222
113 22 221
114 22 220
115 22 220
116 22 219
117 22 219
118 22 218
119 22 217
120 22 217
121 22 216
122 22 215
123 22 215
124 22 214
125 22 214
126 22 213
127 22 212
128 22 212
129 22 211
130 22 210
131 22 210
132 22 209
133 22 208
134 22 207
135 22 207
136 22 206
137 22 205
138 22 205
139 22 204
140 22 203
141 22 202
142 22 202
143 22 201
144 22 200
-144 23 200
-143 23 201
-142 23 202
-141 23 202
-140 23 203
-139 23 204
-138 23 204
-137 23 205
-136 23 206
-135 23 207
-134 23 207
-133 23 208
-132 23 209
-131 23 209
-130 23 210
-129 23 211
-128 23 211
-127 23 212
-126 23 213
-125 23 213
-124 23 214
-123 23 215
-122 23 215
-121 23 216
-120 23 217
-119 23 217
-118 23 218
-117 23 218
-116 23 219
-115 23 220
-114 23 220
-113 23 221
-112 23 221
-111 23 222
-110 23 223
-109 23 223
-108 23 224
-107 23 224
-106 23 225
-105 23 225
-104 23 226
-103 23 226
-102 23 227
-101 23 227
-100 23 228
-99 23 228
-98 23 229
-97 23 229
-96 23 230
-95 23 230
-94 23 231
-93 23 231
-92 23 232
-91 23 232
-90 23 233
-89 23 233
-88 23 234
-87 23 234
-86 23 235
-85 23 235
-84 23 235
-83 23 236
-82 23 236
-81 23 237
-80 23 237
-79 23 238
-78 23 238
-77 23 238
-76 23 239
-75 23 239
-74 23 239
-73 23 240
-72 23 240
-71 23 241
-70 23 241
-69 23 241
-68 23 242
-67 23 242
-66 23 242
-65 23 243
-64 23 243
-63 23 243
-62 23 244
-61 23 244
-60 23 244
-59 23 244
-58 23 245
-57 23 245
-56 23 245
-55 23 246
-54 23 246
-53 23 246
-52 23 246
-51 23 247
-50 23 247
-49 23 247
-48 23 247
-47 23 248
-46 23 248
-45 23 248
-44 23 248
-43 23 249
-42 23 249
-41 23 249
-40 23 249
-39 23 249
-38 23 250
-37 23 250
-36 23 250
-35 23 250
-34 23 250
-33 23 250
-32 23 251
-31 23 251
-30 23 251
-29 23 251
-28 23 251
-27 23 251
-26 23 252
-25 23 252
-24 23 252
-23 23 252
-22 23 252
-21 23 252
-20 23 252
-19 23 252
-18 23 252
-17 23 252
-16 23 253
-15 23 253
-14 23 253
-13 23 253
-12 23 253
-11 23 253
-10 23 253
-9 23 253
-8 23 253
-7 23 253
-6 23 253
-5 23 253
-4 23 253
-3 23 253
-2 23 253
-1 23 253
0 23 253
1 23 253
2 23 253
3 23 253
4 23 253
5 23 253
6 23 253
7 23 253
8 23 253
9 23 253
10 23 253
11 23 253
12 23 253
13 23 253
14 23 253
15 23 253
16 23 253
17 23 252
18 23 252
19 23 252
20 23 252
21 23 252
22 23 252
23 23 252
24 23 252
25 23 252
26 23 252
27 23 251
28 23 251
29 23 251
30 23 251
31 23 251
32 23 251
33 23 250
34 23 250
35 23 250
36 23 250
37 23 250
38 23 250
39 23 249
40 23 249
41 23 249
42 23 249
43 23 249
44 23 248
45 23 248
46 23 248
47 23 248
48 23 247
49 23 247
50 23 247
51 23 247
52 23 246
53 23 246
54 23 246
55 23 246
56 23 245
57 23 245
58 23 245
59 23 244
60 23 244
61 23 244
62 23 244
63 23 243
64 23 243
65 23 243
66 23 242
67 23 242
68 23 242
69 23 241
70 23 241
71 23 241
72 23 240
73 23 240
74 23 239
75 23 239
76 23 239
77 23 238
78 23 238
79 23 238
80 23 237
81 23 237
82 23 236
83 23 236
84 23 235
85 23 235
86 23 235
87 23 234
88 23 234
89 23 233
90 23 233
91 23 232
92 23 232
93 23 231
94 23 231
95 23 230
96 23 230
97 23 229
98 23 229
99 23 228
100 23 228
101 23 227
102 23 227
103 23 226
104 23 226
105 23 225
106 23 225
107 23 224
108 23 224
109 23 223
110 23 223
111 23 222
112 23 221
113 23 221
114 23 220
115 23 220
116 23 219
117 23 218
118 23 218
119 23 217
120 23 217
121 23 216
122 23 215
123 23 215
124 23 214
125 23 213
126 23 213
127 23 212
128 23 211
129 23 211
130 23 210
131 23 209
132 23 209
133 23 208
134 23 207
135 23 207
136 23 206
137 23 205
138 23 204
139 23 204
140 23 203
141 23 202
142 23 202
143 23 201
144 23 200
-144 24 200
-143 24 201
-142 24 201
-141 24 202
-140 24 203
-139 24 204
-138 24 204
-137 24 205
-136 24 206
-135 24 207
-134 24 207
-133 24 208
-132 24 209
-131 24 209
-130 24 210
-129 24 211
-128 24 211
-127 24 212
-126 24 213
-125 24 213
-124 24 214
-123 24 215
-122 24 215
-121 24 216
-120 24 216
-119 24 217
-118 24 218
-117 24 218
-116 24 219
-115 24 220
-114 24 220
-113 24 221
-112 24 221
-111 24 222
-110 24 222
-109 24 223
-108 24 224
-107 24 224
-106 24 225
-105 24 225
-104 24 226
-103 24 226
-102 24 227
-101 24 227
-100 24 228
-99 24 228
-98 24 229
-97 24 229
-96 24 230
-95 24 230
-94 24 231
-93 24 231
-92 24 232
-91 24 232
-90 24 233
-89 24 233
-88 24 234
-87 24 234
-86 24 234
-85 24 235
-84 24 235
-83 24 236
-82 24 236
-81 24 237
-80 24 237
-79 24 237
-78 24 238
-77 24 238
-76 24 239
-75 24 239
-74 24 239
-73 24 240
-72 24 240
-71 24 240
-70 24 241
-69 24 241
-68 24 242
-67 24 242
-66 24 242
-65 24 243
-64 24 243
-63 24 243
-62 24 243
-61 24 244
-60 24 244
-59 24 244
-58 24 245
-57 24 245
-56 24 245
-55 24 246
-54 24 246
-53 24 246
-52 24 246
-51 24 247
-50 24 247
-49 24 247
-48 24 247
-47 24 248
-46 24 248
-45 24 248
-44 24 248
-43 24 248
-42 24 249
-41 24 249
-40 24 249
-39 24 249
-38 24 249
-37 24 250
-36 24 250
-35 24 250
-34 24 250
-33 24 250
-32 24 251
-31 24 251
-30 24 251
-29 24 251
-28 24 251
-27 24 251
-26 24 251
-25 24 252
-24 24 252
-23 24 252
-22 24 252
-21 24 252
-20 24 252
-19 24 252
-18 24 252
-17 24 252
-16 24 252
-15 24 253
-14 24 253
-13 24 253
-12 24 253
-11 24 253
-10 24 253
-9 24 253
-8 24 253
-7 24 253
-6 24 253
-5 24 253
-4 24 253
-3 24 253
-2 24 253
-1 24 253
0 24 253
1 24 253
2 24 253
3 24 253
4 24 253
5 24 253
6 24 253
7 24 253
8 24 253
9 24 253
10 24 253
11 24 253
12 24 253
13 24 253
14 24 253
15 24 253
16 24 252
17 24 252
18 24 252
19 24 252
20 24 252
21 24 252
22 24 252
23 24 252
24 24 252
25 24 252
26 24 251
27 24 251
28 24 251
29 24 251
30 24 251
31 24 251
32 24 251
33 24 250
34 24 250
35 24 250
36 24 250
37 24 250
38 24 249
39 24 249
40 24 249
41 24 249
42 24 249
43 24 248
44 24 248
45 24 248
46 24 248
47 24 248
48 24 247
49 24 247
50 24 247
51 24 247
52 24 246
53 24 246
54 24 246
55 24 246
56 24 245
57 24 245
58 24 245
59 24 244
60 24 244
61 24 244
62 24 243
63 24 243
64 24 243
65 24 243
66 24 242
67 24 242
68 24 242
69 24 241
70 24 241
71 24 240
72 24 240
73 24 240
74 24 239
75 24 239
76 24 239
77 24 238
78 24 238
79 24 237
80 24 237
81 24 237
82 24 236
83 24 236
84 24 235
85 24 235
86 24 234
87 24 234
88 24 234
89 24 233
90 24 233
91 24 232
92 24 232
93 24 231
94 24 231
95 24 230
96 24 230
97 24 229
98 24 229
99 24 228
100 24 228
101 24 227
102 24 227
103 24 226
104 24 226
105 24 225
106 24 225
107 24 224
108 24 224
109 24 223
110 24 222
111 24 222
112 24 221
113 24 221
114 24 220
115 24 220
116 24 219
117 24 218
118 24 218
119 24 217
120 24 216
121 24 216
122 24 215
123 24 215
124 24 214
125 24 213
126 24 213
127 24 212
128 24 211
129 24 211
130 24 210
131 24 209
132 24 209
133 24 208
134 24 207
135 24 207
136 24 206
137 24 205
138 24 204
139 24 204
140 24 203
141 24 202
142 24 201
143 24 201
144 24 200
-144 25 200
-143 25 201
-142 25 201
-141 25 202
-140 25 203
-139 25 204
-138 25 204
-137 25 205
-136 25 206
-135 25 206
-134 25 207
-133 25 208
-132 25 208
-131 25 209
-130 25 210
-129 25 211
-128 25 211
-127 25 212
-126 25 213
-125 25 213
-124 25 214
-123 25 214
-122 25 215
-121 25 216
-120 25 216
-119 25 217
-118 25 218
-117 25 218
-116 25 219
-115 25 219
-114 25 220
-113 25 221
-112 25 221
-111 25 222
-110 25 222
-109 25 223
-108 25 223
-107 25 224
-106 25 225
-105 25 225
-104 25 226
-103 25 226
-102 25 227
-101 25 227
-100 25 228
-99 25 228
-98 25 229
-97 25 229
-96 25 230
-95 25 230
-94 25 231
-93 25 231
-92 25 232
-91 25 232
-90 25 233
-89 25 233
-88 25 233
-87 25 234
-86 25 234
-85 25 235
-84 25 235
-83 25 236
-82 25 236
-81 25 236
-80 25 237
-79 25 237
-78 25 238
-77 25 238
-76 25 238
-75 25 239
-74 25 239
-73 25 240
-72 25 240
-71 25 240
-70 25 241
-69 25 241
-68 25 241
-67 25 242
-66 25 242
-65 25 242
-64 25 243
-63 25 243
-62 25 243
-61 25 244
-60 25 244
-59 25 244
-58 25 245
-57 25 245
-56 25 245
-55 25 245
-54 25 246
-53 25 246
-52 25 246
-51 25 246
-50 25 247
-49 25 247
-48 25 247
-47 25 247
-46 25 248
-45 25 248
-44 25 248
-43 25 248
-42 25 249
-41 25 249
-40 25 249
-39 25 249
-38 25 249
-37 25 250
-36 25 250
-35 25 250
-34 25 250
-33 25 250
-32 25 250
-31 25 251
-30 25 251
-29 25 251
-28 25 251
-27 25 251
-26 25 251
-25 25 251
-24 25 252
-23 25 252
-22 25 252
-21 25 252
-20 25 252
-19 25 252
-18 25 252
-17 25 252
-16 25 252
-15 25 252
-14 25 252
-13 25 253
-12 25 253
-11 25 253
-10 25 253
-9 25 253
-8 25 253
-7 25 253
-6 25 253
-5 25 253
-4 25 253
-3 25 253
-2 25 253
-1 25 253
0 25 253
1 25 253
2 25 253
3 25 253
4 25 253
5 25 253
6 25 253
7 25 253
8 25 253
9 25 253
10 25 253
11 25 253
12 25 253
13 25 253
14 25 252
15 25 252
16 25 252
17 25 252
18 25 252
19 25 252
20 25 252
21 25 252
22 25 252
23 25 252
24 25 252
25 25 251
26 25 251
27 25 251
28 25 251
29 25 251
30 25 251
31 25 251
32 25 250
33 25 250
34 25 250
35 25 250
36 25 250
37 25 250
38 25 249
39 25 249
40 25 249
41 25 249
42 25 249
43 25 248
44 25 248
45 25 248
46 25 248
47 25 247
48 25 247
49 25 247
50 25 247
51 25 246
52 25 246
53 25 246
54 25 246
55 25 245
56 25 245
57 25 245
58 25 245
59 25 244
60 25 244
61 25 244
62 25 243
63 25 243
64 25 243
65 25 242
66 25 242
67 25 242
68 25 241
69 25 241
70 25 241
71 25 240
72 25 240
73 25 240
74 25 239
75 25 239
76 25 238
77 25 238
78 25 238
79 25 237
80 25 237
81 25 236
82 25 236
83 25 236
84 25 235
85 25 235
86 25 234
87 25 234
88 25 233
89 25 233
90 25 233
91 25 232
92 25 232
93 25 231
94 25 231
95 25 230
96 25 230
97 25 229
98 25 229
99 25 228
100 25 228
101 25 227
102 25 227
103 25 226
104 25 226
105 25 225
106 25 225
107 25 224
108 25 223
109 25 223
110 25 222
111 25 222
112 25 221
113 25 221
114 25 220
115 25 219
116 25 219
117 25 218
118 25 218
119 25 217
120 25 216
121 25 216
122 25 215
123 25 214
124 25 214
125 25 213
126 25 213
127 25 212
128 25 211
129 25 211
130 25 210
131 25 209
132 25 208
133 25 208
134 25 207
135 25 206
136 25 206
137 25 205
138 25 204
139 25 204
140 25 203
141 25 202
142 25 201
143 25 201
144 25 200
-144 26 200
-143 26 200
-142 26 201
-141 26 202
-140 26 203
-139 26 203
-138 26 204
-137 26 205
-136 26 206
-135 26 206
-134 26 207
-133 26 208
-132 26 208
-131 26 209
-130 26 210
-129 26 210
-128 26 211
-127 26 212
-126 26 212
-125 26 213
-124 26 214
-123 26 214
-122 26 215
-121 26 216
-120 26 216
-119 26 217
-118 26 217
-117 26 218
-116 26 219
-115 26 219
-114 26 220
-113 26 220
-112 26 221
-111 26 222
-110 26 222
-109 26 223
-108 26 223
-107 26 224
-106 26 224
-105 26 225
-104 26 225
-103 26 226
-102 26 227
-101 26 227
-100 26 228
-99 26 228
-98 26 229
-97 26 229
-96 26 230
-95 26 230
-94 26 231
-93 26 231
-92 26 232
-91 26 232
-90 26 232
-89 26 233
-88 26 233
-87 26 234
-86 26 234
-85 26 235
-84 26 235
-83 26 236
-82 26 236
-81 26 236
-80 26 237
-79 26 237
-78 26 238
-77 26 238
-76 26 238
-75 26 239
-74 26 239
-73 26 239
-72 26 240
-71 26 240
-70 26 241
-69 26 241
-68 26 241
-67 26 242
-66 26 242
-65 26 242
-64 26 243
-63 26 243
-62 26 243
-61 26 244
-60 26 244
-59 26 244
-58 26 244
-57 26 245
-56 26 245
-55 26 245
-54 26 246
-53 26 246
-52 26 246
-51 26 246
-50 26 247
-49 26 247
-48 26 247
-47 26 247
-46 26 248
-45 26 248
-44 26 248
-43 26 248
-42 26 248
-41 26 249
-40 26 249
-39 26 249
-38 26 249
-37 26 249
-36 26 250
-35 26 250
-34 26 250
-33 26 250
-32 26 250
-31 26 250
-30 26 251
-29 26 251
-28 26 251
-27 26 251
-26 26 251
-25 26 251
-24 26 251
-23 26 252
-22 26 252
-21 26 252
-20 26 252
-19 26 252
-18 26 252
-17 26 252
-16 26 252
-15 26 252
-14 26 252
-13 26 252
-12 26 252
-11 26 253
-10 26 253
-9 26 253
-8 26 253
-7 26 253
-6 26 253
-5 26 253
-4 26 253
-3 26 253
-2 26 253
-1 26 253
0 26 253
1 26 253
2 26 253
3 26 253
4 26 253
5 26 253
6 26 253
7 26 253
8 26 253
9 26 253
10 26 253
11 26 253
12 26 252
13 26 252
14 26 252
15 26 252
16 26 252
17 26 252
18 26 252
19 26 252
20 26 252
21 26 252
22 26 252
23 26 252
24 26 251
25 26 251
26 26 251
27 26 251
28 26 251
29 26 251
30 26 251
31 26 250
32 26 250
33 26 250
34 26 250
35 26 250
36 26 250
37 26 249
38 26 249
39 26 249
40 26 249
41 26 249
42 26 248
43 26 248
44 26 248
45 26 248
46 26 248
47 26 247
48 26 247
49 26 247
50 26 247
51 26 246
52 26 246
53 26 246
54 26 246
55 26 245
56 26 245
57 26 245
58 26 244
59 26 244
60 26 244
61 26 244
62 26 243
63 26 243
64 26 243
65 26 242
66 26 242
67 26 242
68 26 241
69 26 241
70 26 241
71 26 240
72 26 240
73 26 239
74 26 239
75 26 239
76 26 238
77 26 238
78 26 238
79 26 237
80 26 237
81 26 236
82 26 236
83 26 236
84 26 235
85 26 235
86 26 234
87 26 234
88 26 233
89 26 233
90 26 232
91 26 232
92 26 232
93 26 231
94 26 231
95 26 230
96 26 230
97 26 229
98 26 229
99 26 228
100 26 228
101 26 227
102 26 227
103 26 226
104 26 225
105 26 225
106 26 224
107 26 224
108 26 223
109 26 223
110 26 222
111 26 222
112 26 221
113 26 220
114 26 220
115 26 219
116 26 219
117 26 218
118 26 217
119 26 217
120 26 216
121 26 216
122 26 215
123 26 214
124 26 214
125 26 213
126 26 212
127 26 212
128 26 211
129 26 210
130 26 210
131 26 209
132 26 208
133 26 208
134 26 207
135 26 206
136 26 206
137 26 205
138 26 204
139 26 203
140 26 203
141 26 202
142 26 201
143 26 200
144 26 200
-144 27 200
-143 27 200
-142 27 201
-141 27 202
-140 27 202
-139 27 203
-138 27 204
-137 27 205
-136 27 205
-135 27 206
-134 27 207
-133 27 208
-132 27 208
-131 27 209
-130 27 210
-129 27 210
-128 27 211
-127 27 212
-126 27 212
-125 27 213
-124 27 214
-123 27 214
-122 27 215
-121 27 215
-120 27 216
-119 27 217
-118 27 217
-117 27 218
-116 27 219
-115 27 219
-114 27 220
-113 27 220
-112 27 221
-111 27 221
-110 27 222
-109 27 223
-108 27 223
-107 27 224
-106 27 224
-105 27 225
-104 27 225
-103 27 226
-102 27 226
-101 27 227
-100 27 227
-99 27 228
-98 27 228
-97 27 229
-96 27 229
-95 27 230
-94 27 230
-93 27 231
-92 27 231
-91 27 232
-90 27 232
-89 27 233
-88 27 233
-87 27 234
-86 27 234
-85 27 235
-84 27 235
-83 27 235
-82 27 236
-81 27 236
-80 27 237
-79 27 237
-78 27 237
-77 27 238
-76 27 238
-75 27 239
-74 27 239
-73 27 239
-72 27 240
-71 27 240
-70 27 240
-69 27 241
-68 27 241
-67 27 241
-66 27 242
-65 27 242
-64 27 242
-63 27 243
-62 27 243
-61 27 243
-60 27 244
-59 27 244
-58 27 244
-57 27 245
-56 27 245
-55 27 245
-54 27 245
-53 27 246
-52 27 246
-51 27 246
-50 27 246
-49 27 247
-48 27 247
-47 27 247
-46 27 247
-45 27 248
-44 27 248
-43 27 248
-42 27 248
-41 27 249
-40 27 249
-39 27 249
-38 27 249
-37 27 249
-36 27 249
-35 27 250
-34 27 250
-33 27 250
-32 27 250
-31 27 250
-30 27 250
-29 27 251
-28 27 251
-27 27 251
-26 27 251
-25 27 251
-24 27 251
-23 27 251
-22 27 251
-21 27 252
-20 27 252
-19 27 252
-18 27 252
-17 27 252
-16 27 252
-15 27 252
-14 27 252
-13 27 252
-12 27 252
-11 27 252
-10 27 252
-9 27 252
-8 27 253
-7 27 253
-6 27 253
-5 27 253
-4 27 253
-3 27 253
-2 27 253
-1 27 253
0 27 253
1 27 253
2 27 253
3 27 253
4 27 253
5 27 253
6 27 253
7 27 253
8 27 253
9 27 252
10 27 252
11 27 252
12 27 252
13 27 252
14 27 252
15 27 252
16 27 252
17 27 252
18 27 252
19 27 252
20 27 252
21 27 252
22 27 251
23 27 251
24 27 251
25 27 251
26 27 251
27 27 251
28 27 251
29 27 251
30 27 250
31 27 250
32 27 250
33 27 250
34 27 250
35 27 250
36 27 249
37 27 249
38 27 249
39 27 249
40 27 249
41 27 249
42 27 248
43 27 248
44 27 248
45 27 248
46 27 247
47 27 247
48 27 247
49 27 247
50 27 246
51 27 246
52 27 246
53 27 246
54 27 245
55 27 245
56 27 245
57 27 245
58 27 244
59 27 244
60 27 244
61 27 243
62 27 243
63 27 243
64 27 242
65 27 242
66 27 242
67 27 241
68 27 241
69 27 241
70 27 240
71 27 240
72 27 240
73 27 239
74 27 239
75 27 239
76 27 238
77 27 238
78 27 237
79 27 237
80 27 237
81 27 236
82 27 236
83 27 235
84 27 235
85 27 235
86 27 234
87 27 234
88 27 233
89 27 233
90 27 232
91 27 232
92 27 231
93 27 231
94 27 230
95 27 230
96 27 229
97 27 229
98 27 228
99 27 228
100 27 227
101 27 227
102 27 226
103 27 226
104 27 225
105 27 225
106 27 224
107 27 224
108 27 223
109 27 223
110 27 222
111 27 221
112 27 221
113 27 220
114 27 220
115 27 219
116 27 219
117 27 218
118 27 217
119 27 217
120 27 216
121 27 215
122 27 215
123 27 214
124 27 214
125 27 213
126 27 212
127 27 212
128 27 211
129 27 210
130 27 210
131 27 209
132 27 208
133 27 208
134 27 207
135 27 206
136 27 205
137 27 205
138 27 204
139 27 203
140 27 202
141 27 202
142 27 201
143 27 200
144 27 200
-143 28 200
-142 28 201
-141 28 202
-140 28 202
-139 28 203
-138 28 204
-137 28 205
-136 28 205
-135 28 206
-134 28 207
-133 28 207
-132 28 208
-131 28 209
-130 28 209
-129 28 210
-128 28 211
-127 28 211
-126 28 212
-125 28 213
-124 28 213
-123 28 214
-122 28 215
-121 28 215
-120 28 216
-119 28 217
-118 28 217
-117 28 218
-116 28 218
-115 28 219
-114 28 220
-113 28 220
-112 28 221
-111 28 221
-110 28 222
-109 28 222
-108 28 223
-107 28 224
-106 28 224
-105 28 225
-104 28 225
-103 28 226
-102 28 226
-101 28 227
-100 28 227
-99 28 228
-98 28 228
-97 28 229
-96 28 229
-95 28 230
-94 28 230
-93 28 231
-92 28 231
-91 28 232
-90 28 232
-89 28 233
-88 28 233
-87 28 234
-86 28 234
-85 28 234
-84 28 235
-83 28 235
-82 28 236
-81 28 236
-80 28 236
-79 28 237
-78 28 237
-77 28 238
-76 28 238
-75 28 238
-74 28 239
-73 28 239
-72 28 240
-71 28 240
-70 28 240
-69 28 241
-68 28 241
-67 28 241
-66 28 242
-65 28 242
-64 28 242
-63 28 243
-62 28 243
-61 28 243
-60 28 244
-59 28 244
-58 28 244
-57 28 244
-56 28 245
-55 28 245
-54 28 245
-53 28 246
-52 28 246
-51 28 246
-50 28 246
-49 28 247
-48 28 247
-47 28 247
-46 28 247
-45 28 248
-44 28 248
-43 28 248
-42 28 248
-41 28 248
-40 28 249
-39 28 249
-38 28 249
-37 28 249
-36 28 249
-35 28 250
-34 28 250
-33 28 250
-32 28 250
-31 28 250
-30 28 250
-29 28 250
-28 28 251
-27 28 251
-26 28 251
-25 28 251
-24 28 251
-23 28 251
-22 28 251
-21 28 251
-20 28 252
-19 28 252
-18 28 252
-17 28 252
-16 28 252
-15 28 252
-14 28 252
-13 28 252
-12 28 252
-11 28 252
-10 28 252
-9 28 252
-8 28 252
-7 28 252
-6 28 252
-5 28 252
-4 28 253
-3 28 253
-2 28 253
-1 28 253
0 28 253
1 28 253
2 28 253
3 28 253
4 28 253
5 28 252
6 28 252
7 28 252
8 28 252
9 28 252
10 28 252
11 28 252
12 28 252
13 28 252
14 28 252
15 28 252
16 28 252
17 28 252
18 28 252
19 28 252
20 28 252
21 28 251
22 28 251
23 28 251
24 28 251
25 28 251
26 28 251
27 28 251
28 28 251
29 28 250
30 28 250
31 28 250
32 28 250
33 28 250
34 28 250
35 28 250
36 28 249
37 28 249
38 28 249
39 28 249
40 28 249
41 28 248
42 28 248
43 28 248
44 28 248
45 28 248
46 28 247
47 28 247
48 28 247
49 28 247
50 28 246
51 28 246
52 28 246
53 28 246
54 28 245
55 28 245
56 28 245
57 28 244
58 28 244
59 28 244
60 28 244
61 28 243
62 28 243
63 28 243
64 28 242
65 28 242
66 28 242
67 28 241
68 28 241
69 28 241
70 28 240
71 28 240
72 28 240
73 28 239
74 28 239
75 28 238
76 28 238
77 28 238
78 28 237
79 28 237
80 28 236
81 28 236
82 28 236
83 28 235
84 28 235
85 28 234
86 28 234
87 28 234
88 28 233
89 28 233
90 28 232
91 28 232
92 28 231
93 28 231
94 28 230
95 28 230
96 28 229
97 28 229
98 28 228
99 28 228
100 28 227
101 28 227
102 28 226
103 28 226
104 28 225
105 28 225
106 28 224
107 28 224
108 28 223
109 28 222
110 28 222
111 28 221
112 28 221
113 28 220
114 28 220
115 28 219
116 28 218
117 28 218
118 28 217
119 28 217
120 28 216
121 28 215
122 28 215
123 28 214
124 28 213
125 28 213
126 28 212
127 28 211
128 28 211
129 28 210
130 28 209
131 28 209
132 28 208
133 28 207
134 28 207
135 28 206
136 28 205
137 28 205
138 28 204
139 28 203
140 28 202
141 28 202
142 28 201
143 28 200
-143 29 200
-142 29 201
-141 29 201
-140 29 202
-139 29 203
-138 29 204
-137 29 204
-136 29 205
-135 29 206
-134 29 207
-133 29 207
-132 29 208
-131 29 209
-130 29 209
-129 29 210
-128 29 211
-127 29 211
-126 29 212
-125 29 213
-124 29 213
-123 29 214
-122 29 215
-121 29 215
-120 29 216
-119 29 216
-118 29 217
-117 29 218
-116 29 218
-115 29 219
-114 29 219
-113 29 220
-112 29 221
-111 29 221
-110 29 222
-109 29 222
-108 29 223
-107 29 223
-106 29 224
-105 29 225
-104 29 225
-103 29 226
-102 29 226
-101 29 227
-100 29 227
-99 29 228
-98 29 228
-97 29 229
-96 29 229
-95 29 230
-94 29 230
-93 29 231
-92 29 231
-91 29 232
-90 29 232
-89 29 232
-88 29 233
-87 29 233
-86 29 234
-85 29 234
-84 29 235
-83 29 235
-82 29 236
-81 29 236
-80 29 236
-79 29 237
-78 29 237
-77 29 238
-76 29 238
-75 29 238
-74 29 239
-73 29 239
-72 29 239
-71 29 240
-70 29 240
-69 29 240
-68 29 241
-67 29 241
-66 29 242
-65 29 242
-64 29 242
-63 29 242
-62 29 243
-61 29 243
-60 29 243
-59 29 244
-58 29 244
-57 29 244
-56 29 245
-55 29 245
-54 29 245
-53 29 245
-52 29 246
-51 29 246
-50 29 246
-49 29 246
-48 29 247
-47 29 247
-46 29 247
-45 29 247
-44 29 248
-43 29 248
-42 29 248
-41 29 248
-40 29 248
-39 29 249
-38 29 249
-37 29 249
-36 29 249
-35 29 249
-34 29 250
-33 29 250
-32 29 250
-31 29 250
-30 29 250
-29 29 250
-28 29 250
-27 29 251
-26 29 251
-25 29 251
-24 29 251
-23 29 251
-22 29 251
-21 29 251
-20 29 251
-19 29 252
-18 29 252
-17 29 252
-16 29 252
-15 29 252
-14 29 252
-13 29 252
-12 29 252
-11 29 252
-10 29 252
-9 29 252
-8 29 252
-7 29 252
-6 29 252
-5 29 252
-4 29 252
-3 29 252
-2 29 252
-1 29 252
0 29 252
1 29 252
2 29 252
3 29 252
4 29 252
5 29 252
6 29 252
7 29 252
8 29 252
9 29 252
10 29 252
11 29 252
12 29 252
13 29 252
14 29 252
15 29 252
16 29 252
17 29 252
18 29 252
19 29 252
20 29 251
21 29 251
22 29 251
23 29 251
24 29 251
25 29 251
26 29 251
27 29 251
28 29 250
29 29 250
30 29 250
31 29 250
32 29 250
33 29 250
34 29 250
35 29 249
36 29 249
37 29 249
38 29 249
39 29 249
40 29 248
41 29 248
42 29 248
43 29 248
44 29 248
45 29 247
46 29 247
47 29 247
48 29 247
49 29 246
50 29 246
51 29 246
52 29 246
53 29 245
54 29 245
55 29 245
56 29 245
57 29 244
58 29 244
59 29 244
60 29 243
61 29 243
62 29 243
63 29 242
64 29 242
65 29 242
66 29 242
67 29 241
68 29 241
69 29 240
70 29 240
71 29 240
72 29 239
73 29 239
74 29 239
75 29 238
76 29 238
77 29 238
78 29 237
79 29 237
80 29 236
81 29 236
82 29 236
83 29 235
84 29 235
85 29 234
86 29 234
87 29 233
88 29 233
89 29 232
90 29 232
91 29 232
92 29 231
93 29 231
94 29 230
95 29 230
96 29 229
97 29 229
98 29 228
99 29 228
100 29 227
101 29 227
102 29 226
103 29 226
104 29 225
105 29 225
106 29 224
107 29 223
108 29 223
109 29 222
110 29 222
111 29 221
112 29 221
113 29 220
114 29 219
115 29 219
116 29 218
117 29 218
118 29 217
119 29 216
120 29 216
121 29 215
122 29 215
123 29 214
124 29 213
125 29 213
126 29 212
127 29 211
128 29 211
129 29 210
130 29 209
131 29 209
132 29 208
133 29 207
134 29 207
135 29 206
136 29 205
137 29 204
138 29 204
139 29 203
140 29 202
141 29 201
142 29 201
143 29 200
-143 30 200
-142 30 201
-141 30 201
-140 30 202
-139 30 203
-138 30 204
-137 30 204
-136 30 205
-135 30 206
-134 30 206
-133 30 207
-132 30 208
-131 30 208
-130 30 209
-129 30 210
-128 30 210
-127 30 211
-126 30 212
-125 30 212
-124 30 213
-123 30 214
-122 30 214
-121 30 215
-120 30 216
-119 30 216
-118 30 217
-117 30 217
-116 30 218
-115 30 219
-114 30 219
-113 30 220
-112 30 220
-111 30 221
-110 30 222
-109 30 222
-108 30 223
-107 30 223
-106 30 224
-105 30 224
-104 30 225
-103 30 225
-102 30 226
-101 30 226
-100 30 227
-99 30 228
-98 30 228
-97 30 229
-96 30 229
-95 30 229
-94 30 230
-93 30 230
-92 30 231
-91 30 231
-90 30 232
-89 30 232
-88 30 233
-87 30 233
-86 30 234
-85 30 234
-84 30 235
-83 30 235
-82 30 235
-81 30 236
-80 30 236
-79 30 237
-78 30 237
-77 30 237
-76 30 238
-75 30 238
-74 30 239
-73 30 239
-72 30 239
-71 30 240
-70 30 240
-69 30 240
-68 30 241
-67 30 241
-66 30 241
-65 30 242
-64 30 242
-63 30 242
-62 30 243
-61 30 243
-60 30 243
-59 30 244
-58 30 244
-57 30 244
-56 30 244
-55 30 245
-54 30 245
-53 30 245
-52 30 246
-51 30 246
-50 30 246
-49 30 246
-48 30 247
-47 30 247
-46 30 247
-45 30 247
-44 30 247
-43 30 248
-42 30 248
-41 30 248
-40 30 248
-39 30 248
-38 30 249
-37 30 249
-36 30 249
-35 30 249
-34 30 249
-33 30 250
-32 30 250
-31 30 250
-30 30 250
-29 30 250
-28 30 250
-27 30 250
-26 30 251
-25 30 251
-24 30 251
-23 30 251
-22 30 251
-21 30 251
-20 30 251
-19 30 251
-18 30 251
-17 30 252
-16 30 252
-15 30 252
-14 30 252
-13 30 252
-12 30 252
-11 30 252
-10 30 252
-9 30 252
-8 30 252
-7 30 252
-6 30 252
-5 30 252
-4 30 252
-3 30 252
-2 30 252
-1 30 252
0 30 252
1 30 252
2 30 252
3 30 252
4 30 252
5 30 252
6 30 252
7 30 252
8 30 252
9 30 252
10 30 252
11 30 252
12 30 252
13 30 252
14 30 252
15 30 252
16 30 252
17 30 252
18 30 251
19 30 251
20 30 251
21 30 251
22 30 251
23 30 251
24 30 251
25 30 251
26 30 251
27 30 250
28 30 250
29 30 250
30 30 250
31 30 250
32 30 250
33 30 250
34 30 249
35 30 249
36 30 249
37 30 249
38 30 249
39 30 248
40 30 248
41 30 248
42 30 248
43 30 248
44 30 247
45 30 247
46 30 247
47 30 247
48 30 247
49 30 246
50 30 246
51 30 246
52 30 246
53 30 245
54 30 245
55 30 245
56 30 244
57 30 244
58 30 244
59 30 244
60 30 243
61 30 243
62 30 243
63 30 242
64 30 242
65 30 242
66 30 241
67 30 241
68 30 241
69 30 240
70 30 240
71 30 240
72 30 239
73 30 239
74 30 239
75 30 238
76 30 238
77 30 237
78 30 237
79 30 237
80 30 236
81 30 236
82 30 235
83 30 235
84 30 235
85 30 234
86 30 234
87 30 233
88 30 233
89 30 232
90 30 232
91 30 231
92 30 231
93 30 230
94 30 230
95 30 229
96 30 229
97 30 229
98 30 228
99 30 228
100 30 227
101 30 226
102 30 226
103 30 225
104 30 225
105 30 224
106 30 224
107 30 223
108 30 223
109 30 222
110 30 222
111 30 221
112 30 220
113 30 220
114 30 219
115 30 219
116 30 218
117 30 217
118 30 217
119 30 216
120 30 216
121 30 215
122 30 214
123 30 214
124 30 213
125 30 212
126 30 212
127 30 211
128 30 210
129 30 210
130 30 209
131 30 208
132 30 208
133 30 207
134 30 206
135 30 206
136 30 205
137 30 204
138 30 204
139 30 203
140 30 202
141 30 201
142 30 201
143 30 200
-143 31 200
-142 31 200
-141 31 201
-140 31 202
-139 31 203
-138 31 203
-137 31 204
-136 31 205
-135 31 205
-134 31 206
-133 31 207
-132 31 208
-131 31 208
-130 31 209
-129 31 210
-128 31 210
-127 31 211
-126 31 212
-125 31 212
-124 31 213
-123 31 214
-122 31 214
-121 31 215
-120 31 215
-119 31 216
-118 31 217
-117 31 217
-116 31 218
-115 31 219
-114 31 219
-113 31 220
-112 31 220
-111 31 221
-110 31 221
-109 31 222
-108 31 223
-107 31 223
-106 31 224
-105 31 224
-104 31 225
-103 31 225
-102 31 226
-101 31 226
-100 31 227
-99 31 227
-98 31 228
-97 31 228
-96 31 229
-95 31 229
-94 31 230
-93 31 230
-92 31 231
-91 31 231
-90 31 232
-89 31 232
-88 31 233
-87 31 233
-86 31 234
-85 31 234
-84 31 234
-83 31 235
-82 31 235
-81 31 236
-80 31 236
-79 31 236
-78 31 237
-77 31 237
-76 31 238
-75 31 238
-74 31 238
-73 31 239
-72 31 239
-71 31 239
-70 31 240
-69 31 240
-68 31 241
-67 31 241
-66 31 241
-65 31 242
-64 31 242
-63 31 242
-62 31 242
-61 31 243
-60 31 243
-59 31 243
-58 31 244
-57 31 244
-56 31 244
-55 31 245
-54 31 245
-53 31 245
-52 31 245
-51 31 246
-50 31 246
-49 31 246
-48 31 246
-47 31 247
-46 31 247
-45 31 247
-44 31 247
-43 31 248
-42 31 248
-41 31 248
-40 31 248
-39 31 248
-38 31 249
-37 31 249
-36 31 249
-35 31 249
-34 31 249
-33 31 249
-32 31 250
-31 31 250
-30 31 250
-29 31 250
-28 31 250
-27 31 250
-26 31 250
-25 31 251
-24 31 251
-23 31 251
-22 31 251
-21 31 251
-20 31 251
-19 31 251
-18 31 251
-17 31 251
-16 31 251
-15 31 252
-14 31 252
-13 31 252
-12 31 252
-11 31 252
-10 31 252
-9 31 252
-8 31 252
-7 31 252
-6 31 252
-5 31 252
-4 31 252
-3 31 252
-2 31 252
-1 31 252
0 31 252
1 31 252
2 31 252
3 31 252
4 31 252
5 31 252
6 31 252
7 31 252
8 31 252
9 31 252
10 31 252
11 31 252
12 31 252
13 31 252
14 31 252
15 31 252
16 31 251
17 31 251
18 31 251
19 31 251
20 31 251
21 31 251
22 31 251
23 31 251
24 31 251
25 31 251
26 31 250
27 31 250
28 31 250
29 31 250
30 31 250
31 31 250
32 31 250
33 31 249
34 31 249
35 31 249
36 31 249
37 31 249
38 31 249
39 31 248
40 31 248
41 31 248
42 31 248
43 31 248
44 31 247
45 31 247
46 31 247
47 31 247
48 31 246
49 31 246
50 31 246
51 31 246
52 31 245
53 31 245
54 31 245
55 31 245
56 31 244
57 31 244
58 31 244
59 31 243
60 31 243
61 31 243
62 31 242
63 31 242
64 31 242
65 31 242
66 31 241
67 31 241
68 31 241
69 31 240
70 31 240
71 31 239
72 31 239
73 31 239
74 31 238
75 31 238
76 31 238
77 31 237
78 31 237
79 31 236
80 31 236
81 31 236
82 31 235
83 31 235
84 31 234
85 31 234
86 31 234
87 31 233
88 31 233
89 31 232
90 31 232
91 31 231
92 31 231
93 31 230
94 31 230
95 31 229
96 31 229
97 31 228
98 31 228
99 31 227
100 31 227
101 31 226
102 31 226
103 31 225
104 31 225
105 31 224
106 31 224
107 31 223
108 31 223
109 31 222
110 31 221
111 31 221
112 31 220
113 31 220
114 31 219
115 31 219
116 31 218
117 31 217
118 31 217
119 31 216
120 31 215
121 31 215
122 31 214
123 31 214
124 31 213
125 31 212
126 31 212
127 31 211
128 31 210
129 31 210
130 31 209
131 31 208
132 31 208
133 31 207
134 31 206
135 31 205
136 31 205
137 31 204
138 31 203
139 31 203
140 31 202
141 31 201
142 31 200
143 31 200
-142 32 200
-141 32 201
-140 32 202
-139 32 202
-138 32 203
-137 32 204
-136 32 205
-135 32 205
-134 32 206
-133 32 207
-132 32 207
-131 32 208
-130 32 209
-129 32 209
-128 32 210
-127 32 211
-126 32 211
-125 32 212
-124 32 213
-123 32 213
-122 32 214
-121 32 215
-120 32 215
-119 32 216
-118 32 217
-117 32 217
-116 32 218
-115 32 218
-114 32 219
-113 32 220
-112 32 220
-111 32 221
-110 32 221
-109 32 222
-108 32 222
-107 32 223
-106 32 223
-105 32 224
-104 32 225
-103 32 225
-102 32 226
-101 32 226
-100 32 227
-99 32 227
-98 32 228
-97 32 228
-96 32 229
-95 32 229
-94 32 230
-93 32 230
-92 32 231
-91 32 231
-90 32 232
-89 32 232
-88 32 232
-87 32 233
-86 32 233
-85 32 234
-84 32 234
-83 32 235
-82 32 235
-81 32 235
-80 32 236
-79 32 236
-78 32 237
-77 32 237
-76 32 237
-75 32 238
-74 32 238
-73 32 239
-72 32 239
-71 32 239
-70 32 240
-69 32 240
-68 32 240
-67 32 241
-66 32 241
-65 32 241
-64 32 242
-63 32 242
-62 32 242
-61 32 243
-60 32 243
-59 32 243
-58 32 244
-57 32 244
-56 32 244
-55 32 244
-54 32 245
-53 32 245
-52 32 245
-51 32 245
-50 32 246
-49 32 246
-48 32 246
-47 32 246
-46 32 247
-45 32 247
-44 32 247
-43 32 247
-42 32 248
-41 32 248
-40 32 248
-39 32 248
-38 32 248
-37 32 249
-36 32 249
-35 32 249
-34 32 249
-33 32 249
-32 32 249
-31 32 250
-30 32 250
-29 32 250
-28 32 250
-27 32 250
-26 32 250
-25 32 250
-24 32 251
-23 32 251
-22 32 251
-21 32 251
-20 32 251
-19 32 251
-18 32 251
-17 32 251
-16 32 251
-15 32 251
-14 32 251
-13 32 252
-12 32 252
-11 32 252
-10 32 252
-9 32 252
-8 32 252
-7 32 252
-6 32 252
-5 32 252
-4 32 252
-3 32 252
-2 32 252
-1 32 252
0 32 252
1 32 252
2 32 252
3 32 252
4 32 252
5 32 252
6 32 252
7 32 252
8 32 252
9 32 252
10 32 252
11 32 252
12 32 252
13 32 252
14 32 251
15 32 251
16 32 251
17 32 251
18 32 251
19 32 251
20 32 251
21 32 251
22 32 251
23 32 251
24 32 251
25 32 250
26 32 250
27 32 250
28 32 250
29 32 250
30 32 250
31 32 250
32 32 249
33 32 249
34 32 249
35 32 249
36 32 249
37 32 249
38 32 248
39 32 248
40 32 248
41 32 248
42 32 248
43 32 247
44 32 247
45 32 247
46 32 247
47 32 246
48 32 246
49 32 246
50 32 246
51 32 245
52 32 245
53 32 245
54 32 245
55 32 244
56 32 244
57 32 244
58 32 244
59 32 243
60 32 243
61 32 243
62 32 242
63 32 242
64 32 242
65 32 241
66 32 241
67 32 241
68 32 240
69 32 240
70 32 240
71 32 239
72 32 239
73 32 239
74 32 238
75 32 238
76 32 237
77 32 237
78 32 237
79 32 236
80 32 236
81 32 235
82 32 235
83 32 235
84 32 234
85 32 234
86 32 233
87 32 233
88 32 232
89 32 232
90 32 232
91 32 231
92 32 231
93 32 230
94 32 230
95 32 229
96 32 229
97 32 228
98 32 228
99 32 227
100 32 227
101 32 226
102 32 226
103 32 225
104 32 225
105 32 224
106 32 223
107 32 223
108 32 222
109 32 222
110 32 221
111 32 221
112 32 220
113 32 220
114 32 219
115 32 218
116 32 218
117 32 217
118 32 217
119 32 216
120 32 215
121 32 215
122 32 214
123 32 213
124 32 213
125 32 212
126 32 211
127 32 211
128 32 210
129 32 209
130 32 209
131 32 208
132 32 207
133 32 207
134 32 206
135 32 205
136 32 205
137 32 204
138 32 203
139 32 202
140 32 202
141 32 201
142 32 200
-142 33 200
-141 33 201
-140 33 202
-139 33 202
-138 33 203
-137 33 204
-136 33 204
-135 33 205
-134 33 206
-133 33 207
-132 33 207
-131 33 208
-130 33 209
-129 33 209
-128 33 210
-127 33 211
-126 33 211
-125 33 212
-124 33 213
-123 33 213
-122 33 214
-121 33 215
-120 33 215
-119 33 216
-118 33 216
-117 33 217
-116 33 218
-115 33 218
-114 33 219
-113 33 219
-112 33 220
-111 33 221
-110 33 221
-109 33 222
-108 33 222
-107 33 223
-106 33 223
-105 33 224
-104 33 224
-103 33 225
-102 33 225
-101 33 226
-100 33 227
-99 33 227
-98 33 228
-97 33 228
-96 33 229
-95 33 229
-94 33 229
-93 33 230
-92 33 230
-91 33 231
-90 33 231
-89 33 232
-88 33 232
-87 33 233
-86 33 233
-85 33 234
-84 33 234
-83 33 234
-82 33 235
-81 33 235
-80 33 236
-79 33 236
-78 33 237
-77 33 237
-76 33 237
-75 33 238
-74 33 238
-73 33 238
-72 33 239
-71 33 239
-70 33 240
-69 33 240
-68 33 240
-67 33 241
-66 33 241
-65 33 241
-64 33 242
-63 33 242
-62 33 242
-61 33 242
-60 33 243
-59 33 243
-58 33 243
-57 33 244
-56 33 244
-55 33 244
-54 33 245
-53 33 245
-52 33 245
-51 33 245
-50 33 246
-49 33 246
-48 33 246
-47 33 246
-46 33 247
-45 33 247
-44 33 247
-43 33 247
-42 33 247
-41 33 248
-40 33 248
-39 33 248
-38 33 248
-37 33 248
-36 33 249
-35 33 249
-34 33 249
-33 33 249
-32 33 249
-31 33 249
-30 33 250
-29 33 250
-28 33 250
-27 33 250
-26 33 250
-25 33 250
-24 33 250
-23 33 250
-22 33 251
-21 33 251
-20 33 251
-19 33 251
-18 33 251
-17 33 251
-16 33 251
-15 33 251
-14 33 251
-13 33 251
-12 33 251
-11 33 251
-10 33 252
-9 33 252
-8 33 252
-7 33 252
-6 33 252
-5 33 252
-4 33 252
-3 33 252
-2 33 252
-1 33 252
0 33 252
1 33 252
2 33 252
3 33 252
4 33 252
5 33 252
6 33 252
7 33 252
8 33 252
9 33 252
10 33 252
11 33 251
12 33 251
13 33 251
14 33 251
15 33 251
16 33 251
17 33 251
18 33 251
19 33 251
20 33 251
21 33 251
22 33 251
23 33 250
24 33 250
25 33 250
26 33 250
27 33 250
28 33 250
29 33 250
30 33 250
31 33 249
32 33 249
33 33 249
34 33 249
35 33 249
36 33 249
37 33 248
38 33 248
39 33 248
40 33 248
41 33 248
42 33 247
43 33 247
44 33 247
45 33 247
46 33 247
47 33 246
48 33 246
49 33 246
50 33 246
51 33 245
52 33 245
53 33 245
54 33 245
55 33 244
56 33 244
57 33 244
58 33 243
59 33 243
60 33 243
61 33 242
62 33 242
63 33 242
64 33 242
65 33 241
66 33 241
67 33 241
68 33 240
69 33 240
70 33 240
71 33 239
72 33 239
73 33 238
74 33 238
75 33 238
76 33 237
77 33 237
78 33 237
79 33 236
80 33 236
81 33 235
82 33 235
83 33 234
84 33 234
85 33 234
86 33 233
87 33 233
88 33 232
89 33 232
90 33 231
91 33 231
92 33 230
93 33 230
94 33 229
95 33 229
96 33 229
97 33 228
98 33 228
99 33 227
100 33 227
101 33 226
102 33 225
103 33 225
104 33 224
105 33 224
106 33 223
107 33 223
108 33 222
109 33 222
110 33 221
111 33 221
112 33 220
113 33 219
114 33 219
115 33 218
116 33 218
117 33 217
118 33 216
119 33 216
120 33 215
121 33 215
122 33 214
123 33 213
124 33 213
125 33 212
126 33 211
127 33 211
128 33 210
129 33 209
130 33 209
131 33 208
132 33 207
133 33 207
134 33 206
135 33 205
136 33 204
137 33 204
138 33 203
139 33 202
140 33 202
141 33 201
142 33 200
-142 34 200
-141 34 201
-140 34 201
-139 34 202
-138 34 203
-137 34 204
-136 34 204
-135 34 205
-134 34 206
-133 34 206
-132 34 207
-131 34 208
-130 34 208
-129 34 209
-128 34 210
-127 34 210
-126 34 211
-125 34 212
-124 34 212
-123 34 213
-122 34 214
-121 34 214
-120 34 215
-119 34 216
-118 34 216
-117 34 217
-116 34 217
-115 34 218
-114 34 219
-113 34 219
-112 34 220
-111 34 220
-110 34 221
-109 34 221
-108 34 222
-107 34 223
-106 34 223
-105 34 224
-104 34 224
-103 34 225
-102 34 225
-101 34 226
-100 34 226
-99 34 227
-98 34 227
-97 34 228
-96 34 228
-95 34 229
-94 34 229
-93 34 230
-92 34 230
-91 34 231
-90 34 231
-89 34 232
-88 34 232
-87 34 233
-86 34 233
-85 34 233
-84 34 234
-83 34 234
-82 34 235
-81 34 235
-80 34 236
-79 34 236
-78 34 236
-77 34 237
-76 34 237
-75 34 238
-74 34 238
-73 34 238
-72 34 239
-71 34 239
-70 34 239
-69 34 240
-68 34 240
-67 34 240
-66 34 241
-65 34 241
-64 34 241
-63 34 242
-62 34 242
-61 34 242
-60 34 243
-59 34 243
-58 34 243
-57 34 244
-56 34 244
-55 34 244
-54 34 244
-53 34 245
-52 34 245
-51 34 245
-50 34 245
-49 34 246
-48 34 246
-47 34 246
-46 34 246
-45 34 247
-44 34 247
-43 34 247
-42 34 247
-41 34 247
-40 34 248
-39 34 248
-38 34 248
-37 34 248
-36 34 248
-35 34 249
-34 34 249
-33 34 249
-32 34 249
-31 34 249
-30 34 249
-29 34 250
-28 34 250
-27 34 250
-26 34 250
-25 34 250
-24 34 250
-23 34 250
-22 34 250
-21 34 251
-20 34 251
-19 34 251
-18 34 251
-17 34 251
-16 34 251
-15 34 251
-14 34 251
-13 34 251
-12 34 251
-11 34 251
-10 34 251
-9 34 251
-8 34 251
-7 34 252
-6 34 252
-5 34 252
-4 34 252
-3 34 252
-2 34 252
-1 34 252
0 34 252
1 34 252
2 34 252
3 34 252
4 34 252
5 34 252
6 34 252
7 34 252
8 34 251
9 34 251
10 34 251
11 34 251
12 34 251
13 34 251
14 34 251
15 34 251
16 34 251
17 34 251
18 34 251
19 34 251
20 34 251
21 34 251
22 34 250
23 34 250
24 34 250
25 34 250
26 34 250
27 34 250
28 34 250
29 34 250
30 34 249
31 34 249
32 34 249
33 34 249
34 34 249
35 34 249
36 34 248
37 34 248
38 34 248
39 34 248
40 34 248
41 34 247
42 34 247
43 34 247
44 34 247
45 34 247
46 34 246
47 34 246
48 34 246
49 34 246
50 34 245
51 34 245
52 34 245
53 34 245
54 34 244
55 34 244
56 34 244
57 34 244
58 34 243
59 34 243
60 34 243
61 34 242
62 34 242
63 34 242
64 34 241
65 34 241
66 34 241
67 34 240
68 34 240
69 34 240
70 34 239
71 34 239
72 34 239
73 34 238
74 34 238
75 34 238
76 34 237
77 34 237
78 34 236
79 34 236
80 34 236
81 34 235
82 34 235
83 34 234
84 34 234
85 34 233
86 34 233
87 34 233
88 34 232
89 34 232
90 34 231
91 34 231
92 34 230
93 34 230
94 34 229
95 34 229
96 34 228
97 34 228
98 34 227
99 34 227
100 34 226
101 34 226
102 34 225
103 34 225
104 34 224
105 34 224
106 34 223
107 34 223
108 34 222
109 34 221
110 34 221
111 34 220
112 34 220
113 34 219
114 34 219
115 34 218
116 34 217
117 34 217
118 34 216
119 34 216
120 34 215
121 34 214
122 34 214
123 34 213
124 34 212
125 34 212
126 34 211
127 34 210
128 34 210
129 34 209
130 34 208
131 34 208
132 34 207
133 34 206
134 34 206
135 34 205
136 34 204
137 34 204
138 34 203
139 34 202
140 34 201
141 34 201
142 34 200
-142 35 200
-141 35 200
-140 35 201
-139 35 202
-138 35 203
-137 35 203
-136 35 204
-135 35 205
-134 35 206
-133 35 206
-132 35 207
-131 35 208
-130 35 208
-129 35 209
-128 35 210
-127 35 210
-126 35 211
-125 35 212
-124 35 212
-123 35 213
-122 35 214
-121 35 214
-120 35 215
-119 35 215
-118 35 216
-117 35 217
-116 35 217
-115 35 218
-114 35 218
-113 35 219
-112 35 220
-111 35 220
-110 35 221
-109 35 221
-108 35 222
-107 35 222
-106 35 223
-105 35 224
-104 35 224
-103 35 225
-102 35 225
-101 35 226
-100 35 226
-99 35 227
-98 35 227
-97 35 228
-96 35 228
-95 35 229
-94 35 229
-93 35 230
-92 35 230
-91 35 231
-90 35 231
-89 35 231
-88 35 232
-87 35 232
-86 35 233
-85 35 233
-84 35 234
-83 35 234
-82 35 235
-81 35 235
-80 35 235
-79 35 236
-78 35 236
-77 35 237
-76 35 237
-75 35 237
-74 35 238
-73 35 238
-72 35 238
-71 35 239
-70 35 239
-69 35 240
-68 35 240
-67 35 240
-66 35 241
-65 35 241
-64 35 241
-63 35 242
-62 35 242
-61 35 242
-60 35 242
-59 35 243
-58 35 243
-57 35 243
-56 35 244
-55 35 244
-54 35 244
-53 35 244
-52 35 245
-51 35 245
-50 35 245
-49 35 245
-48 35 246
-47 35 246
-46 35 246
-45 35 246
-44 35 247
-43 35 247
-42 35 247
-41 35 247
-40 35 247
-39 35 248
-38 35 248
-37 35 248
-36 35 248
-35 35 248
-34 35 249
-33 35 249
-32 35 249
-31 35 249
-30 35 249
-29 35 249
-28 35 250
-27 35 250
-26 35 250
-25 35 250
-24 35 250
-23 35 250
-22 35 250
-21 35 250
-20 35 250
-19 35 251
-18 35 251
-17 35 251
-16 35 251
-15 35 251
-14 35 251
-13 35 251
-12 35 251
-11 35 251
-10 35 251
-9 35 251
-8 35 251
-7 35 251
-6 35 251
-5 35 251
-4 35 251
-3 35 251
-2 35 251
-1 35 251
0 35 251
1 35 251
2 35 251
3 35 251
4 35 251
5 35 251
6 35 251
7 35 251
8 35 251
9 35 251
10 35 251
11 35 251
12 35 251
13 35 251
14 35 251
15 35 251
16 35 251
17 35 251
18 35 251
19 35 251
20 35 250
21 35 250
22 35 250
23 35 250
24 35 250
25 35 250
26 35 250
27 35 250
28 35 250
29 35 249
30 35 249
31 35 249
32 35 249
33 35 249
34 35 249
35 35 248
36 35 248
37 35 248
38 35 248
39 35 248
40 35 247
41 35 247
42 35 247
43 35 247
44 35 247
45 35 246
46 35 246
47 35 246
48 35 246
49 35 245
50 35 245
51 35 245
52 35 245
53 35 244
54 35 244
55 35 244
56 35 244
57 35 243
58 35 243
59 35 243
60 35 242
61 35 242
62 35 242
63 35 242
64 35 241
65 35 241
66 35 241
67 35 240
68 35 240
69 35 240
70 35 239
71 35 239
72 35 238
73 35 238
74 35 238
75 35 237
76 35 237
77 35 237
78 35 236
79 35 236
80 35 235
81 35 235
82 35 235
83 35 234
84 35 234
85 35 233
86 35 233
87 35 232
88 35 232
89 35 231
90 35 231
91 35 231
92 35 230
93 35 230
94 35 229
95 35 229
96 35 228
97 35 228
98 35 227
99 35 227
100 35 226
101 35 226
102 35 225
103 35 225
104 35 224
105 35 224
106 35 223
107 35 222
108 35 222
109 35 221
110 35 221
111 35 220
112 35 220
113 35 219
114 35 218
115 35 218
116 35 217
117 35 217
118 35 216
119 35 215
120 35 215
121 35 214
122 35 214
123 35 213
124 35 212
125 35 212
126 35 211
127 35 210
128 35 210
129 35 209
130 35 208
131 35 208
132 35 207
133 35 206
134 35 206
135 35 205
136 35 204
137 35 203
138 35 203
139 35 202
140 35 201
141 35 200
142 35 200
-142 36 200
-141 36 200
-140 36 201
-139 36 202
-138 36 202
-137 36 203
-136 36 204
-135 36 205
-134 36 205
-133 36 206
-132 36 207
-131 36 207
-130 36 208
-129 36 209
-128 36 209
-127 36 210
-126 36 211
-125 36 211
-124 36 212
-123 36 213
-122 36 213
-121 36 214
-120 36 215
-119 36 215
-118 36 216
-117 36 216
-116 36 217
-115 36 218
-114 36 218
-113 36 219
-112 36 219
-111 36 220
-110 36 221
-109 36 221
-108 36 222
-107 36 222
-106 36 223
-105 36 223
-104 36 224
-103 36 224
-102 36 225
-101 36 225
-100 36 226
-99 36 226
-98 36 227
-97 36 227
-96 36 228
-95 36 228
-94 36 229
-93 36 229
-92 36 230
-91 36 230
-90 36 231
-89 36 231
-88 36 232
-87 36 232
-86 36 233
-85 36 233
-84 36 234
-83 36 234
-82 36 234
-81 36 235
-80 36 235
-79 36 236
-78 36 236
-77 36 236
-76 36 237
-75 36 237
-74 36 238
-73 36 238
-72 36 238
-71 36 239
-70 36 239
-69 36 239
-68 36 240
-67 36 240
-66 36 240
-65 36 241
-64 36 241
-63 36 241
-62 36 242
-61 36 242
-60 36 242
-59 36 243
-58 36 243
-57 36 243
-56 36 243
-55 36 244
-54 36 244
-53 36 244
-52 36 245
-51 36 245
-50 36 245
-49 36 245
-48 36 246
-47 36 246
-46 36 246
-45 36 246
-44 36 246
-43 36 247
-42 36 247
-41 36 247
-40 36 247
-39 36 247
-38 36 248
-37 36 248
-36 36 248
-35 36 248
-34 36 248
-33 36 249
-32 36 249
-31 36 249
-30 36 249
-29 36 249
-28 36 249
-27 36 249
-26 36 250
-25 36 250
-24 36 250
-23 36 250
-22 36 250
-21 36 250
-20 36 250
-19 36 250
-18 36 250
-17 36 251
-16 36 251
-15 36 251
-14 36 251
-13 36 251
-12 36 251
-11 36 251
-10 36 251
-9 36 251
-8 36 251
-7 36 251
-6 36 251
-5 36 251
-4 36 251
-3 36 251
-2 36 251
-1 36 251
0 36 251
1 36 251
2 36 251
3 36 251
4 36 251
5 36 251
6 36 251
7 36 251
8 36 251
9 36 251
10 36 251
11 36 251
12 36 251
13 36 251
14 36 251
15 36 251
16 36 251
17 36 251
18 36 250
19 36 250
20 36 250
21 36 250
22 36 250
23 36 250
24 36 250
25 36 250
26 36 250
27 36 249
28 36 249
29 36 249
30 36 249
31 36 249
32 36 249
33 36 249
34 36 248
35 36 248
36 36 248
37 36 248
38 36 248
39 36 247
40 36 247
41 36 247
42 36 247
43 36 247
44 36 246
45 36 246
46 36 246
47 36 246
48 36 246
49 36 245
50 36 245
51 36 245
52 36 245
53 36 244
54 36 244
55 36 244
56 36 243
57 36 243
58 36 243
59 36 243
60 36 242
61 36 242
62 36 242
63 36 241
64 36 241
65 36 241
66 36 240
67 36 240
68 36 240
69 36 239
70 36 239
71 36 239
72 36 238
73 36 238
74 36 238
75 36 237
76 36 237
77 36 236
78 36 236
79 36 236
80 36 235
81 36 235
82 36 234
83 36 234
84 36 234
85 36 233
86 36 233
87 36 232
88 36 232
89 36 231
90 36 231
91 36 230
92 36 230
93 36 229
94 36 229
95 36 228
96 36 228
97 36 227
98 36 227
99 36 226
100 36 226
101 36 225
102 36 225
103 36 224
104 36 224
105 36 223
106 36 223
107 36 222
108 36 222
109 36 221
110 36 221
111 36 220
112 36 219
113 36 219
114 36 218
115 36 218
116 36 217
117 36 216
118 36 216
119 36 215
120 36 215
121 36 214
122 36 213
123 36 213
124 36 212
125 36 211
126 36 211
127 36 210
128 36 209
129 36 209
130 36 208
131 36 207
132 36 207
133 36 206
134 36 205
135 36 205
136 36 204
137 36 203
138 36 202
139 36 202
140 36 201
141 36 200
142 36 200
-141 37 200
-140 37 201
-139 37 202
-138 37 202
-137 37 203
-136 37 204
-135 37 204
-134 37 205
-133 37 206
-132 37 207
-131 37 207
-130 37 208
-129 37 209
-128 37 209
-127 37 210
-126 37 211
-125 37 211
-124 37 212
-123 37 213
-122 37 213
-121 37 214
-120 37 214
-119 37 215
-118 37 216
-117 37 216
-116 37 217
-115 37 217
-114 37 218
-113 37 219
-112 37 219
-111 37 220
-110 37 220
-109 37 221
-108 37 222
-107 37 222
-106 37 223
-105 37 223
-104 37 224
-103 37 224
-102 37 225
-101 37 225
-100 37 226
-99 37 226
-98 37 227
-97 37 227
-96 37 228
-95 37 228
-94 37 229
-93 37 229
-92 37 230
-91 37 230
-90 37 231
-89 37 231
-88 37 232
-87 37 232
-86 37 232
-85 37 233
-84 37 233
-83 37 234
-82 37 234
-81 37 235
-80 37 235
-79 37 235
-78 37 236
-77 37 236
-76 37 237
-75 37 237
-74 37 237
-73 37 238
-72 37 238
-71 37 238
-70 37 239
-69 37 239
-68 37 240
-67 37 240
-66 37 240
-65 37 241
-64 37 241
-63 37 241
-62 37 241
-61 37 242
-60 37 242
-59 37 242
-58 37 243
-57 37 243
-56 37 243
-55 37 244
-54 37 244
-53 37 244
-52 37 244
-51 37 245
-50 37 245
-49 37 245
-48 37 245
-47 37 246
-46 37 246
-45 37 246
-44 37 246
-43 37 246
-42 37 247
-41 37 247
-40 37 247
-39 37 247
-38 37 247
-37 37 248
-36 37 248
-35 37 248
-34 37 248
-33 37 248
-32 37 249
-31 37 249
-30 37 249
-29 37 249
-28 37 249
-27 37 249
-26 37 249
-25 37 250
-24 37 250
-23 37 250
-22 37 250
-21 37 250
-20 37 250
-19 37 250
-18 37 250
-17 37 250
-16 37 250
-15 37 251
-14 37 251
-13 37 251
-12 37 251
-11 37 251
-10 37 251
-9 37 251
-8 37 251
-7 37 251
-6 37 251
-5 37 251
-4 37 251
-3 37 251
-2 37 251
-1 37 251
0 37 251
1 37 251
2 37 251
3 37 251
4 37 251
5 37 251
6 37 251
7 37 251
8 37 251
9 37 251
10 37 251
11 37 251
12 37 251
13 37 251
14 37 251
15 37 251
16 37 250
17 37 250
18 37 250
19 37 250
20 37 250
21 37 250
22 37 250
23 37 250
24 37 250
25 37 250
26 37 249
27 37 249
28 37 249
29 37 249
30 37 249
31 37 249
32 37 249
33 37 248
34 37 248
35 37 248
36 37 248
37 37 248
38 37 247
39 37 247
40 37 247
41 37 247
42 37 247
43 37 246
44 37 246
45 37 246
46 37 246
47 37 246
48 37 245
49 37 245
50 37 245
51 37 245
52 37 244
53 37 244
54 37 244
55 37 244
56 37 243
57 37 243
58 37 243
59 37 242
60 37 242
61 37 242
62 37 241
63 37 241
64 37 241
65 37 241
66 37 240
67 37 240
68 37 240
69 37 239
70 37 239
71 37 238
72 37 238
73 37 238
74 37 237
75 37 237
76 37 237
77 37 236
78 37 236
79 37 235
80 37 235
81 37 235
82 37 234
83 37 234
84 37 233
85 37 233
86 37 232
87 37 232
88 37 232
89 37 231
90 37 231
91 37 230
92 37 230
93 37 229
94 37 229
95 37 228
96 37 228
97 37 227
98 37 227
99 37 226
100 37 226
101 37 225
102 37 225
103 37 224
104 37 224
105 37 223
106 37 223
107 37 222
108 37 222
109 37 221
110 37 220
111 37 220
112 37 219
113 37 219
114 37 218
115 37 217
116 37 217
117 37 216
118 37 216
119 37 215
120 37 214
121 37 214
122 37 213
123 37 213
124 37 212
125 37 211
126 37 211
127 37 210
128 37 209
129 37 209
130 37 208
131 37 207
132 37 207
133 37 206
134 37 205
135 37 204
136 37 204
137 37 203
138 37 202
139 37 202
140 37 201
141 37 200
-141 38 200
-140 38 201
-139 38 201
-138 38 202
-137 38 203
-136 38 204
-135 38 204
-134 38 205
-133 38 206
-132 38 206
-131 38 207
-130 38 208
-129 38 208
-128 38 209
-127 38 210
-126 38 210
-125 38 211
-124 38 212
-123 38 212
-122 38 213
-121 38 214
-120 38 214
-119 38 215
-118 38 215
-117 38 216
-116 38 217
-115 38 217
-114 38 218
-113 38 218
-112 38 219
-111 38 220
-110 38 220
-109 38 221
-108 38 221
-107 38 222
-106 38 222
-105 38 223
-104 38 223
-103 38 224
-102 38 225
-101 38 225
-100 38 226
-99 38 226
-98 38 227
-97 38 227
-96 38 228
-95 38 228
-94 38 229
-93 38 229
-92 38 230
-91 38 230
-90 38 230
-89 38 231
-88 38 231
-87 38 232
-86 38 232
-85 38 233
-84 38 233
-83 38 234
-82 38 234
-81 38 234
-80 38 235
-79 38 235
-78 38 236
-77 38 236
-76 38 236
-75 38 237
-74 38 237
-73 38 238
-72 38 238
-71 38 238
-70 38 239
-69 38 239
-68 38 239
-67 38 240
-66 38 240
-65 38 240
-64 38 241
-63 38 241
-62 38 241
-61 38 242
-60 38 242
-59 38 242
-58 38 242
-57 38 243
-56 38 243
-55 38 243
-54 38 244
-53 38 244
-52 38 244
-51 38 244
-50 38 245
-49 38 245
-48 38 245
-47 38 245
-46 38 246
-45 38 246
-44 38 246
-43 38 246
-42 38 247
-41 38 247
-40 38 247
-39 38 247
-38 38 247
-37 38 247
-36 38 248
-35 38 248
-34 38 248
-33 38 248
-32 38 248
-31 38 249
-30 38 249
-29 38 249
-28 38 249
-27 38 249
-26 38 249
-25 38 249
-24 38 249
-23 38 250
-22 38 250
-21 38 250
-20 38 250
-19 38 250
-18 38 250
-17 38 250
-16 38 250
-15 38 250
-14 38 250
-13 38 250
-12 38 251
-11 38 251
-10 38 251
-9 38 251
-8 38 251
-7 38 251
-6 38 251
-5 38 251
-4 38 251
-3 38 251
-2 38 251
-1 38 251
0 38 251
1 38 251
2 38 251
3 38 251
4 38 251
5 38 251
6 38 251
7 38 251
8 38 251
9 38 251
10 38 251
11 38 251
12 38 251
13 38 250
14 38 250
15 38 250
16 38 250
17 38 250
18 38 250
19 38 250
20 38 250
21 38 250
22 38 250
23 38 250
24 38 249
25 38 249
26 38 249
27 38 249
28 38 249
29 38 249
30 38 249
31 38 249
32 38 248
33 38 248
34 38 248
35 38 248
36 38 248
37 38 247
38 38 247
39 38 247
40 38 247
41 38 247
42 38 247
43 38 246
44 38 246
45 38 246
46 38 246
47 38 245
48 38 245
49 38 245
50 38 245
51 38 244
52 38 244
53 38 244
54 38 244
55 38 243
56 38 243
57 38 243
58 38 242
59 38 242
60 38 242
61 38 242
62 38 241
63 38 241
64 38 241
65 38 240
66 38 240
67 38 240
68 38 239
69 38 239
70 38 239
71 38 238
72 38 238
73 38 238
74 38 237
75 38 237
76 38 236
77 38 236
78 38 236
79 38 235
80 38 235
81 38 234
82 38 234
83 38 234
84 38 233
85 38 233
86 38 232
87 38 232
88 38 231
89 38 231
90 38 230
91 38 230
92 38 230
93 38 229
94 38 229
95 38 228
96 38 228
97 38 227
98 38 227
99 38 226
100 38 226
101 38 225
102 38 225
103 38 224
104 38 223
105 38 223
106 38 222
107 38 222
108 38 221
109 38 221
110 38 220
111 38 220
112 38 219
113 38 218
114 38 218
115 38 217
116 38 217
117 38 216
118 38 215
119 38 215
120 38 214
121 38 214
122 38 213
123 38 212
124 38 212
125 38 211
126 38 210
127 38 210
128 38 209
129 38 208
130 38 208
131 38 207
132 38 206
133 38 206
134 38 205
135 38 204
136 38 204
137 38 203
138 38 202
139 38 201
140 38 201
141 38 200
-141 39 200
-140 39 200
-139 39 201
-138 39 202
-137 39 203
-136 39 203
-135 39 204
-134 39 205
-133 39 205
-132 39 206
-131 39 207
-130 39 207
-129 39 208
-128 39 209
-127 39 210
-126 39 210
-125 39 211
-124 39 211
-123 39 212
-122 39 213
-121 39 213
-120 39 214
-119 39 215
-118 39 215
-117 39 216
-116 39 216
-115 39 217
-114 39 218
-113 39 218
-112 39 219
-111 39 219
-110 39 220
-109 39 221
-108 39 221
-107 39 222
-106 39 222
-105 39 223
-104 39 223
-103 39 224
-102 39 224
-101 39 225
-100 39 225
-99 39 226
-98 39 226
-97 39 227
-96 39 227
-95 39 228
-94 39 228
-93 39 229
-92 39 229
-91 39 230
-90 39 230
-89 39 231
-88 39 231
-87 39 232
-86 39 232
-85 39 233
-84 39 233
-83 39 233
-82 39 234
-81 39 234
-80 39 235
-79 39 235
-78 39 235
-77 39 236
-76 39 236
-75 39 237
-74 39 237
-73 39 237
-72 39 238
-71 39 238
-70 39 238
-69 39 239
-68 39 239
-67 39 239
-66 39 240
-65 39 240
-64 39 240
-63 39 241
-62 39 241
-61 39 241
-60 39 242
-59 39 242
-58 39 242
-57 39 243
-56 39 243
-55 39 243
-54 39 243
-53 39 244
-52 39 244
-51 39 244
-50 39 244
-49 39 245
-48 39 245
-47 39 245
-46 39 245
-45 39 246
-44 39 246
-43 39 246
-42 39 246
-41 39 247
-40 39 247
-39 39 247
-38 39 247
-37 39 247
-36 39 247
-35 39 248
-34 39 248
-33 39 248
-32 39 248
-31 39 248
-30 39 248
-29 39 249
-28 39 249
-27 39 249
-26 39 249
-25 39 249
-24 39 249
-23 39 249
-22 39 250
-21 39 250
-20 39 250
-19 39 250
-18 39 250
-17 39 250
-16 39 250
-15 39 250
-14 39 250
-13 39 250
-12 39 250
-11 39 250
-10 39 250
-9 39 251
-8 39 251
-7 39 251
-6 39 251
-5 39 251
-4 39 251
-3 39 251
-2 39 251
-1 39 251
0 39 251
1 39 251
2 39 251
3 39 251
4 39 251
5 39 251
6 39 251
7 39 251
8 39 251
9 39 251
10 39 250
11 39 250
12 39 250
13 39 250
14 39 250
15 39 250
16 39 250
17 39 250
18 39 250
19 39 250
20 39 250
21 39 250
22 39 250
23 39 249
24 39 249
25 39 249
26 39 249
27 39 249
28 39 249
29 39 249
30 39 248
31 39 248
32 39 248
33 39 248
34 39 248
35 39 248
36 39 247
37 39 247
38 39 247
39 39 247
40 39 247
41 39 247
42 39 246
43 39 246
44 39 246
45 39 246
46 39 245
47 39 245
48 39 245
49 39 245
50 39 244
51 39 244
52 39 244
53 39 244
54 39 243
55 39 243
56 39 243
57 39 243
58 39 242
59 39 242
60 39 242
61 39 241
62 39 241
63 39 241
64 39 240
65 39 240
66 39 240
67 39 239
68 39 239
69 39 239
70 39 238
71 39 238
72 39 238
73 39 237
74 39 237
75 39 237
76 39 236
77 39 236
78 39 235
79 39 235
80 39 235
81 39 234
82 39 234
83 39 233
84 39 233
85 39 233
86 39 232
87 39 232
88 39 231
89 39 231
90 39 230
91 39 230
92 39 229
93 39 229
94 39 228
95 39 228
96 39 227
97 39 227
98 39 226
99 39 226
100 39 225
101 39 225
102 39 224
103 39 224
104 39 223
105 39 223
106 39 222
107 39 222
108 39 221
109 39 221
110 39 220
111 39 219
112 39 219
113 39 218
114 39 218
115 39 217
116 39 216
117 39 216
118 39 215
119 39 215
120 39 214
121 39 213
122 39 213
123 39 212
124 39 211
125 39 211
126 39 210
127 39 210
128 39 209
129 39 208
130 39 207
131 39 207
132 39 206
133 39 205
134 39 205
135 39 204
136 39 203
137 39 203
138 39 202
139 39 201
140 39 200
141 39 200
-140 40 200
-139 40 201
-138 40 202
-137 40 202
-136 40 203
-135 40 204
-134 40 205
-133 40 205
-132 40 206
-131 40 207
-130 40 207
-129 40 208
-128 40 209
-127 40 209
-126 40 210
-125 40 211
-124 40 211
-123 40 212
-122 40 213
-121 40 213
-120 40 214
-119 40 214
-118 40 215
-117 40 216
-116 40 216
-115 40 217
-114 40 217
-113 40 218
-112 40 219
-111 40 219
-110 40 220
-109 40 220
-108 40 221
-107 40 221
-106 40 222
-105 40 223
-104 40 223
-103 40 224
-102 40 224
-101 40 225
-100 40 225
-99 40 226
-98 40 226
-97 40 227
-96 40 227
-95 40 228
-94 40 228
-93 40 229
-92 40 229
-91 40 230
-90 40 230
-89 40 231
-88 40 231
-87 40 231
-86 40 232
-85 40 232
-84 40 233
-83 40 233
-82 40 234
-81 40 234
-80 40 234
-79 40 235
-78 40 235
-77 40 236
-76 40 236
-75 40 236
-74 40 237
-73 40 237
-72 40 237
-71 40 238
-70 40 238
-69 40 239
-68 40 239
-67 40 239
-66 40 240
-65 40 240
-64 40 240
-63 40 241
-62 40 241
-61 40 241
-60 40 242
-59 40 242
-58 40 242
-57 40 242
-56 40 243
-55 40 243
-54 40 243
-53 40 243
-52 40 244
-51 40 244
-50 40 244
-49 40 245
-48 40 245
-47 40 245
-46 40 245
-45 40 245
-44 40 246
-43 40 246
-42 40 246
-41 40 246
-40 40 247
-39 40 247
-38 40 247
-37 40 247
-36 40 247
-35 40 247
-34 40 248
-33 40 248
-32 40 248
-31 40 248
-30 40 248
-29 40 248
-28 40 249
-27 40 249
-26 40 249
-25 40 249
-24 40 249
-23 40 249
-22 40 249
-21 40 249
-20 40 250
-19 40 250
-18 40 250
-17 40 250
-16 40 250
-15 40 250
-14 40 250
-13 40 250
-12 40 250
-11 40 250
-10 40 250
-9 40 250
-8 40 250
-7 40 250
-6 40 250
-5 40 250
-4 40 250
-3 40 251
-2 40 251
-1 40 251
0 40 251
1 40 251
2 40 251
3 40 251
4 40 250
5 40 250
6 40 250
7 40 250
8 40 250
9 40 250
10 40 250
11 40 250
12 40 250
13 40 250
14 40 250
15 40 250
16 40 250
17 40 250
18 40 250
19 40 250
20 40 250
21 40 249
22 40 249
23 40 249
24 40 249
25 40 249
26 40 249
27 40 249
28 40 249
29 40 248
30 40 248
31 40 248
32 40 248
33 40 248
34 40 248
35 40 247
36 40 247
37 40 247
38 40 247
39 40 247
40 40 247
41 40 246
42 40 246
43 40 246
44 40 246
45 40 245
46 40 245
47 40 245
48 40 245
49 40 245
50 40 244
51 40 244
52 40 244
53 40 243
54 40 243
55 40 243
56 40 243
57 40 242
58 40 242
59 40 242
60 40 242
61 40 241
62 40 241
63 40 241
64 40 240
65 40 240
66 40 240
67 40 239
68 40 239
69 40 239
70 40 238
71 40 238
72 40 237
73 40 237
74 40 237
75 40 236
76 40 236
77 40 236
78 40 235
79 40 235
80 40 234
81 40 234
82 40 234
83 40 233
84 40 233
85 40 232
86 40 232
87 40 231
88 40 231
89 40 231
90 40 230
91 40 230
92 40 229
93 40 229
94 40 228
95 40 228
96 40 227
97 40 227
98 40 226
99 40 226
100 40 225
101 40 225
102 40 224
103 40 224
104 40 223
105 40 223
106 40 222
107 40 221
108 40 221
109 40 220
110 40 220
111 40 219
112 40 219
113 40 218
114 40 217
115 40 217
116 40 216
117 40 216
118 40 215
119 40 214
120 40 214
121 40 213
122 40 213
123 40 212
124 40 211
125 40 211
126 40 210
127 40 209
128 40 209
129 40 208
130 40 207
131 40 207
132 40 206
133 40 205
134 40 205
135 40 204
136 40 203
137 40 202
138 40 202
139 40 201
140 40 200
-140 41 200
-139 41 201
-138 41 201
-137 41 202
-136 41 203
-135 41 204
-134 41 204
-133 41 205
-132 41 206
-131 41 206
-130 41 207
-129 41 208
-128 41 208
-127 41 209
-126 41 210
-125 41 210
-124 41 211
-123 41 212
-122 41 212
-121 41 213
-120 41 214
-119 41 214
-118 41 215
-117 41 215
-116 41 216
-115 41 217
-114 41 217
-113 41 218
-112 41 218
-111 41 219
-110 41 220
-109 41 220
-108 41 221
-107 41 221
-106 41 222
-105 41 222
-104 41 223
-103 41 223
-102 41 224
-101 41 224
-100 41 225
-99 41 226
-98 41 226
-97 41 227
-96 41 227
-95 41 227
-94 41 228
-93 41 228
-92 41 229
-91 41 229
-90 41 230
-89 41 230
-88 41 231
-87 41 231
-86 41 232
-85 41 232
-84 41 233
-83 41 233
-82 41 233
-81 41 234
-80 41 234
-79 41 235
-78 41 235
-77 41 235
-76 41 236
-75 41 236
-74 41 237
-73 41 237
-72 41 237
-71 41 238
-70 41 238
-69 41 238
-68 41 239
-67 41 239
-66 41 239
-65 41 240
-64 41 240
-63 41 240
-62 41 241
-61 41 241
-60 41 241
-59 41 242
-58 41 242
-57 41 242
-56 41 242
-55 41 243
-54 41 243
-53 41 243
-52 41 244
-51 41 244
-50 41 244
-49 41 244
-48 41 245
-47 41 245
-46 41 245
-45 41 245
-44 41 245
-43 41 246
-42 41 246
-41 41 246
-40 41 246
-39 41 247
-38 41 247
-37 41 247
-36 41 247
-35 41 247
-34 41 247
-33 41 248
-32 41 248
-31 41 248
-30 41 248
-29 41 248
-28 41 248
-27 41 249
-26 41 249
-25 41 249
-24 41 249
-23 41 249
-22 41 249
-21 41 249
-20 41 249
-19 41 249
-18 41 250
-17 41 250
-16 41 250
-15 41 250
-14 41 250
-13 41 250
-12 41 250
-11 41 250
-10 41 250
-9 41 250
-8 41 250
-7 41 250
-6 41 250
-5 41 250
-4 41 250
-3 41 250
-2 41 250
-1 41 250
0 41 250
1 41 250
2 41 250
3 41 250
4 41 250
5 41 250
6 41 250
7 41 250
8 41 250
9 41 250
10 41 250
11 41 250
12 41 250
13 41 250
14 41 250
15 41 250
16 41 250
17 41 250
18 41 250
19 41 249
20 41 249
21 41 249
22 41 249
23 41 249
24 41 249
25 41 249
26 41 249
27 41 249
28 41 248
29 41 248
30 41 248
31 41 248
32 41 248
33 41 248
34 41 247
35 41 247
36 41 247
37 41 247
38 41 247
39 41 247
40 41 246
41 41 246
42 41 246
43 41 246
44 41 245
45 41 245
46 41 245
47 41 245
48 41 245
49 41 244
50 41 244
51 41 244
52 41 244
53 41 243
54 41 243
55 41 243
56 41 242
57 41 242
58 41 242
59 41 242
60 41 241
61 41 241
62 41 241
63 41 240
64 41 240
65 41 240
66 41 239
67 41 239
68 41 239
69 41 238
70 41 238
71 41 238
72 41 237
73 41 237
74 41 237
75 41 236
76 41 236
77 41 235
78 41 235
79 41 235
80 41 234
81 41 234
82 41 233
83 41 233
84 41 233
85 41 232
86 41 232
87 41 231
88 41 231
89 41 230
90 41 230
91 41 229
92 41 229
93 41 228
94 41 228
95 41 227
96 41 227
97 41 227
98 41 226
99 41 226
100 41 225
101 41 224
102 41 224
103 41 223
104 41 223
105 41 222
106 41 222
107 41 221
108 41 221
109 41 220
110 41 220
111 41 219
112 41 218
113 41 218
114 41 217
115 41 217
116 41 216
117 41 215
118 41 215
119 41 214
120 41 214
121 41 213
122 41 212
123 41 212
124 41 211
125 41 210
126 41 210
127 41 209
128 41 208
129 41 208
130 41 207
131 41 206
132 41 206
133 41 205
134 41 204
135 41 204
136 41 203
137 41 202
138 41 201
139 41 201
140 41 200
-140 42 200
-139 42 201
-138 42 201
-137 42 202
-136 42 203
-135 42 203
-134 42 204
-133 42 205
-132 42 205
-131 42 206
-130 42 207
-129 42 208
-128 42 208
-127 42 209
-126 42 210
-125 42 210
-124 42 211
-123 42 211
-122 42 212
-121 42 213
-120 42 213
-119 42 214
-118 42 215
-117 42 215
-116 42 216
-115 42 216
-114 42 217
-113 42 218
-112 42 218
-111 42 219
-110 42 219
-109 42 220
-108 42 220
-107 42 221
-106 42 222
-105 42 222
-104 42 223
-103 42 223
-102 42 224
-101 42 224
-100 42 225
-99 42 225
-98 42 226
-97 42 226
-96 42 227
-95 42 227
-94 42 228
-93 42 228
-92 42 229
-91 42 229
-90 42 230
-89 42 230
-88 42 231
-87 42 231
-86 42 231
-85 42 232
-84 42 232
-83 42 233
-82 42 233
-81 42 234
-80 42 234
-79 42 234
-78 42 235
-77 42 235
-76 42 236
-75 42 236
-74 42 236
-73 42 237
-72 42 237
-71 42 237
-70 42 238
-69 42 238
-68 42 239
-67 42 239
-66 42 239
-65 42 240
-64 42 240
-63 42 240
-62 42 240
-61 42 241
-60 42 241
-59 42 241
-58 42 242
-57 42 242
-56 42 242
-55 42 243
-54 42 243
-53 42 243
-52 42 243
-51 42 244
-50 42 244
-49 42 244
-48 42 244
-47 42 245
-46 42 245
-45 42 245
-44 42 245
-43 42 245
-42 42 246
-41 42 246
-40 42 246
-39 42 246
-38 42 247
-37 42 247
-36 42 247
-35 42 247
-34 42 247
-33 42 247
-32 42 248
-31 42 248
-30 42 248
-29 42 248
-28 42 248
-27 42 248
-26 42 248
-25 42 249
-24 42 249
-23 42 249
-22 42 249
-21 42 249
-20 42 249
-19 42 249
-18 42 249
-17 42 249
-16 42 249
-15 42 250
-14 42 250
-13 42 250
-12 42 250
-11 42 250
-10 42 250
-9 42 250
-8 42 250
-7 42 250
-6 42 250
-5 42 250
-4 42 250
-3 42 250
-2 42 250
-1 42 250
0 42 250
1 42 250
2 42 250
3 42 250
4 42 250
5 42 250
6 42 250
7 42 250
8 42 250
9 42 250
10 42 250
11 42 250
12 42 250
13 42 250
14 42 250
15 42 250
16 42 249
17 42 249
18 42 249
19 42 249
20 42 249
21 42 249
22 42 249
23 42 249
24 42 249
25 42 249
26 42 248
27 42 248
28 42 248
29 42 248
30 42 248
31 42 248
32 42 248
33 42 247
34 42 247
35 42 247
36 42 247
37 42 247
38 42 247
39 42 246
40 42 246
41 42 246
42 42 246
43 42 245
44 42 245
45 42 245
46 42 245
47 42 245
48 42 244
49 42 244
50 42 244
51 42 244
52 42 243
53 42 243
54 42 243
55 42 243
56 42 242
57 42 242
58 42 242
59 42 241
60 42 241
61 42 241
62 42 240
63 42 240
64 42 240
65 42 240
66 42 239
67 42 239
68 42 239
69 42 238
70 42 238
71 42 237
72 42 237
73 42 237
74 42 236
75 42 236
76 42 236
77 42 235
78 42 235
79 42 234
80 42 234
81 42 234
82 42 233
83 42 233
84 42 232
85 42 232
86 42 231
87 42 231
88 42 231
89 42 230
90 42 230
91 42 229
92 42 229
93 42 228
94 42 228
95 42 227
96 42 227
97 42 226
98 42 226
99 42 225
100 42 225
101 42 224
102 42 224
103 42 223
104 42 223
105 42 222
106 42 222
107 42 221
108 42 220
109 42 220
110 42 219
111 42 219
112 42 218
113 42 218
114 42 217
115 42 216
116 42 216
117 42 215
118 42 215
119 42 214
120 42 213
121 42 213
122 42 212
123 42 211
124 42 211
125 42 210
126 42 210
127 42 209
128 42 208
129 42 208
130 42 207
131 42 206
132 42 205
133 42 205
134 42 204
135 42 203
136 42 203
137 42 202
138 42 201
139 42 201
140 42 200
-140 43 200
-139 43 200
-138 43 201
-137 43 202
-136 43 202
-135 43 203
-134 43 204
-133 43 205
-132 43 205
-131 43 206
-130 43 207
-129 43 207
-128 43 208
-127 43 209
-126 43 209
-125 43 210
-124 43 211
-123 43 211
-122 43 212
-121 43 213
-120 43 213
-119 43 214
-118 43 214
-117 43 215
-116 43 216
-115 43 216
-114 43 217
-113 43 217
-112 43 218
-111 43 219
-110 43 219
-109 43 220
-108 43 220
-107 43 221
-106 43 221
-105 43 222
-104 43 222
-103 43 223
-102 43 224
-101 43 224
-100 43 225
-99 43 225
-98 43 226
-97 43 226
-96 43 227
-95 43 227
-94 43 228
-93 43 228
-92 43 229
-91 43 229
-90 43 229
-89 43 230
-88 43 230
-87 43 231
-86 43 231
-85 43 232
-84 43 232
-83 43 233
-82 43 233
-81 43 233
-80 43 234
-79 43 234
-78 43 235
-77 43 235
-76 43 235
-75 43 236
-74 43 236
-73 43 236
-72 43 237
-71 43 237
-70 43 238
-69 43 238
-68 43 238
-67 43 239
-66 43 239
-65 43 239
-64 43 240
-63 43 240
-62 43 240
-61 43 241
-60 43 241
-59 43 241
-58 43 241
-57 43 242
-56 43 242
-55 43 242
-54 43 243
-53 43 243
-52 43 243
-51 43 243
-50 43 244
-49 43 244
-48 43 244
-47 43 244
-46 43 245
-45 43 245
-44 43 245
-43 43 245
-42 43 245
-41 43 246
-40 43 246
-39 43 246
-38 43 246
-37 43 246
-36 43 247
-35 43 247
-34 43 247
-33 43 247
-32 43 247
-31 43 248
-30 43 248
-29 43 248
-28 43 248
-27 43 248
-26 43 248
-25 43 248
-24 43 248
-23 43 249
-22 43 249
-21 43 249
-20 43 249
-19 43 249
-18 43 249
-17 43 249
-16 43 249
-15 43 249
-14 43 249
-13 43 249
-12 43 250
-11 43 250
-10 43 250
-9 43 250
-8 43 250
-7 43 250
-6 43 250
-5 43 250
-4 43 250
-3 43 250
-2 43 250
-1 43 250
0 43 250
1 43 250
2 43 250
3 43 250
4 43 250
5 43 250
6 43 250
7 43 250
8 43 250
9 43 250
10 43 250
11 43 250
12 43 250
13 43 249
14 43 249
15 43 249
16 43 249
17 43 249
18 43 249
19 43 249
20 43 249
21 43 249
22 43 249
23 43 249
24 43 248
25 43 248
26 43 248
27 43 248
28 43 248
29 43 248
30 43 248
31 43 248
32 43 247
33 43 247
34 43 247
35 43 247
36 43 247
37 43 246
38 43 246
39 43 246
40 43 246
41 43 246
42 43 245
43 43 245
44 43 245
45 43 245
46 43 245
47 43 244
48 43 244
49 43 244
50 43 244
51 43 243
52 43 243
53 43 243
54 43 243
55 43 242
56 43 242
57 43 242
58 43 241
59 43 241
60 43 241
61 43 241
62 43 240
63 43 240
64 43 240
65 43 239
66 43 239
67 43 239
68 43 238
69 43 238
70 43 238
71 43 237
72 43 237
73 43 236
74 43 236
75 43 236
76 43 235
77 43 235
78 43 235
79 43 234
80 43 234
81 43 233
82 43 233
83 43 233
84 43 232
85 43 232
86 43 231
87 43 231
88 43 230
89 43 230
90 43 229
91 43 229
92 43 229
93 43 228
94 43 228
95 43 227
96 43 227
97 43 226
98 43 226
99 43 225
100 43 225
101 43 224
102 43 224
103 43 223
104 43 222
105 43 222
106 43 221
107 43 221
108 43 220
109 43 220
110 43 219
111 43 219
112 43 218
113 43 217
114 43 217
115 43 216
116 43 216
117 43 215
118 43 214
119 43 214
120 43 213
121 43 213
122 43 212
123 43 211
124 43 211
125 43 210
126 43 209
127 43 209
128 43 208
129 43 207
130 43 207
131 43 206
132 43 205
133 43 205
134 43 204
135 43 203
136 43 202
137 43 202
138 43 201
139 43 200
140 43 200
-139 44 200
-138 44 201
-137 44 202
-136 44 202
-135 44 203
-134 44 204
-133 44 204
-132 44 205
-131 44 206
-130 44 206
-129 44 207
-128 44 208
-127 44 208
-126 44 209
-125 44 210
-124 44 210
-123 44 211
-122 44 212
-121 44 212
-120 44 213
-119 44 214
-118 44 214
-117 44 215
-116 44 215
-115 44 216
-114 44 217
-113 44 217
-112 44 218
-111 44 218
-110 44 219
-109 44 219
-108 44 220
-107 44 221
-106 44 221
-105 44 222
-104 44 222
-103 44 223
-102 44 223
-101 44 224
-100 44 224
-99 44 225
-98 44 225
-97 44 226
-96 44 226
-95 44 227
-94 44 227
-93 44 228
-92 44 228
-91 44 229
-90 44 229
-89 44 230
-88 44 230
-87 44 231
-86 44 231
-85 44 231
-84 44 232
-83 44 232
-82 44 233
-81 44 233
-80 44 234
-79 44 234
-78 44 234
-77 44 235
-76 44 235
-75 44 236
-74 44 236
-73 44 236
-72 44 237
-71 44 237
-70 44 237
-69 44 238
-68 44 238
-67 44 238
-66 44 239
-65 44 239
-64 44 239
-63 44 240
-62 44 240
-61 44 240
-60 44 241
-59 44 241
-58 44 241
-57 44 242
-56 44 242
-55 44 242
-54 44 242
-53 44 243
-52 44 243
-51 44 243
-50 44 243
-49 44 244
-48 44 244
-47 44 244
-46 44 244
-45 44 245
-44 44 245
-43 44 245
-42 44 245
-41 44 245
-40 44 246
-39 44 246
-38 44 246
-37 44 246
-36 44 246
-35 44 247
-34 44 247
-33 44 247
-32 44 247
-31 44 247
-30 44 247
-29 44 248
-28 44 248
-27 44 248
-26 44 248
-25 44 248
-24 44 248
-23 44 248
-22 44 248
-21 44 249
-20 44 249
-19 44 249
-18 44 249
-17 44 249
-16 44 249
-15 44 249
-14 44 249
-13 44 249
-12 44 249
-11 44 249
-10 44 249
-9 44 249
-8 44 250
-7 44 250
-6 44 250
-5 44 250
-4 44 250
-3 44 250
-2 44 250
-1 44 250
0 44 250
1 44 250
2 44 250
3 44 250
4 44 250
5 44 250
6 44 250
7 44 250
8 44 250
9 44 249
10 44 249
11 44 249
12 44 249
13 44 249
14 44 249
15 44 249
16 44 249
17 44 249
18 44 249
19 44 249
20 44 249
21 44 249
22 44 248
23 44 248
24 44 248
25 44 248
26 44 248
27 44 248
28 44 248
29 44 248
30 44 247
31 44 247
32 44 247
33 44 247
34 44 247
35 44 247
36 44 246
37 44 246
38 44 246
39 44 246
40 44 246
41 44 245
42 44 245
43 44 245
44 44 245
45 44 245
46 44 244
47 44 244
48 44 244
49 44 244
50 44 243
51 44 243
52 44 243
53 44 243
54 44 242
55 44 242
56 44 242
57 44 242
58 44 241
59 44 241
60 44 241
61 44 240
62 44 240
63 44 240
64 44 239
65 44 239
66 44 239
67 44 238
68 44 238
69 44 238
70 44 237
71 44 237
72 44 237
73 44 236
74 44 236
75 44 236
76 44 235
77 44 235
78 44 234
79 44 234
80 44 234
81 44 233
82 44 233
83 44 232
84 44 232
85 44 231
86 44 231
87 44 231
88 44 230
89 44 230
90 44 229
91 44 229
92 44 228
93 44 228
94 44 227
95 44 227
96 44 226
97 44 226
98 44 225
99 44 225
100 44 224
101 44 224
102 44 223
103 44 223
104 44 222
105 44 222
106 44 221
107 44 221
108 44 220
109 44 219
110 44 219
111 44 218
112 44 218
113 44 217
114 44 217
115 44 216
116 44 215
117 44 215
118 44 214
119 44 214
120 44 213
121 44 212
122 44 212
123 44 211
124 44 210
125 44 210
126 44 209
127 44 208
128 44 208
129 44 207
130 44 206
131 44 206
132 44 205
133 44 204
134 44 204
135 44 203
136 44 202
137 44 202
138 44 201
139 44 200
-139 45 200
-138 45 201
-137 45 201
-136 45 202
-135 45 203
-134 45 203
-133 45 204
-132 45 205
-131 45 205
-130 45 206
-129 45 207
-128 45 208
-127 45 208
-126 45 209
-125 45 210
-124 45 210
-123 45 211
-122 45 211
-121 45 212
-120 45 213
-119 45 213
-118 45 214
-117 45 215
-116 45 215
-115 45 216
-114 45 216
-113 45 217
-112 45 218
-111 45 218
-110 45 219
-109 45 219
-108 45 220
-107 45 220
-106 45 221
-105 45 221
-104 45 222
-103 45 223
-102 45 223
-101 45 224
-100 45 224
-99 45 225
-98 45 225
-97 45 226
-96 45 226
-95 45 227
-94 45 227
-93 45 228
-92 45 228
-91 45 229
-90 45 229
-89 45 229
-88 45 230
-87 45 230
-86 45 231
-85 45 231
-84 45 232
-83 45 232
-82 45 233
-81 45 233
-80 45 233
-79 45 234
-78 45 234
-77 45 235
-76 45 235
-75 45 235
-74 45 236
-73 45 236
-72 45 236
-71 45 237
-70 45 237
-69 45 237
-68 45 238
-67 45 238
-66 45 239
-65 45 239
-64 45 239
-63 45 239
-62 45 240
-61 45 240
-60 45 240
-59 45 241
-58 45 241
-57 45 241
-56 45 242
-55 45 242
-54 45 242
-53 45 242
-52 45 243
-51 45 243
-50 45 243
-49 45 243
-48 45 244
-47 45 244
-46 45 244
-45 45 244
-44 45 245
-43 45 245
-42 45 245
-41 45 245
-40 45 245
-39 45 246
-38 45 246
-37 45 246
-36 45 246
-35 45 246
-34 45 247
-33 45 247
-32 45 247
-31 45 247
-30 45 247
-29 45 247
-28 45 248
-27 45 248
-26 45 248
-25 45 248
-24 45 248
-23 45 248
-22 45 248
-21 45 248
-20 45 248
-19 45 249
-18 45 249
-17 45 249
-16 45 249
-15 45 249
-14 45 249
-13 45 249
-12 45 249
-11 45 249
-10 45 249
-9 45 249
-8 45 249
-7 45 249
-6 45 249
-5 45 249
-4 45 249
-3 45 249
-2 45 249
-1 45 249
0 45 249
1 45 249
2 45 249
3 45 249
4 45 249
5 45 249
6 45 249
7 45 249
8 45 249
9 45 249
10 45 249
11 45 249
12 45 249
13 45 249
14 45 249
15 45 249
16 45 249
17 45 249
18 45 249
19 45 249
20 45 248
21 45 248
22 45 248
23 45 248
24 45 248
25 45 248
26 45 248
27 45 248
28 45 248
29 45 247
30 45 247
31 45 247
32 45 247
33 45 247
34 45 247
35 45 246
36 45 246
37 45 246
38 45 246
39 45 246
40 45 245
41 45 245
42 45 245
43 45 245
44 45 245
45 45 244
46 45 244
47 45 244
48 45 244
49 45 243
50 45 243
51 45 243
52 45 243
53 45 242
54 45 242
55 45 242
56 45 242
57 45 241
58 45 241
59 45 241
60 45 240
61 45 240
62 45 240
63 45 239
64 45 239
65 45 239
66 45 239
67 45 238
68 45 238
69 45 237
70 45 237
71 45 237
72 45 236
73 45 236
74 45 236
75 45 235
76 45 235
77 45 235
78 45 234
79 45 234
80 45 233
81 45 233
82 45 233
83 45 232
84 45 232
85 45 231
86 45 231
87 45 230
88 45 230
89 45 229
90 45 229
91 45 229
92 45 228
93 45 228
94 45 227
95 45 227
96 45 226
97 45 226
98 45 225
99 45 225
100 45 224
101 45 224
102 45 223
103 45 223
104 45 222
105 45 221
106 45 221
107 45 220
108 45 220
109 45 219
110 45 219
111 45 218
112 45 218
113 45 217
114 45 216
115 45 216
116 45 215
117 45 215
118 45 214
119 45 213
120 45 213
121 45 212
122 45 211
123 45 211
124 45 210
125 45 210
126 45 209
127 45 208
128 45 208
129 45 207
130 45 206
131 45 205
132 45 205
133 45 204
134 45 203
135 45 203
136 45 202
137 45 201
138 45 201
139 45 200
-139 46 200
-138 46 200
-137 46 201
-136 46 202
-135 46 202
-134 46 203
-133 46 204
-132 46 205
-131 46 205
-130 46 206
-129 46 207
-128 46 207
-127 46 208
-126 46 209
-125 46 209
-124 46 210
-123 46 211
-122 46 211
-121 46 212
-120 46 212
-119 46 213
-118 46 214
-117 46 214
-116 46 215
-115 46 216
-114 46 216
-113 46 217
-112 46 217
-111 46 218
-110 46 218
-109 46 219
-108 46 220
-107 46 220
-106 46 221
-105 46 221
-104 46 222
-103 46 222
-102 46 223
-101 46 223
-100 46 224
-99 46 224
-98 46 225
-97 46 225
-96 46 226
-95 46 226
-94 46 227
-93 46 227
-92 46 228
-91 46 228
-90 46 229
-89 46 229
-88 46 230
-87 46 230
-86 46 231
-85 46 231
-84 46 231
-83 46 232
-82 46 232
-81 46 233
-80 46 233
-79 46 234
-78 46 234
-77 46 234
-76 46 235
-75 46 235
-74 46 235
-73 46 236
-72 46 236
-71 46 237
-70 46 237
-69 46 237
-68 46 238
-67 46 238
-66 46 238
-65 46 239
-64 46 239
-63 46 239
-62 46 240
-61 46 240
-60 46 240
-59 46 241
-58 46 241
-57 46 241
-56 46 241
-55 46 242
-54 46 242
-53 46 242
-52 46 242
-51 46 243
-50 46 243
-49 46 243
-48 46 243
-47 46 244
-46 46 244
-45 46 244
-44 46 244
-43 46 245
-42 46 245
-41 46 245
-40 46 245
-39 46 245
-38 46 246
-37 46 246
-36 46 246
-35 46 246
-34 46 246
-33 46 247
-32 46 247
-31 46 247
-30 46 247
-29 46 247
-28 46 247
-27 46 247
-26 46 248
-25 46 248
-24 46 248
-23 46 248
-22 46 248
-21 46 248
-20 46 248
-19 46 248
-18 46 248
-17 46 249
-16 46 249
-15 46 249
-14 46 249
-13 46 249
-12 46 249
-11 46 249
-10 46 249
-9 46 249
-8 46 249
-7 46 249
-6 46 249
-5 46 249
-4 46 249
-3 46 249
-2 46 249
-1 46 249
0 46 249
1 46 249
2 46 249
3 46 249
4 46 249
5 46 249
6 46 249
7 46 249
8 46 249
9 46 249
10 46 249
11 46 249
12 46 249
13 46 249
14 46 249
15 46 249
16 46 249
17 46 249
18 46 248
19 46 248
20 46 248
21 46 248
22 46 248
23 46 248
24 46 248
25 46 248
26 46 248
27 46 247
28 46 247
29 46 247
30 46 247
31 46 247
32 46 247
33 46 247
34 46 246
35 46 246
36 46 246
37 46 246
38 46 246
39 46 245
40 46 245
41 46 245
42 46 245
43 46 245
44 46 244
45 46 244
46 46 244
47 46 244
48 46 243
49 46 243
50 46 243
51 46 243
52 46 242
53 46 242
54 46 242
55 46 242
56 46 241
57 46 241
58 46 241
59 46 241
60 46 240
61 46 240
62 46 240
63 46 239
64 46 239
65 46 239
66 46 238
67 46 238
68 46 238
69 46 237
70 46 237
71 46 237
72 46 236
73 46 236
74 46 235
75 46 235
76 46 235
77 46 234
78 46 234
79 46 234
80 46 233
81 46 233
82 46 232
83 46 232
84 46 231
85 46 231
86 46 231
87 46 230
88 46 230
89 46 229
90 46 229
91 46 228
92 46 228
93 46 227
94 46 227
95 46 226
96 46 226
97 46 225
98 46 225
99 46 224
100 46 224
101 46 223
102 46 223
103 46 222
104 46 222
105 46 221
106 46 221
107 46 220
108 46 220
109 46 219
110 46 218
111 46 218
112 46 217
113 46 217
114 46 216
115 46 216
116 46 215
117 46 214
118 46 214
119 46 213
120 46 212
121 46 212
122 46 211
123 46 211
124 46 210
125 46 209
126 46 209
127 46 208
128 46 207
129 46 207
130 46 206
131 46 205
132 46 205
133 46 204
134 46 203
135 46 202
136 46 202
137 46 201
138 46 200
139 46 200
-138 47 200
-137 47 201
-136 47 202
-135 47 202
-134 47 203
-133 47 204
-132 47 204
-131 47 205
-130 47 206
-129 47 206
-128 47 207
-127 47 208
-126 47 208
-125 47 209
-124 47 210
-123 47 210
-122 47 211
-121 47 212
-120 47 212
-119 47 213
-118 47 213
-117 47 214
-116 47 215
-115 47 215
-114 47 216
-113 47 216
-112 47 217
-111 47 218
-110 47 218
-109 47 219
-108 47 219
-107 47 220
-106 47 220
-105 47 221
-104 47 222
-103 47 222
-102 47 223
-101 47 223
-100 47 224
-99 47 224
-98 47 225
-97 47 225
-96 47 226
-95 47 226
-94 47 227
-93 47 227
-92 47 228
-91 47 228
-90 47 229
-89 47 229
-88 47 229
-87 47 230
-86 47 230
-85 47 231
-84 47 231
-83 47 232
-82 47 232
-81 47 232
-80 47 233
-79 47 233
-78 47 234
-77 47 234
-76 47 234
-75 47 235
-74 47 235
-73 47 236
-72 47 236
-71 47 236
-70 47 237
-69 47 237
-68 47 237
-67 47 238
-66 47 238
-65 47 238
-64 47 239
-63 47 239
-62 47 239
-61 47 240
-60 47 240
-59 47 240
-58 47 241
-57 47 241
-56 47 241
-55 47 241
-54 47 242
-53 47 242
-52 47 242
-51 47 242
-50 47 243
-49 47 243
-48 47 243
-47 47 243
-46 47 244
-45 47 244
-44 47 244
-43 47 244
-42 47 245
-41 47 245
-40 47 245
-39 47 245
-38 47 245
-37 47 246
-36 47 246
-35 47 246
-34 47 246
-33 47 246
-32 47 246
-31 47 247
-30 47 247
-29 47 247
-28 47 247
-27 47 247
-26 47 247
-25 47 247
-24 47 248
-23 47 248
-22 47 248
-21 47 248
-20 47 248
-19 47 248
-18 47 248
-17 47 248
-16 47 248
-15 47 248
-14 47 249
-13 47 249
-12 47 249
-11 47 249
-10 47 249
-9 47 249
-8 47 249
-7 47 249
-6 47 249
-5 47 249
-4 47 249
-3 47 249
-2 47 249
-1 47 249
0 47 249
1 47 249
2 47 249
3 47 249
4 47 249
5 47 249
6 47 249
7 47 249
8 47 249
9 47 249
10 47 249
11 47 249
12 47 249
13 47 249
14 47 249
15 47 248
16 47 248
17 47 248
18 47 248
19 47 248
20 47 248
21 47 248
22 47 248
23 47 248
24 47 248
25 47 247
26 47 247
27 47 247
28 47 247
29 47 247
30 47 247
31 47 247
32 47 246
33 47 246
34 47 246
35 47 246
36 47 246
37 47 246
38 47 245
39 47 245
40 47 245
41 47 245
42 47 245
43 47 244
44 47 244
45 47 244
46 47 244
47 47 243
48 47 243
49 47 243
50 47 243
51 47 242
52 47 242
53 47 242
54 47 242
55 47 241
56 47 241
57 47 241
58 47 241
59 47 240
60 47 240
61 47 240
62 47 239
63 47 239
64 47 239
65 47 238
66 47 238
67 47 238
68 47 237
69 47 237
70 47 237
71 47 236
72 47 236
73 47 236
74 47 235
75 47 235
76 47 234
77 47 234
78 47 234
79 47 233
80 47 233
81 47 232
82 47 232
83 47 232
84 47 231
85 47 231
86 47 230
87 47 230
88 47 229
89 47 229
90 47 229
91 47 228
92 47 228
93 47 227
94 47 227
95 47 226
96 47 226
97 47 225
98 47 225
99 47 224
100 47 224
101 47 223
102 47 223
103 47 222
104 47 222
105 47 221
106 47 220
107 47 220
108 47 219
109 47 219
110 47 218
111 47 218
112 47 217
113 47 216
114 47 216
115 47 215
116 47 215
117 47 214
118 47 213
119 47 213
120 47 212
121 47 212
122 47 211
123 47 210
124 47 210
125 47 209
126 47 208
127 47 208
128 47 207
129 47 206
130 47 206
131 47 205
132 47 204
133 47 204
134 47 203
135 47 202
136 47 202
137 47 201
138 47 200
-138 48 200
-137 48 201
-136 48 201
-135 48 202
-134 48 203
-133 48 203
-132 48 204
-131 48 205
-130 48 205
-129 48 206
-128 48 207
-127 48 207
-126 48 208
-125 48 209
-124 48 209
-123 48 210
-122 48 211
-121 48 211
-120 48 212
-119 48 213
-118 48 213
-117 48 214
-116 48 214
-115 48 215
-114 48 216
-113 48 216
-112 48 217
-111 48 217
-110 48 218
-109 48 219
-108 48 219
-107 48 220
-106 48 220
-105 48 221
-104 48 221
-103 48 222
-102 48 222
-101 48 223
-100 48 223
-99 48 224
-98 48 224
-97 48 225
-96 48 225
-95 48 226
-94 48 226
-93 48 227
-92 48 227
-91 48 228
-90 48 228
-89 48 229
-88 48 229
-87 48 230
-86 48 230
-85 48 231
-84 48 231
-83 48 231
-82 48 232
-81 48 232
-80 48 233
-79 48 233
-78 48 233
-77 48 234
-76 48 234
-75 48 235
-74 48 235
-73 48 235
-72 48 236
-71 48 236
-70 48 236
-69 48 237
-68 48 237
-67 48 237
-66 48 238
-65 48 238
-64 48 238
-63 48 239
-62 48 239
-61 48 239
-60 48 240
-59 48 240
-58 48 240
-57 48 241
-56 48 241
-55 48 241
-54 48 241
-53 48 242
-52 48 242
-51 48 242
-50 48 243
-49 48 243
-48 48 243
-47 48 243
-46 48 243
-45 48 244
-44 48 244
-43 48 244
-42 48 244
-41 48 245
-40 48 245
-39 48 245
-38 48 245
-37 48 245
-36 48 246
-35 48 246
-34 48 246
-33 48 246
-32 48 246
-31 48 246
-30 48 247
-29 48 247
-28 48 247
-27 48 247
-26 48 247
-25 48 247
-24 48 247
-23 48 247
-22 48 248
-21 48 248
-20 48 248
-19 48 248
-18 48 248
-17 48 248
-16 48 248
-15 48 248
-14 48 248
-13 48 248
-12 48 248
-11 48 248
-10 48 249
-9 48 249
-8 48 249
-7 48 249
-6 48 249
-5 48 249
-4 48 249
-3 48 249
-2 48 249
-1 48 249
0 48 249
1 48 249
2 48 249
3 48 249
4 48 249
5 48 249
6 48 249
7 48 249
8 48 249
9 48 249
10 48 249
11 48 248
12 48 248
13 48 248
14 48 248
15 48 248
16 48 248
17 48 248
18 48 248
19 48 248
20 48 248
21 48 248
22 48 248
23 48 247
24 48 247
25 48 247
26 48 247
27 48 247
28 48 247
29 48 247
30 48 247
31 48 246
32 48 246
33 48 246
34 48 246
35 48 246
36 48 246
37 48 245
38 48 245
39 48 245
40 48 245
41 48 245
42 48 244
43 48 244
44 48 244
45 48 244
46 48 243
47 48 243
48 48 243
49 48 243
50 48 243
51 48 242
52 48 242
53 48 242
54 48 241
55 48 241
56 48 241
57 48 241
58 48 240
59 48 240
60 48 240
61 48 239
62 48 239
63 48 239
64 48 238
65 48 238
66 48 238
67 48 237
68 48 237
69 48 237
70 48 236
71 48 236
72 48 236
73 48 235
74 48 235
75 48 235
76 48 234
77 48 234
78 48 233
79 48 233
80 48 233
81 48 232
82 48 232
83 48 231
84 48 231
85 48 231
86 48 230
87 48 230
88 48 229
89 48 229
90 48 228
91 48 228
92 48 227
93 48 227
94 48 226
95 48 226
96 48 225
97 48 225
98 48 224
99 48 224
100 48 223
101 48 223
102 48 222
103 48 222
104 48 221
105 48 221
106 48 220
107 48 220
108 48 219
109 48 219
110 48 218
111 48 217
112 48 217
113 48 216
114 48 216
115 48 215
116 48 214
117 48 214
118 48 213
119 48 213
120 48 212
121 48 211
122 48 211
123 48 210
124 48 209
125 48 209
126 48 208
127 48 207
128 48 207
129 48 206
130 48 205
131 48 205
132 48 204
133 48 203
134 48 203
135 48 202
136 48 201
137 48 201
138 48 200
-138 49 200
-137 49 200
-136 49 201
-135 49 202
-134 49 202
-133 49 203
-132 49 204
-131 49 205
-130 49 205
-129 49 206
-128 49 207
-127 49 207
-126 49 208
-125 49 209
-124 49 209
-123 49 210
-122 49 210
-121 49 211
-120 49 212
-119 49 212
-118 49 213
-117 49 214
-116 49 214
-115 49 215
-114 49 215
-113 49 216
-112 49 217
-111 49 217
-110 49 218
-109 49 218
-108 49 219
-107 49 219
-106 49 220
-105 49 220
-104 49 221
-103 49 222
-102 49 222
-101 49 223
-100 49 223
-99 49 224
-98 49 224
-97 49 225
-96 49 225
-95 49 226
-94 49 226
-93 49 227
-92 49 227
-91 49 228
-90 49 228
-89 49 228
-88 49 229
-87 49 229
-86 49 230
-85 49 230
-84 49 231
-83 49 231
-82 49 232
-81 49 232
-80 49 232
-79 49 233
-78 49 233
-77 49 234
-76 49 234
-75 49 234
-74 49 235
-73 49 235
-72 49 235
-71 49 236
-70 49 236
-69 49 237
-68 49 237
-67 49 237
-66 49 238
-65 49 238
-64 49 238
-63 49 239
-62 49 239
-61 49 239
-60 49 239
-59 49 240
-58 49 240
-57 49 240
-56 49 241
-55 49 241
-54 49 241
-53 49 241
-52 49 242
-51 49 242
-50 49 242
-49 49 243
-48 49 243
-47 49 243
-46 49 243
-45 49 243
-44 49 244
-43 49 244
-42 49 244
-41 49 244
-40 49 245
-39 49 245
-38 49 245
-37 49 245
-36 49 245
-35 49 245
-34 49 246
-33 49 246
-32 49 246
-31 49 246
-30 49 246
-29 49 246
-28 49 247
-27 49 247
-26 49 247
-25 49 247
-24 49 247
-23 49 247
-22 49 247
-21 49 247
-20 49 248
-19 49 248
-18 49 248
-17 49 248
-16 49 248
-15 49 248
-14 49 248
-13 49 248
-12 49 248
-11 49 248
-10 49 248
-9 49 248
-8 49 248
-7 49 248
-6 49 248
-5 49 248
-4 49 248
-3 49 249
-2 49 249
-1 49 249
0 49 249
1 49 249
2 49 249
3 49 249
4 49 248
5 49 248
6 49 248
7 49 248
8 49 248
9 49 248
10 49 248
11 49 248
12 49 248
13 49 248
14 49 248
15 49 248
16 49 248
17 49 248
18 49 248
19 49 248
20 49 248
21 49 247
22 49 247
23 49 247
24 49 247
25 49 247
26 49 247
27 49 247
28 49 247
29 49 246
30 49 246
31 49 246
32 49 246
33 49 246
34 49 246
35 49 245
36 49 245
37 49 245
38 49 245
39 49 245
40 49 245
41 49 244
42 49 244
43 49 244
44 49 244
45 49 243
46 49 243
47 49 243
48 49 243
49 49 243
50 49 242
51 49 242
52 49 242
53 49 241
54 49 241
55 49 241
56 49 241
57 49 240
58 49 240
59 49 240
60 49 239
61 49 239
62 49 239
63 49 239
64 49 238
65 49 238
66 49 238
67 49 237
68 49 237
69 49 237
70 49 236
71 49 236
72 49 235
73 49 235
74 49 235
75 49 234
76 49 234
77 49 234
78 49 233
79 49 233
80 49 232
81 49 232
82 49 232
83 49 231
84 49 231
85 49 230
86 49 230
87 49 229
88 49 229
89 49 228
90 49 228
91 49 228
92 49 227
93 49 227
94 49 226
95 49 226
96 49 225
97 49 225
98 49 224
99 49 224
100 49 223
101 49 223
102 49 222
103 49 222
104 49 221
105 49 220
106 49 220
107 49 219
108 49 219
109 49 218
110 49 218
111 49 217
112 49 217
113 49 216
114 49 215
115 49 215
116 49 214
117 49 214
118 49 213
119 49 212
120 49 212
121 49 211
122 49 210
123 49 210
124 49 209
125 49 209
126 49 208
127 49 207
128 49 207
129 49 206
130 49 205
131 49 205
132 49 204
133 49 203
134 49 202
135 49 202
136 49 201
137 49 200
138 49 200
-137 50 200
-136 50 201
-135 50 201
-134 50 202
-133 50 203
-132 50 204
-131 50 204
-130 50 205
-129 50 206
-128 50 206
-127 50 207
-126 50 208
-125 50 208
-124 50 209
-123 50 210
-122 50 210
-121 50 211
-120 50 211
-119 50 212
-118 50 213
-117 50 213
-116 50 214
-115 50 215
-114 50 215
-113 50 216
-112 50 216
-111 50 217
-110 50 217
-109 50 218
-108 50 219
-107 50 219
-106 50 220
-105 50 220
-104 50 221
-103 50 221
-102 50 222
-101 50 222
-100 50 223
-99 50 223
-98 50 224
-97 50 224
-96 50 225
-95 50 225
-94 50 226
-93 50 226
-92 50 227
-91 50 227
-90 50 228
-89 50 228
-88 50 229
-87 50 229
-86 50 230
-85 50 230
-84 50 230
-83 50 231
-82 50 231
-81 50 232
-80 50 232
-79 50 233
-78 50 233
-77 50 233
-76 50 234
-75 50 234
-74 50 234
-73 50 235
-72 50 235
-71 50 236
-70 50 236
-69 50 236
-68 50 237
-67 50 237
-66 50 237
-65 50 238
-64 50 238
-63 50 238
-62 50 239
-61 50 239
-60 50 239
-59 50 240
-58 50 240
-57 50 240
-56 50 240
-55 50 241
-54 50 241
-53 50 241
-52 50 241
-51 50 242
-50 50 242
-49 50 242
-48 50 243
-47 50 243
-46 50 243
-45 50 243
-44 50 243
-43 50 244
-42 50 244
-41 50 244
-40 50 244
-39 50 244
-38 50 245
-37 50 245
-36 50 245
-35 50 245
-34 50 245
-33 50 246
-32 50 246
-31 50 246
-30 50 246
-29 50 246
-28 50 246
-27 50 246
-26 50 247
-25 50 247
-24 50 247
-23 50 247
-22 50 247
-21 50 247
-20 50 247
-19 50 247
-18 50 247
-17 50 248
-16 50 248
-15 50 248
-14 50 248
-13 50 248
-12 50 248
-11 50 248
-10 50 248
-9 50 248
-8 50 248
-7 50 248
-6 50 248
-5 50 248
-4 50 248
-3 50 248
-2 50 248
-1 50 248
0 50 248
1 50 248
2 50 248
3 50 248
4 50 248
5 50 248
6 50 248
7 50 248
8 50 248
9 50 248
10 50 248
11 50 248
12 50 248
13 50 248
14 50 248
15 50 248
16 50 248
17 50 248
18 50 247
19 50 247
20 50 247
21 50 247
22 50 247
23 50 247
24 50 247
25 50 247
26 50 247
27 50 246
28 50 246
29 50 246
30 50 246
31 50 246
32 50 246
33 50 246
34 50 245
35 50 245
36 50 245
37 50 245
38 50 245
39 50 244
40 50 244
41 50 244
42 50 244
43 50 244
44 50 243
45 50 243
46 50 243
47 50 243
48 50 243
49 50 242
50 50 242
51 50 242
52 50 241
53 50 241
54 50 241
55 50 241
56 50 240
57 50 240
58 50 240
59 50 240
60 50 239
61 50 239
62 50 239
63 50 238
64 50 238
65 50 238
66 50 237
67 50 237
68 50 237
69 50 236
70 50 236
71 50 236
72 50 235
73 50 235
74 50 234
75 50 234
76 50 234
77 50 233
78 50 233
79 50 233
80 50 232
81 50 232
82 50 231
83 50 231
84 50 230
85 50 230
86 50 230
87 50 229
88 50 229
89 50 228
90 50 228
91 50 227
92 50 227
93 50 226
94 50 226
95 50 225
96 50 225
97 50 224
98 50 224
99 50 223
100 50 223
101 50 222
102 50 222
103 50 221
104 50 221
105 50 220
106 50 220
107 50 219
108 50 219
109 50 218
110 50 217
111 50 217
112 50 216
113 50 216
114 50 215
115 50 215
116 50 214
117 50 213
118 50 213
119 50 212
120 50 211
121 50 211
122 50 210
123 50 210
124 50 209
125 50 208
126 50 208
127 50 207
128 50 206
129 50 206
130 50 205
131 50 204
132 50 204
133 50 203
134 50 202
135 50 201
136 50 201
137 50 200
-137 51 200
-136 51 200
-135 51 201
-134 51 202
-133 51 203
-132 51 203
-131 51 204
-130 51 205
-129 51 205
-128 51 206
-127 51 207
-126 51 207
-125 51 208
-124 51 209
-123 51 209
-122 51 210
-121 51 211
-120 51 211
-119 51 212
-118 51 212
-117 51 213
-116 51 214
-115 51 214
-114 51 215
-113 51 215
-112 51 216
-111 51 217
-110 51 217
-109 51 218
-108 51 218
-107 51 219
-106 51 219
-105 51 220
-104 51 221
-103 51 221
-102 51 222
-101 51 222
-100 51 223
-99 51 223
-98 51 224
-97 51 224
-96 51 225
-95 51 225
-94 51 226
-93 51 226
-92 51 227
-91 51 227
-90 51 228
-89 51 228
-88 51 228
-87 51 229
-86 51 229
-85 51 230
-84 51 230
-83 51 231
-82 51 231
-81 51 231
-80 51 232
-79 51 232
-78 51 233
-77 51 233
-76 51 233
-75 51 234
-74 51 234
-73 51 235
-72 51 235
-71 51 235
-70 51 236
-69 51 236
-68 51 236
-67 51 237
-66 51 237
-65 51 237
-64 51 238
-63 51 238
-62 51 238
-61 51 239
-60 51 239
-59 51 239
-58 51 240
-57 51 240
-56 51 240
-55 51 240
-54 51 241
-53 51 241
-52 51 241
-51 51 241
-50 51 242
-49 51 242
-48 51 242
-47 51 242
-46 51 243
-45 51 243
-44 51 243
-43 51 243
-42 51 244
-41 51 244
-40 51 244
-39 51 244
-38 51 244
-37 51 245
-36 51 245
-35 51 245
-34 51 245
-33 51 245
-32 51 245
-31 51 246
-30 51 246
-29 51 246
-28 51 246
-27 51 246
-26 51 246
-25 51 246
-24 51 247
-23 51 247
-22 51 247
-21 51 247
-20 51 247
-19 51 247
-18 51 247
-17 51 247
-16 51 247
-15 51 247
-14 51 248
-13 51 248
-12 51 248
-11 51 248
-10 51 248
-9 51 248
-8 51 248
-7 51 248
-6 51 248
-5 51 248
-4 51 248
-3 51 248
-2 51 248
-1 51 248
0 51 248
1 51 248
2 51 248
3 51 248
4 51 248
5 51 248
6 51 248
7 51 248
8 51 248
9 51 248
10 51 248
11 51 248
12 51 248
13 51 248
14 51 248
15 51 247
16 51 247
17 51 247
18 51 247
19 51 247
20 51 247
21 51 247
22 51 247
23 51 247
24 51 247
25 51 246
26 51 246
27 51 246
28 51 246
29 51 246
30 51 246
31 51 246
32 51 245
33 51 245
34 51 245
35 51 245
36 51 245
37 51 245
38 51 244
39 51 244
40 51 244
41 51 244
42 51 244
43 51 243
44 51 243
45 51 243
46 51 243
47 51 242
48 51 242
49 51 242
50 51 242
51 51 241
52 51 241
53 51 241
54 51 241
55 51 240
56 51 240
57 51 240
58 51 240
59 51 239
60 51 239
61 51 239
62 51 238
63 51 238
64 51 238
65 51 237
66 51 237
67 51 237
68 51 236
69 51 236
70 51 236
71 51 235
72 51 235
73 51 235
74 51 234
75 51 234
76 51 233
77 51 233
78 51 233
79 51 232
80 51 232
81 51 231
82 51 231
83 51 231
84 51 230
85 51 230
86 51 229
87 51 229
88 51 228
89 51 228
90 51 228
91 51 227
92 51 227
93 51 226
94 51 226
95 51 225
96 51 225
97 51 224
98 51 224
99 51 223
100 51 223
101 51 222
102 51 222
103 51 221
104 51 221
105 51 220
106 51 219
107 51 219
108 51 218
109 51 218
110 51 217
111 51 217
112 51 216
113 51 215
114 51 215
115 51 214
116 51 214
117 51 213
118 51 212
119 51 212
120 51 211
121 51 211
122 51 210
123 51 209
124 51 209
125 51 208
126 51 207
127 51 207
128 51 206
129 51 205
130 51 205
131 51 204
132 51 203
133 51 203
134 51 202
135 51 201
136 51 200
137 51 200
-136 52 200
-135 52 201
-134 52 202
-133 52 202
-132 52 203
-131 52 204
-130 52 204
-129 52 205
-128 52 206
-127 52 206
-126 52 207
-125 52 208
-124 52 208
-123 52 209
-122 52 210
-121 52 210
-120 52 211
-119 52 212
-118 52 212
-117 52 213
-116 52 213
-115 52 214
-114 52 215
-113 52 215
-112 52 216
-111 52 216
-110 52 217
-109 52 217
-108 52 218
-107 52 219
-106 52 219
-105 52 220
-104 52 220
-103 52 221
-102 52 221
-101 52 222
-100 52 222
-99 52 223
-98 52 223
-97 52 224
-96 52 224
-95 52 225
-94 52 225
-93 52 226
-92 52 226
-91 52 227
-90 52 227
-89 52 228
-88 52 228
-87 52 229
-86 52 229
-85 52 229
-84 52 230
-83 52 230
-82 52 231
-81 52 231
-80 52 232
-79 52 232
-78 52 232
-77 52 233
-76 52 233
-75 52 234
-74 52 234
-73 52 234
-72 52 235
-71 52 235
-70 52 235
-69 52 236
-68 52 236
-67 52 236
-66 52 237
-65 52 237
-64 52 237
-63 52 238
-62 52 238
-61 52 238
-60 52 239
-59 52 239
-58 52 239
-57 52 240
-56 52 240
-55 52 240
-54 52 240
-53 52 241
-52 52 241
-51 52 241
-50 52 241
-49 52 242
-48 52 242
-47 52 242
-46 52 242
-45 52 243
-44 52 243
-43 52 243
-42 52 243
-41 52 244
-40 52 244
-39 52 244
-38 52 244
-37 52 244
-36 52 245
-35 52 245
-34 52 245
-33 52 245
-32 52 245
-31 52 245
-30 52 246
-29 52 246
-28 52 246
-27 52 246
-26 52 246
-25 52 246
-24 52 246
-23 52 246
-22 52 247
-21 52 247
-20 52 247
-19 52 247
-18 52 247
-17 52 247
-16 52 247
-15 52 247
-14 52 247
-13 52 247
-12 52 247
-11 52 247
-10 52 248
-9 52 248
-8 52 248
-7 52 248
-6 52 248
-5 52 248
-4 52 248
-3 52 248
-2 52 248
-1 52 248
0 52 248
1 52 248
2 52 248
3 52 248
4 52 248
5 52 248
6 52 248
7 52 248
8 52 248
9 52 248
10 52 248
11 52 247
12 52 247
13 52 247
14 52 247
15 52 247
16 52 247
17 52 247
18 52 247
19 52 247
20 52 247
21 52 247
22 52 247
23 52 246
24 52 246
25 52 246
26 52 246
27 52 246
28 52 246
29 52 246
30 52 246
31 52 245
32 52 245
33 52 245
34 52 245
35 52 245
36 52 245
37 52 244
38 52 244
39 52 244
40 52 244
41 52 244
42 52 243
43 52 243
44 52 243
45 52 243
46 52 242
47 52 242
48 52 242
49 52 242
50 52 241
51 52 241
52 52 241
53 52 241
54 52 240
55 52 240
56 52 240
57 52 240
58 52 239
59 52 239
60 52 239
61 52 238
62 52 238
63 52 238
64 52 237
65 52 237
66 52 237
67 52 236
68 52 236
69 52 236
70 52 235
71 52 235
72 52 235
73 52 234
74 52 234
75 52 234
76 52 233
77 52 233
78 52 232
79 52 232
80 52 232
81 52 231
82 52 231
83 52 230
84 52 230
85 52 229
86 52 229
87 52 229
88 52 228
89 52 228
90 52 227
91 52 227
92 52 226
93 52 226
94 52 225
95 52 225
96 52 224
97 52 224
98 52 223
99 52 223
100 52 222
101 52 222
102 52 221
103 52 221
104 52 220
105 52 220
106 52 219
107 52 219
108 52 218
109 52 217
110 52 217
111 52 216
112 52 216
113 52 215
114 52 215
115 52 214
116 52 213
117 52 213
118 52 212
119 52 212
120 52 211
121 52 210
122 52 210
123 52 209
124 52 208
125 52 208
126 52 207
127 52 206
128 52 206
129 52 205
130 52 204
131 52 204
132 52 203
133 52 202
134 52 202
135 52 201
136 52 200
-136 53 200
-135 53 201
-134 53 201
-133 53 202
-132 53 203
-131 53 203
-130 53 204
-129 53 205
-128 53 205
-127 53 206
-126 53 207
-125 53 207
-124 53 208
-123 53 209
-122 53 209
-121 53 210
-120 53 211
-119 53 211
-118 53 212
-117 53 213
-116 53 213
-115 53 214
-114 53 214
-113 53 215
-112 53 215
-111 53 216
-110 53 217
-109 53 217
-108 53 218
-107 53 218
-106 53 219
-105 53 219
-104 53 220
-103 53 221
-102 53 221
-101 53 222
-100 53 222
-99 53 223
-98 53 223
-97 53 224
-96 53 224
-95 53 225
-94 53 225
-93 53 226
-92 53 226
-91 53 227
-90 53 227
-89 53 227
-88 53 228
-87 53 228
-86 53 229
-85 53 229
-84 53 230
-83 53 230
-82 53 230
-81 53 231
-80 53 231
-79 53 232
-78 53 232
-77 53 233
-76 53 233
-75 53 233
-74 53 234
-73 53 234
-72 53 234
-71 53 235
-70 53 235
-69 53 236
-68 53 236
-67 53 236
-66 53 237
-65 53 237
-64 53 237
-63 53 238
-62 53 238
-61 53 238
-60 53 238
-59 53 239
-58 53 239
-57 53 239
-56 53 240
-55 53 240
-54 53 240
-53 53 240
-52 53 241
-51 53 241
-50 53 241
-49 53 241
-48 53 242
-47 53 242
-46 53 242
-45 53 242
-44 53 243
-43 53 243
-42 53 243
-41 53 243
-40 53 243
-39 53 244
-38 53 244
-37 53 244
-36 53 244
-35 53 244
-34 53 245
-33 53 245
-32 53 245
-31 53 245
-30 53 245
-29 53 245
-28 53 246
-27 53 246
-26 53 246
-25 53 246
-24 53 246
-23 53 246
-22 53 246
-21 53 246
-20 53 247
-19 53 247
-18 53 247
-17 53 247
-16 53 247
-15 53 247
-14 53 247
-13 53 247
-12 53 247
-11 53 247
-10 53 247
-9 53 247
-8 53 247
-7 53 247
-6 53 247
-5 53 247
-4 53 247
-3 53 247
-2 53 247
-1 53 248
0 53 248
1 53 248
2 53 247
3 53 247
4 53 247
5 53 247
6 53 247
7 53 247
8 53 247
9 53 247
10 53 247
11 53 247
12 53 247
13 53 247
14 53 247
15 53 247
16 53 247
17 53 247
18 53 247
19 53 247
20 53 247
21 53 246
22 53 246
23 53 246
24 53 246
25 53 246
26 53 246
27 53 246
28 53 246
29 53 245
30 53 245
31 53 245
32 53 245
33 53 245
34 53 245
35 53 244
36 53 244
37 53 244
38 53 244
39 53 244
40 53 243
41 53 243
42 53 243
43 53 243
44 53 243
45 53 242
46 53 242
47 53 242
48 53 242
49 53 241
50 53 241
51 53 241
52 53 241
53 53 240
54 53 240
55 53 240
56 53 240
57 53 239
58 53 239
59 53 239
60 53 238
61 53 238
62 53 238
63 53 238
64 53 237
65 53 237
66 53 237
67 53 236
68 53 236
69 53 236
70 53 235
71 53 235
72 53 234
73 53 234
74 53 234
75 53 233
76 53 233
77 53 233
78 53 232
79 53 232
80 53 231
81 53 231
82 53 230
83 53 230
84 53 230
85 53 229
86 53 229
87 53 228
88 53 228
89 53 227
90 53 227
91 53 227
92 53 226
93 53 226
94 53 225
95 53 225
96 53 224
97 53 224
98 53 223
99 53 223
100 53 222
101 53 222
102 53 221
103 53 221
104 53 220
105 53 219
106 53 219
107 53 218
108 53 218
109 53 217
110 53 217
111 53 216
112 53 215
113 53 215
114 53 214
115 53 214
116 53 213
117 53 213
118 53 212
119 53 211
120 53 211
121 53 210
122 53 209
123 53 209
124 53 208
125 53 207
126 53 207
127 53 206
128 53 205
129 53 205
130 53 204
131 53 203
132 53 203
133 53 202
134 53 201
135 53 201
136 53 200
-136 54 200
-135 54 200
-134 54 201
-133 54 202
-132 54 202
-131 54 203
-130 54 204
-129 54 205
-128 54 205
-127 54 206
-126 54 207
-125 54 207
-124 54 208
-123 54 208
-122 54 209
-121 54 210
-120 54 210
-119 54 211
-118 54 212
-117 54 212
-116 54 213
-115 54 213
-114 54 214
-113 54 215
-112 54 215
-111 54 216
-110 54 216
-109 54 217
-108 54 217
-107 54 218
-106 54 219
-105 54 219
-104 54 220
-103 54 220
-102 54 221
-101 54 221
-100 54 222
-99 54 222
-98 54 223
-97 54 223
-96 54 224
-95 54 224
-94 54 225
-93 54 225
-92 54 226
-91 54 226
-90 54 227
-89 54 227
-88 54 228
-87 54 228
-86 54 229
-85 54 229
-84 54 229
-83 54 230
-82 54 230
-81 54 231
-80 54 231
-79 54 231
-78 54 232
-77 54 232
-76 54 233
-75 54 233
-74 54 233
-73 54 234
-72 54 234
-71 54 235
-70 54 235
-69 54 235
-68 54 236
-67 54 236
-66 54 236
-65 54 237
-64 54 237
-63 54 237
-62 54 238
-61 54 238
-60 54 238
-59 54 238
-58 54 239
-57 54 239
-56 54 239
-55 54 240
-54 54 240
-53 54 240
-52 54 240
-51 54 241
-50 54 241
-49 54 241
-48 54 241
-47 54 242
-46 54 242
-45 54 242
-44 54 242
-43 54 243
-42 54 243
-41 54 243
-40 54 243
-39 54 243
-38 54 244
-37 54 244
-36 54 244
-35 54 244
-34 54 244
-33 54 245
-32 54 245
-31 54 245
-30 54 245
-29 54 245
-28 54 245
-27 54 245
-26 54 246
-25 54 246
-24 54 246
-23 54 246
-22 54 246
-21 54 246
-20 54 246
-19 54 246
-18 54 246
-17 54 247
-16 54 247
-15 54 247
-14 54 247
-13 54 247
-12 54 247
-11 54 247
-10 54 247
-9 54 247
-8 54 247
-7 54 247
-6 54 247
-5 54 247
-4 54 247
-3 54 247
-2 54 247
-1 54 247
0 54 247
1 54 247
2 54 247
3 54 247
4 54 247
5 54 247
6 54 247
7 54 247
8 54 247
9 54 247
10 54 247
11 54 247
12 54 247
13 54 247
14 54 247
15 54 247
16 54 247
17 54 247
18 54 246
19 54 246
20 54 246
21 54 246
22 54 246
23 54 246
24 54 246
25 54 246
26 54 246
27 54 245
28 54 245
29 54 245
30 54 245
31 54 245
32 54 245
33 54 245
34 54 244
35 54 244
36 54 244
37 54 244
38 54 244
39 54 243
40 54 243
41 54 243
42 54 243
43 54 243
44 54 242
45 54 242
46 54 242
47 54 242
48 54 241
49 54 241
50 54 241
51 54 241
52 54 240
53 54 240
54 54 240
55 54 240
56 54 239
57 54 239
58 54 239
59 54 238
60 54 238
61 54 238
62 54 238
63 54 237
64 54 237
65 54 237
66 54 236
67 54 236
68 54 236
69 54 235
70 54 235
71 54 235
72 54 234
73 54 234
74 54 233
75 54 233
76 54 233
77 54 232
78 54 232
79 54 231
80 54 231
81 54 231
82 54 230
83 54 230
84 54 229
85 54 229
86 54 229
87 54 228
88 54 228
89 54 227
90 54 227
91 54 226
92 54 226
93 54 225
94 54 225
95 54 224
96 54 224
97 54 223
98 54 223
99 54 222
100 54 222
101 54 221
102 54 221
103 54 220
104 54 220
105 54 219
106 54 219
107 54 218
108 54 217
109 54 217
110 54 216
111 54 216
112 54 215
113 54 215
114 54 214
115 54 213
116 54 213
117 54 212
118 54 212
119 54 211
120 54 210
121 54 210
122 54 209
123 54 208
124 54 208
125 54 207
126 54 207
127 54 206
128 54 205
129 54 205
130 54 204
131 54 203
132 54 202
133 54 202
134 54 201
135 54 200
136 54 200
-135 55 200
-134 55 201
-133 55 201
-132 55 202
-131 55 203
-130 55 204
-129 55 204
-128 55 205
-127 55 206
-126 55 206
-125 55 207
-124 55 208
-123 55 208
-122 55 209
-121 55 209
-120 55 210
-119 55 211
-118 55 211
-117 55 212
-116 55 213
-115 55 213
-114 55 214
-113 55 214
-112 55 215
-111 55 216
-110 55 216
-109 55 217
-108 55 217
-107 55 218
-106 55 218
-105 55 219
-104 55 219
-103 55 220
-102 55 220
-101 55 221
-100 55 222
-99 55 222
-98 55 223
-97 55 223
-96 55 224
-95 55 224
-94 55 225
-93 55 225
-92 55 225
-91 55 226
-90 55 226
-89 55 227
-88 55 227
-87 55 228
-86 55 228
-85 55 229
-84 55 229
-83 55 230
-82 55 230
-81 55 230
-80 55 231
-79 55 231
-78 55 232
-77 55 232
-76 55 232
-75 55 233
-74 55 233
-73 55 234
-72 55 234
-71 55 234
-70 55 235
-69 55 235
-68 55 235
-67 55 236
-66 55 236
-65 55 236
-64 55 237
-63 55 237
-62 55 237
-61 55 238
-60 55 238
-59 55 238
-58 55 238
-57 55 239
-56 55 239
-55 55 239
-54 55 240
-53 55 240
-52 55 240
-51 55 240
-50 55 241
-49 55 241
-48 55 241
-47 55 241
-46 55 242
-45 55 242
-44 55 242
-43 55 242
-42 55 243
-41 55 243
-40 55 243
-39 55 243
-38 55 243
-37 55 244
-36 55 244
-35 55 244
-34 55 244
-33 55 244
-32 55 244
-31 55 245
-30 55 245
-29 55 245
-28 55 245
-27 55 245
-26 55 245
-25 55 245
-24 55 246
-23 55 246
-22 55 246
-21 55 246
-20 55 246
-19 55 246
-18 55 246
-17 55 246
-16 55 246
-15 55 246
-14 55 246
-13 55 247
-12 55 247
-11 55 247
-10 55 247
-9 55 247
-8 55 247
-7 55 247
-6 55 247
-5 55 247
-4 55 247
-3 55 247
-2 55 247
-1 55 247
0 55 247
1 55 247
2 55 247
3 55 247
4 55 247
5 55 247
6 55 247
7 55 247
8 55 247
9 55 247
10 55 247
11 55 247
12 55 247
13 55 247
14 55 246
15 55 246
16 55 246
17 55 246
18 55 246
19 55 246
20 55 246
21 55 246
22 55 246
23 55 246
24 55 246
25 55 245
26 55 245
27 55 245
28 55 245
29 55 245
30 55 245
31 55 245
32 55 244
33 55 244
34 55 244
35 55 244
36 55 244
37 55 244
38 55 243
39 55 243
40 55 243
41 55 243
42 55 243
43 55 242
44 55 242
45 55 242
46 55 242
47 55 241
48 55 241
49 55 241
50 55 241
51 55 240
52 55 240
53 55 240
54 55 240
55 55 239
56 55 239
57 55 239
58 55 238
59 55 238
60 55 238
61 55 238
62 55 237
63 55 237
64 55 237
65 55 236
66 55 236
67 55 236
68 55 235
69 55 235
70 55 235
71 55 234
72 55 234
73 55 234
74 55 233
75 55 233
76 55 232
77 55 232
78 55 232
79 55 231
80 55 231
81 55 230
82 55 230
83 55 230
84 55 229
85 55 229
86 55 228
87 55 228
88 55 227
89 55 227
90 55 226
91 55 226
92 55 225
93 55 225
94 55 225
95 55 224
96 55 224
97 55 223
98 55 223
99 55 222
100 55 222
101 55 221
102 55 220
103 55 220
104 55 219
105 55 219
106 55 218
107 55 218
108 55 217
109 55 217
110 55 216
111 55 216
112 55 215
113 55 214
114 55 214
115 55 213
116 55 213
117 55 212
118 55 211
119 55 211
120 55 210
121 55 209
122 55 209
123 55 208
124 55 208
125 55 207
126 55 206
127 55 206
128 55 205
129 55 204
130 55 204
131 55 203
132 55 202
133 55 201
134 55 201
135 55 200
-135 56 200
-134 56 200
-133 56 201
-132 56 202
-131 56 203
-130 56 203
-129 56 204
-128 56 205
-127 56 205
-126 56 206
-125 56 207
-124 56 207
-123 56 208
-122 56 209
-121 56 209
-120 56 210
-119 56 210
-118 56 211
-117 56 212
-116 56 212
-115 56 213
-114 56 213
-113 56 214
-112 56 215
-111 56 215
-110 56 216
-109 56 216
-108 56 217
-107 56 217
-106 56 218
-105 56 219
-104 56 219
-103 56 220
-102 56 220
-101 56 221
-100 56 221
-99 56 222
-98 56 222
-97 56 223
-96 56 223
-95 56 224
-94 56 224
-93 56 225
-92 56 225
-91 56 226
-90 56 226
-89 56 227
-88 56 227
-87 56 227
-86 56 228
-85 56 228
-84 56 229
-83 56 229
-82 56 230
-81 56 230
-80 56 230
-79 56 231
-78 56 231
-77 56 232
-76 56 232
-75 56 232
-74 56 233
-73 56 233
-72 56 234
-71 56 234
-70 56 234
-69 56 235
-68 56 235
-67 56 235
-66 56 236
-65 56 236
-64 56 236
-63 56 237
-62 56 237
-61 56 237
-60 56 238
-59 56 238
-58 56 238
-57 56 239
-56 56 239
-55 56 239
-54 56 239
-53 56 240
-52 56 240
-51 56 240
-50 56 240
-49 56 241
-48 56 241
-47 56 241
-46 56 241
-45 56 242
-44 56 242
-43 56 242
-42 56 242
-41 56 242
-40 56 243
-39 56 243
-38 56 243
-37 56 243
-36 56 243
-35 56 244
-34 56 244
-33 56 244
-32 56 244
-31 56 244
-30 56 244
-29 56 245
-28 56 245
-27 56 245
-26 56 245
-25 56 245
-24 56 245
-23 56 245
-22 56 245
-21 56 246
-20 56 246
-19 56 246
-18 56 246
-17 56 246
-16 56 246
-15 56 246
-14 56 246
-13 56 246
-12 56 246
-11 56 246
-10 56 246
-9 56 246
-8 56 247
-7 56 247
-6 56 247
-5 56 247
-4 56 247
-3 56 247
-2 56 247
-1 56 247
0 56 247
1 56 247
2 56 247
3 56 247
4 56 247
5 56 247
6 56 247
7 56 247
8 56 247
9 56 246
10 56 246
11 56 246
12 56 246
13 56 246
14 56 246
15 56 246
16 56 246
17 56 246
18 56 246
19 56 246
20 56 246
21 56 246
22 56 245
23 56 245
24 56 245
25 56 245
26 56 245
27 56 245
28 56 245
29 56 245
30 56 244
31 56 244
32 56 244
33 56 244
34 56 244
35 56 244
36 56 243
37 56 243
38 56 243
39 56 243
40 56 243
41 56 242
42 56 242
43 56 242
44 56 242
45 56 242
46 56 241
47 56 241
48 56 241
49 56 241
50 56 240
51 56 240
52 56 240
53 56 240
54 56 239
55 56 239
56 56 239
57 56 239
58 56 238
59 56 238
60 56 238
61 56 237
62 56 237
63 56 237
64 56 236
65 56 236
66 56 236
67 56 235
68 56 235
69 56 235
70 56 234
71 56 234
72 56 234
73 56 233
74 56 233
75 56 232
76 56 232
77 56 232
78 56 231
79 56 231
80 56 230
81 56 230
82 56 230
83 56 229
84 56 229
85 56 228
86 56 228
87 56 227
88 56 227
89 56 227
90 56 226
91 56 226
92 56 225
93 56 225
94 56 224
95 56 224
96 56 223
97 56 223
98 56 222
99 56 222
100 56 221
101 56 221
102 56 220
103 56 220
104 56 219
105 56 219
106 56 218
107 56 217
108 56 217
109 56 216
110 56 216
111 56 215
112 56 215
113 56 214
114 56 213
115 56 213
116 56 212
117 56 212
118 56 211
119 56 210
120 56 210
121 56 209
122 56 209
123 56 208
124 56 207
125 56 207
126 56 206
127 56 205
128 56 205
129 56 204
130 56 203
131 56 203
132 56 202
133 56 201
134 56 200
135 56 200
-134 57 200
-133 57 201
-132 57 202
-131 57 202
-130 57 203
-129 57 204
-128 57 204
-127 57 205
-126 57 206
-125 57 206
-124 57 207
-123 57 208
-122 57 208
-121 57 209
-120 57 210
-119 57 210
-118 57 211
-117 57 211
-116 57 212
-115 57 213
-114 57 213
-113 57 214
-112 57 214
-111 57 215
-110 57 216
-109 57 216
-108 57 217
-107 57 217
-106 57 218
-105 57 218
-104 57 219
-103 57 219
-102 57 220
-101 57 220
-100 57 221
-99 57 221
-98 57 222
-97 57 222
-96 57 223
-95 57 223
-94 57 224
-93 57 224
-92 57 225
-91 57 225
-90 57 226
-89 57 226
-88 57 227
-87 57 227
-86 57 228
-85 57 228
-84 57 229
-83 57 229
-82 57 229
-81 57 230
-80 57 230
-79 57 231
-78 57 231
-77 57 231
-76 57 232
-75 57 232
-74 57 233
-73 57 233
-72 57 233
-71 57 234
-70 57 234
-69 57 234
-68 57 235
-67 57 235
-66 57 235
-65 57 236
-64 57 236
-63 57 236
-62 57 237
-61 57 237
-60 57 237
-59 57 238
-58 57 238
-57 57 238
-56 57 239
-55 57 239
-54 57 239
-53 57 239
-52 57 240
-51 57 240
-50 57 240
-49 57 240
-48 57 241
-47 57 241
-46 57 241
-45 57 241
-44 57 242
-43 57 242
-42 57 242
-41 57 242
-40 57 242
-39 57 243
-38 57 243
-37 57 243
-36 57 243
-35 57 243
-34 57 244
-33 57 244
-32 57 244
-31 57 244
-30 57 244
-29 57 244
-28 57 244
-27 57 245
-26 57 245
-25 57 245
-24 57 245
-23 57 245
-22 57 245
-21 57 245
-20 57 245
-19 57 246
-18 57 246
-17 57 246
-16 57 246
-15 57 246
-14 57 246
-13 57 246
-12 57 246
-11 57 246
-10 57 246
-9 57 246
-8 57 246
-7 57 246
-6 57 246
-5 57 246
-4 57 246
-3 57 246
-2 57 246
-1 57 246
0 57 246
1 57 246
2 57 246
3 57 246
4 57 246
5 57 246
6 57 246
7 57 246
8 57 246
9 57 246
10 57 246
11 57 246
12 57 246
13 57 246
14 57 246
15 57 246
16 57 246
17 57 246
18 57 246
19 57 246
20 57 245
21 57 245
22 57 245
23 57 245
24 57 245
25 57 245
26 57 245
27 57 245
28 57 244
29 57 244
30 57 244
31 57 244
32 57 244
33 57 244
34 57 244
35 57 243
36 57 243
37 57 243
38 57 243
39 57 243
40 57 242
41 57 242
42 57 242
43 57 242
44 57 242
45 57 241
46 57 241
47 57 241
48 57 241
49 57 240
50 57 240
51 57 240
52 57 240
53 57 239
54 57 239
55 57 239
56 57 239
57 57 238
58 57 238
59 57 238
60 57 237
61 57 237
62 57 237
63 57 236
64 57 236
65 57 236
66 57 235
67 57 235
68 57 235
69 57 234
70 57 234
71 57 234
72 57 233
73 57 233
74 57 233
75 57 232
76 57 232
77 57 231
78 57 231
79 57 231
80 57 230
81 57 230
82 57 229
83 57 229
84 57 229
85 57 228
86 57 228
87 57 227
88 57 227
89 57 226
90 57 226
91 57 225
92 57 225
93 57 224
94 57 224
95 57 223
96 57 223
97 57 222
98 57 222
99 57 221
100 57 221
101 57 220
102 57 220
103 57 219
104 57 219
105 57 218
106 57 218
107 57 217
108 57 217
109 57 216
110 57 216
111 57 215
112 57 214
113 57 214
114 57 213
115 57 213
116 57 212
117 57 211
118 57 211
119 57 210
120 57 210
121 57 209
122 57 208
123 57 208
124 57 207
125 57 206
126 57 206
127 57 205
128 57 204
129 57 204
130 57 203
131 57 202
132 57 202
133 57 201
134 57 200
-134 58 200
-133 58 201
-132 58 201
-131 58 202
-130 58 203
-129 58 203
-128 58 204
-127 58 205
-126 58 205
-125 58 206
-124 58 207
-123 58 207
-122 58 208
-121 58 209
-120 58 209
-119 58 210
-118 58 210
-117 58 211
-116 58 212
-115 58 212
-114 58 213
-113 58 213
-112 58 214
-111 58 215
-110 58 215
-109 58 216
-108 58 216
-107 58 217
-106 58 217
-105 58 218
-104 58 219
-103 58 219
-102 58 220
-101 58 220
-100 58 221
-99 58 221
-98 58 222
-97 58 222
-96 58 223
-95 58 223
-94 58 224
-93 58 224
-92 58 225
-91 58 225
-90 58 226
-89 58 226
-88 58 226
-87 58 227
-86 58 227
-85 58 228
-84 58 228
-83 58 229
-82 58 229
-81 58 229
-80 58 230
-79 58 230
-78 58 231
-77 58 231
-76 58 232
-75 58 232
-74 58 232
-73 58 233
-72 58 233
-71 58 233
-70 58 234
-69 58 234
-68 58 234
-67 58 235
-66 58 235
-65 58 235
-64 58 236
-63 58 236
-62 58 236
-61 58 237
-60 58 237
-59 58 237
-58 58 238
-57 58 238
-56 58 238
-55 58 238
-54 58 239
-53 58 239
-52 58 239
-51 58 240
-50 58 240
-49 58 240
-48 58 240
-47 58 241
-46 58 241
-45 58 241
-44 58 241
-43 58 241
-42 58 242
-41 58 242
-40 58 242
-39 58 242
-38 58 242
-37 58 243
-36 58 243
-35 58 243
-34 58 243
-33 58 243
-32 58 244
-31 58 244
-30 58 244
-29 58 244
-28 58 244
-27 58 244
-26 58 244
-25 58 245
-24 58 245
-23 58 245
-22 58 245
-21 58 245
-20 58 245
-19 58 245
-18 58 245
-17 58 245
-16 58 245
-15 58 246
-14 58 246
-13 58 246
-12 58 246
-11 58 246
-10 58 246
-9 58 246
-8 58 246
-7 58 246
-6 58 246
-5 58 246
-4 58 246
-3 58 246
-2 58 246
-1 58 246
0 58 246
1 58 246
2 58 246
3 58 246
4 58 246
5 58 246
6 58 246
7 58 246
8 58 246
9 58 246
10 58 246
11 58 246
12 58 246
13 58 246
14 58 246
15 58 246
16 58 245
17 58 245
18 58 245
19 58 245
20 58 245
21 58 245
22 58 245
23 58 245
24 58 245
25 58 245
26 58 244
27 58 244
28 58 244
29 58 244
30 58 244
31 58 244
32 58 244
33 58 243
34 58 243
35 58 243
36 58 243
37 58 243
38 58 242
39 58 242
40 58 242
41 58 242
42 58 242
43 58 241
44 58 241
45 58 241
46 58 241
47 58 241
48 58 240
49 58 240
50 58 240
51 58 240
52 58 239
53 58 239
54 58 239
55 58 238
56 58 238
57 58 238
58 58 238
59 58 237
60 58 237
61 58 237
62 58 236
63 58 236
64 58 236
65 58 235
66 58 235
67 58 235
68 58 234
69 58 234
70 58 234
71 58 233
72 58 233
73 58 233
74 58 232
75 58 232
76 58 232
77 58 231
78 58 231
79 58 230
80 58 230
81 58 229
82 58 229
83 58 229
84 58 228
85 58 228
86 58 227
87 58 227
88 58 226
89 58 226
90 58 226
91 58 225
92 58 225
93 58 224
94 58 224
95 58 223
96 58 223
97 58 222
98 58 222
99 58 221
100 58 221
101 58 220
102 58 220
103 58 219
104 58 219
105 58 218
106 58 217
107 58 217
108 58 216
109 58 216
110 58 215
111 58 215
112 58 214
113 58 213
114 58 213
115 58 212
116 58 212
117 58 211
118 58 210
119 58 210
120 58 209
121 58 209
122 58 208
123 58 207
124 58 207
125 58 206
126 58 205
127 58 205
128 58 204
129 58 203
130 58 203
131 58 202
132 58 201
133 58 201
134 58 200
-134 59 200
-133 59 200
-132 59 201
-131 59 202
-130 59 202
-129 59 203
-128 59 204
-127 59 204
-126 59 205
-125 59 206
-124 59 206
-123 59 207
-122 59 208
-121 59 208
-120 59 209
-119 59 210
-118 59 210
-117 59 211
-116 59 211
-115 59 212
-114 59 213
-113 59 213
-112 59 214
-111 59 214
-110 59 215
-109 59 215
-108 59 216
-107 59 217
-106 59 217
-105 59 218
-104 59 218
-103 59 219
-102 59 219
-101 59 220
-100 59 220
-99 59 221
-98 59 221
-97 59 222
-96 59 222
-95 59 223
-94 59 223
-93 59 224
-92 59 224
-91 59 225
-90 59 225
-89 59 226
-88 59 226
-87 59 227
-86 59 227
-85 59 227
-84 59 228
-83 59 228
-82 59 229
-81 59 229
-80 59 230
-79 59 230
-78 59 230
-77 59 231
-76 59 231
-75 59 232
-74 59 232
-73 59 232
-72 59 233
-71 59 233
-70 59 233
-69 59 234
-68 59 234
-67 59 234
-66 59 235
-65 59 235
-64 59 235
-63 59 236
-62 59 236
-61 59 236
-60 59 237
-59 59 237
-58 59 237
-57 59 238
-56 59 238
-55 59 238
-54 59 238
-53 59 239
-52 59 239
-51 59 239
-50 59 240
-49 59 240
-48 59 240
-47 59 240
-46 59 241
-45 59 241
-44 59 241
-43 59 241
-42 59 241
-41 59 242
-40 59 242
-39 59 242
-38 59 242
-37 59 242
-36 59 243
-35 59 243
-34 59 243
-33 59 243
-32 59 243
-31 59 243
-30 59 244
-29 59 244
-28 59 244
-27 59 244
-26 59 244
-25 59 244
-24 59 244
-23 59 244
-22 59 245
-21 59 245
-20 59 245
-19 59 245
-18 59 245
-17 59 245
-16 59 245
-15 59 245
-14 59 245
-13 59 245
-12 59 245
-11 59 246
-10 59 246
-9 59 246
-8 59 246
-7 59 246
-6 59 246
-5 59 246
-4 59 246
-3 59 246
-2 59 246
-1 59 246
0 59 246
1 59 246
2 59 246
3 59 246
4 59 246
5 59 246
6 59 246
7 59 246
8 59 246
9 59 246
10 59 246
11 59 246
12 59 245
13 59 245
14 59 245
15 59 245
16 59 245
17 59 245
18 59 245
19 59 245
20 59 245
21 59 245
22 59 245
23 59 244
24 59 244
25 59 244
26 59 244
27 59 244
28 59 244
29 59 244
30 59 244
31 59 243
32 59 243
33 59 243
34 59 243
35 59 243
36 59 243
37 59 242
38 59 242
39 59 242
40 59 242
41 59 242
42 59 241
43 59 241
44 59 241
45 59 241
46 59 241
47 59 240
48 59 240
49 59 240
50 59 240
51 59 239
52 59 239
53 59 239
54 59 238
55 59 238
56 59 238
57 59 238
58 59 237
59 59 237
60 59 237
61 59 236
62 59 236
63 59 236
64 59 235
65 59 235
66 59 235
67 59 234
68 59 234
69 59 234
70 59 233
71 59 233
72 59 233
73 59 232
74 59 232
75 59 232
76 59 231
77 59 231
78 59 230
79 59 230
80 59 230
81 59 229
82 59 229
83 59 228
84 59 228
85 59 227
86 59 227
87 59 227
88 59 226
89 59 226
90 59 225
91 59 225
92 59 224
93 59 224
94 59 223
95 59 223
96 59 222
97 59 222
98 59 221
99 59 221
100 59 220
101 59 220
102 59 219
103 59 219
104 59 218
105 59 218
106 59 217
107 59 217
108 59 216
109 59 215
110 59 215
111 59 214
112 59 214
113 59 213
114 59 213
115 59 212
116 59 211
117 59 211
118 59 210
119 59 210
120 59 209
121 59 208
122 59 208
123 59 207
124 59 206
125 59 206
126 59 205
127 59 204
128 59 204
129 59 203
130 59 202
131 59 202
132 59 201
133 59 200
134 59 200
-133 60 200
-132 60 201
-131 60 201
-130 60 202
-129 60 203
-128 60 203
-127 60 204
-126 60 205
-125 60 205
-124 60 206
-123 60 207
-122 60 207
-121 60 208
-120 60 209
-119 60 209
-118 60 210
-117 60 210
-116 60 211
-115 60 212
-114 60 212
-113 60 213
-112 60 213
-111 60 214
-110 60 215
-109 60 215
-108 60 216
-107 60 216
-106 60 217
-105 60 217
-104 60 218
-103 60 218
-102 60 219
-101 60 220
-100 60 220
-99 60 221
-98 60 221
-97 60 222
-96 60 222
-95 60 223
-94 60 223
-93 60 224
-92 60 224
-91 60 224
-90 60 225
-89 60 225
-88 60 226
-87 60 226
-86 60 227
-85 60 227
-84 60 228
-83 60 228
-82 60 228
-81 60 229
-80 60 229
-79 60 230
-78 60 230
-77 60 231
-76 60 231
-75 60 231
-74 60 232
-73 60 232
-72 60 232
-71 60 233
-70 60 233
-69 60 233
-68 60 234
-67 60 234
-66 60 235
-65 60 235
-64 60 235
-63 60 236
-62 60 236
-61 60 236
-60 60 236
-59 60 237
-58 60 237
-57 60 237
-56 60 238
-55 60 238
-54 60 238
-53 60 238
-52 60 239
-51 60 239
-50 60 239
-49 60 239
-48 60 240
-47 60 240
-46 60 240
-45 60 240
-44 60 241
-43 60 241
-42 60 241
-41 60 241
-40 60 242
-39 60 242
-38 60 242
-37 60 242
-36 60 242
-35 60 242
-34 60 243
-33 60 243
-32 60 243
-31 60 243
-30 60 243
-29 60 243
-28 60 244
-27 60 244
-26 60 244
-25 60 244
-24 60 244
-23 60 244
-22 60 244
-21 60 244
-20 60 245
-19 60 245
-18 60 245
-17 60 245
-16 60 245
-15 60 245
-14 60 245
-13 60 245
-12 60 245
-11 60 245
-10 60 245
-9 60 245
-8 60 245
-7 60 245
-6 60 245
-5 60 245
-4 60 245
-3 60 246
-2 60 246
-1 60 246
0 60 246
1 60 246
2 60 246
3 60 246
4 60 245
5 60 245
6 60 245
7 60 245
8 60 245
9 60 245
10 60 245
11 60 245
12 60 245
13 60 245
14 60 245
15 60 245
16 60 245
17 60 245
18 60 245
19 60 245
20 60 245
21 60 244
22 60 244
23 60 244
24 60 244
25 60 244
26 60 244
27 60 244
28 60 244
29 60 243
30 60 243
31 60 243
32 60 243
33 60 243
34 60 243
35 60 242
36 60 242
37 60 242
38 60 242
39 60 242
40 60 242
41 60 241
42 60 241
43 60 241
44 60 241
45 60 240
46 60 240
47 60 240
48 60 240
49 60 239
50 60 239
51 60 239
52 60 239
53 60 238
54 60 238
55 60 238
56 60 238
57 60 237
58 60 237
59 60 237
60 60 236
61 60 236
62 60 236
63 60 236
64 60 235
65 60 235
66 60 235
67 60 234
68 60 234
69 60 233
70 60 233
71 60 233
72 60 232
73 60 232
74 60 232
75 60 231
76 60 231
77 60 231
78 60 230
79 60 230
80 60 229
81 60 229
82 60 228
83 60 228
84 60 228
85 60 227
86 60 227
87 60 226
88 60 226
89 60 225
90 60 225
91 60 224
92 60 224
93 60 224
94 60 223
95 60 223
96 60 222
97 60 222
98 60 221
99 60 221
100 60 220
101 60 220
102 60 219
103 60 218
104 60 218
105 60 217
106 60 217
107 60 216
108 60 216
109 60 215
110 60 215
111 60 214
112 60 213
113 60 213
114 60 212
115 60 212
116 60 211
117 60 210
118 60 210
119 60 209
120 60 209
121 60 208
122 60 207
123 60 207
124 60 206
125 60 205
126 60 205
127 60 204
128 60 203
129 60 203
130 60 202
131 60 201
132 60 201
133 60 200
-133 61 200
-132 61 200
-131 61 201
-130 61 202
-129 61 202
-128 61 203
-127 61 204
-126 61 204
-125 61 205
-124 61 206
-123 61 206
-122 61 207
-121 61 208
-120 61 208
-119 61 209
-118 61 210
-117 61 210
-116 61 211
-115 61 211
-114 61 212
-113 61 213
-112 61 213
-111 61 214
-110 61 214
-109 61 215
-108 61 215
-107 61 216
-106 61 217
-105 61 217
-104 61 218
-103 61 218
-102 61 219
-101 61 219
-100 61 220
-99 61 220
-98 61 221
-97 61 221
-96 61 222
-95 61 222
-94 61 223
-93 61 223
-92 61 224
-91 61 224
-90 61 225
-89 61 225
-88 61 226
-87 61 226
-86 61 226
-85 61 227
-84 61 227
-83 61 228
-82 61 228
-81 61 229
-80 61 229
-79 61 229
-78 61 230
-77 61 230
-76 61 231
-75 61 231
-74 61 231
-73 61 232
-72 61 232
-71 61 232
-70 61 233
-69 61 233
-68 61 234
-67 61 234
-66 61 234
-65 61 235
-64 61 235
-63 61 235
-62 61 236
-61 61 236
-60 61 236
-59 61 236
-58 61 237
-57 61 237
-56 61 237
-55 61 238
-54 61 238
-53 61 238
-52 61 238
-51 61 239
-50 61 239
-49 61 239
-48 61 239
-47 61 240
-46 61 240
-45 61 240
-44 61 240
-43 61 241
-42 61 241
-41 61 241
-40 61 241
-39 61 241
-38 61 242
-37 61 242
-36 61 242
-35 61 242
-34 61 242
-33 61 242
-32 61 243
-31 61 243
-30 61 243
-29 61 243
-28 61 243
-27 61 243
-26 61 244
-25 61 244
-24 61 244
-23 61 244
-22 61 244
-21 61 244
-20 61 244
-19 61 244
-18 61 244
-17 61 244
-16 61 245
-15 61 245
-14 61 245
-13 61 245
-12 61 245
-11 61 245
-10 61 245
-9 61 245
-8 61 245
-7 61 245
-6 61 245
-5 61 245
-4 61 245
-3 61 245
-2 61 245
-1 61 245
0 61 245
1 61 245
2 61 245
3 61 245
4 61 245
5 61 245
6 61 245
7 61 245
8 61 245
9 61 245
10 61 245
11 61 245
12 61 245
13 61 245
14 61 245
15 61 245
16 61 245
17 61 244
18 61 244
19 61 244
20 61 244
21 61 244
22 61 244
23 61 244
24 61 244
25 61 244
26 61 244
27 61 243
28 61 243
29 61 243
30 61 243
31 61 243
32 61 243
33 61 242
34 61 242
35 61 242
36 61 242
37 61 242
38 61 242
39 61 241
40 61 241
41 61 241
42 61 241
43 61 241
44 61 240
45 61 240
46 61 240
47 61 240
48 61 239
49 61 239
50 61 239
51 61 239
52 61 238
53 61 238
54 61 238
55 61 238
56 61 237
57 61 237
58 61 237
59 61 236
60 61 236
61 61 236
62 61 236
63 61 235
64 61 235
65 61 235
66 61 234
67 61 234
68 61 234
69 61 233
70 61 233
71 61 232
72 61 232
73 61 232
74 61 231
75 61 231
76 61 231
77 61 230
78 61 230
79 61 229
80 61 229
81 61 229
82 61 228
83 61 228
84 61 227
85 61 227
86 61 226
87 61 226
88 61 226
89 61 225
90 61 225
91 61 224
92 61 224
93 61 223
94 61 223
95 61 222
96 61 222
97 61 221
98 61 221
99 61 220
100 61 220
101 61 219
102 61 219
103 61 218
104 61 218
105 61 217
106 61 217
107 61 216
108 61 215
109 61 215
110 61 214
111 61 214
112 61 213
113 61 213
114 61 212
115 61 211
116 61 211
117 61 210
118 61 210
119 61 209
120 61 208
121 61 208
122 61 207
123 61 206
124 61 206
125 61 205
126 61 204
127 61 204
128 61 203
129 61 202
130 61 202
131 61 201
132 61 200
133 61 200
-132 62 200
-131 62 201
-130 62 201
-129 62 202
-128 62 203
-127 62 203
-126 62 204
-125 62 205
-124 62 205
-123 62 206
-122 62 207
-121 62 207
-120 62 208
-119 62 209
-118 62 209
-117 62 210
-116 62 210
-115 62 211
-114 62 212
-113 62 212
-112 62 213
-111 62 213
-110 62 214
-109 62 215
-108 62 215
-107 62 216
-106 62 216
-105 62 217
-104 62 217
-103 62 218
-102 62 218
-101 62 219
-100 62 219
-99 62 220
-98 62 220
-97 62 221
-96 62 221
-95 62 222
-94 62 222
-93 62 223
-92 62 223
-91 62 224
-90 62 224
-89 62 225
-88 62 225
-87 62 226
-86 62 226
-85 62 227
-84 62 227
-83 62 227
-82 62 228
-81 62 228
-80 62 229
-79 62 229
-78 62 229
-77 62 230
-76 62 230
-75 62 231
-74 62 231
-73 62 231
-72 62 232
-71 62 232
-70 62 233
-69 62 233
-68 62 233
-67 62 234
-66 62 234
-65 62 234
-64 62 235
-63 62 235
-62 62 235
-61 62 236
-60 62 236
-59 62 236
-58 62 236
-57 62 237
-56 62 237
-55 62 237
-54 62 238
-53 62 238
-52 62 238
-51 62 238
-50 62 239
-49 62 239
-48 62 239
-47 62 239
-46 62 240
-45 62 240
-44 62 240
-43 62 240
-42 62 240
-41 62 241
-40 62 241
-39 62 241
-38 62 241
-37 62 241
-36 62 242
-35 62 242
-34 62 242
-33 62 242
-32 62 242
-31 62 242
-30 62 243
-29 62 243
-28 62 243
-27 62 243
-26 62 243
-25 62 243
-24 62 243
-23 62 244
-22 62 244
-21 62 244
-20 62 244
-19 62 244
-18 62 244
-17 62 244
-16 62 244
-15 62 244
-14 62 244
-13 62 244
-12 62 245
-11 62 245
-10 62 245
-9 62 245
-8 62 245
-7 62 245
-6 62 245
-5 62 245
-4 62 245
-3 62 245
-2 62 245
-1 62 245
0 62 245
1 62 245
2 62 245
3 62 245
4 62 245
5 62 245
6 62 245
7 62 245
8 62 245
9 62 245
10 62 245
11 62 245
12 62 245
13 62 244
14 62 244
15 62 244
16 62 244
17 62 244
18 62 244
19 62 244
20 62 244
21 62 244
22 62 244
23 62 244
24 62 243
25 62 243
26 62 243
27 62 243
28 62 243
29 62 243
30 62 243
31 62 242
32 62 242
33 62 242
34 62 242
35 62 242
36 62 242
37 62 241
38 62 241
39 62 241
40 62 241
41 62 241
42 62 240
43 62 240
44 62 240
45 62 240
46 62 240
47 62 239
48 62 239
49 62 239
50 62 239
51 62 238
52 62 238
53 62 238
54 62 238
55 62 237
56 62 237
57 62 237
58 62 236
59 62 236
60 62 236
61 62 236
62 62 235
63 62 235
64 62 235
65 62 234
66 62 234
67 62 234
68 62 233
69 62 233
70 62 233
71 62 232
72 62 232
73 62 231
74 62 231
75 62 231
76 62 230
77 62 230
78 62 229
79 62 229
80 62 229
81 62 228
82 62 228
83 62 227
84 62 227
85 62 227
86 62 226
87 62 226
88 62 225
89 62 225
90 62 224
91 62 224
92 62 223
93 62 223
94 62 222
95 62 222
96 62 221
97 62 221
98 62 220
99 62 220
100 62 219
101 62 219
102 62 218
103 62 218
104 62 217
105 62 217
106 62 216
107 62 216
108 62 215
109 62 215
110 62 214
111 62 213
112 62 213
113 62 212
114 62 212
115 62 211
116 62 210
117 62 210
118 62 209
119 62 209
120 62 208
121 62 207
122 62 207
123 62 206
124 62 205
125 62 205
126 62 204
127 62 203
128 62 203
129 62 202
130 62 201
131 62 201
132 62 200
-132 63 200
-131 63 200
-130 63 201
-129 63 202
-128 63 202
-127 63 203
-126 63 204
-125 63 204
-124 63 205
-123 63 206
-122 63 206
-121 63 207
-120 63 208
-119 63 208
-118 63 209
-117 63 209
-116 63 210
-115 63 211
-114 63 211
-113 63 212
-112 63 212
-111 63 213
-110 63 214
-109 63 214
-108 63 215
-107 63 215
-106 63 216
-105 63 216
-104 63 217
-103 63 218
-102 63 218
-101 63 219
-100 63 219
-99 63 220
-98 63 220
-97 63 221
-96 63 221
-95 63 222
-94 63 222
-93 63 223
-92 63 223
-91 63 224
-90 63 224
-89 63 224
-88 63 225
-87 63 225
-86 63 226
-85 63 226
-84 63 227
-83 63 227
-82 63 228
-81 63 228
-80 63 228
-79 63 229
-78 63 229
-77 63 230
-76 63 230
-75 63 230
-74 63 231
-73 63 231
-72 63 231
-71 63 232
-70 63 232
-69 63 233
-68 63 233
-67 63 233
-66 63 234
-65 63 234
-64 63 234
-63 63 235
-62 63 235
-61 63 235
-60 63 236
-59 63 236
-58 63 236
-57 63 236
-56 63 237
-55 63 237
-54 63 237
-53 63 238
-52 63 238
-51 63 238
-50 63 238
-49 63 239
-48 63 239
-47 63 239
-46 63 239
-45 63 239
-44 63 240
-43 63 240
-42 63 240
-41 63 240
-40 63 241
-39 63 241
-38 63 241
-37 63 241
-36 63 241
-35 63 242
-34 63 242
-33 63 242
-32 63 242
-31 63 242
-30 63 242
-29 63 242
-28 63 243
-27 63 243
-26 63 243
-25 63 243
-24 63 243
-23 63 243
-22 63 243
-21 63 243
-20 63 244
-19 63 244
-18 63 244
-17 63 244
-16 63 244
-15 63 244
-14 63 244
-13 63 244
-12 63 244
-11 63 244
-10 63 244
-9 63 244
-8 63 244
-7 63 244
-6 63 245
-5 63 245
-4 63 245
-3 63 245
-2 63 245
-1 63 245
0 63 245
1 63 245
2 63 245
3 63 245
4 63 245
5 63 245
6 63 245
7 63 244
8 63 244
9 63 244
10 63 244
11 63 244
12 63 244
13 63 244
14 63 244
15 63 244
16 63 244
17 63 244
18 63 244
19 63 244
20 63 244
21 63 243
22 63 243
23 63 243
24 63 243
25 63 243
26 63 243
27 63 243
28 63 243
29 63 242
30 63 242
31 63 242
32 63 242
33 63 242
34 63 242
35 63 242
36 63 241
37 63 241
38 63 241
39 63 241
40 63 241
41 63 240
42 63 240
43 63 240
44 63 240
45 63 239
46 63 239
47 63 239
48 63 239
49 63 239
50 63 238
51 63 238
52 63 238
53 63 238
54 63 237
55 63 237
56 63 237
57 63 236
58 63 236
59 63 236
60 63 236
61 63 235
62 63 235
63 63 235
64 63 234
65 63 234
66 63 234
67 63 233
68 63 233
69 63 233
70 63 232
71 63 232
72 63 231
73 63 231
74 63 231
75 63 230
76 63 230
77 63 230
78 63 229
79 63 229
80 63 228
81 63 228
82 63 228
83 63 227
84 63 227
85 63 226
86 63 226
87 63 225
88 63 225
89 63 224
90 63 224
91 63 224
92 63 223
93 63 223
94 63 222
95 63 222
96 63 221
97 63 221
98 63 220
99 63 220
100 63 219
101 63 219
102 63 218
103 63 218
104 63 217
105 63 216
106 63 216
107 63 215
108 63 215
109 63 214
110 63 214
111 63 213
112 63 212
113 63 212
114 63 211
115 63 211
116 63 210
117 63 209
118 63 209
119 63 208
120 63 208
121 63 207
122 63 206
123 63 206
124 63 205
125 63 204
126 63 204
127 63 203
128 63 202
129 63 202
130 63 201
131 63 200
132 63 200
-131 64 200
-130 64 201
-129 64 201
-128 64 202
-127 64 203
-126 64 203
-125 64 204
-124 64 205
-123 64 205
-122 64 206
-121 64 207
-120 64 207
-119 64 208
-118 64 209
-117 64 209
-116 64 210
-115 64 210
-114 64 211
-113 64 212
-112 64 212
-111 64 213
-110 64 213
-109 64 214
-108 64 214
-107 64 215
-106 64 216
-105 64 216
-104 64 217
-103 64 217
-102 64 218
-101 64 218
-100 64 219
-99 64 219
-98 64 220
-97 64 220
-96 64 221
-95 64 221
-94 64 222
-93 64 222
-92 64 223
-91 64 223
-90 64 224
-89 64 224
-88 64 225
-87 64 225
-86 64 225
-85 64 226
-84 64 226
-83 64 227
-82 64 227
-81 64 228
-80 64 228
-79 64 228
-78 64 229
-77 64 229
-76 64 230
-75 64 230
-74 64 230
-73 64 231
-72 64 231
-71 64 232
-70 64 232
-69 64 232
-68 64 233
-67 64 233
-66 64 233
-65 64 234
-64 64 234
-63 64 234
-62 64 235
-61 64 235
-60 64 235
-59 64 235
-58 64 236
-57 64 236
-56 64 236
-55 64 237
-54 64 237
-53 64 237
-52 64 237
-51 64 238
-50 64 238
-49 64 238
-48 64 238
-47 64 239
-46 64 239
-45 64 239
-44 64 239
-43 64 240
-42 64 240
-41 64 240
-40 64 240
-39 64 240
-38 64 241
-37 64 241
-36 64 241
-35 64 241
-34 64 241
-33 64 242
-32 64 242
-31 64 242
-30 64 242
-29 64 242
-28 64 242
-27 64 242
-26 64 243
-25 64 243
-24 64 243
-23 64 243
-22 64 243
-21 64 243
-20 64 243
-19 64 243
-18 64 243
-17 64 244
-16 64 244
-15 64 244
-14 64 244
-13 64 244
-12 64 244
-11 64 244
-10 64 244
-9 64 244
-8 64 244
-7 64 244
-6 64 244
-5 64 244
-4 64 244
-3 64 244
-2 64 244
-1 64 244
0 64 244
1 64 244
2 64 244
3 64 244
4 64 244
5 64 244
6 64 244
7 64 244
8 64 244
9 64 244
10 64 244
11 64 244
12 64 244
13 64 244
14 64 244
15 64 244
16 64 244
17 64 244
18 64 243
19 64 243
20 64 243
21 64 243
22 64 243
23 64 243
24 64 243
25 64 243
26 64 243
27 64 242
28 64 242
29 64 242
30 64 242
31 64 242
32 64 242
33 64 242
34 64 241
35 64 241
36 64 241
37 64 241
38 64 241
39 64 240
40 64 240
41 64 240
42 64 240
43 64 240
44 64 239
45 64 239
46 64 239
47 64 239
48 64 238
49 64 238
50 64 238
51 64 238
52 64 237
53 64 237
54 64 237
55 64 237
56 64 236
57 64 236
58 64 236
59 64 235
60 64 235
61 64 235
62 64 235
63 64 234
64 64 234
65 64 234
66 64 233
67 64 233
68 64 233
69 64 232
70 64 232
71 64 232
72 64 231
73 64 231
74 64 230
75 64 230
76 64 230
77 64 229
78 64 229
79 64 228
80 64 228
81 64 228
82 64 227
83 64 227
84 64 226
85 64 226
86 64 225
87 64 225
88 64 225
89 64 224
90 64 224
91 64 223
92 64 223
93 64 222
94 64 222
95 64 221
96 64 221
97 64 220
98 64 220
99 64 219
100 64 219
101 64 218
102 64 218
103 64 217
104 64 217
105 64 216
106 64 216
107 64 215
108 64 214
109 64 214
110 64 213
111 64 213
112 64 212
113 64 212
114 64 211
115 64 210
116 64 210
117 64 209
118 64 209
119 64 208
120 64 207
121 64 207
122 64 206
123 64 205
124 64 205
125 64 204
126 64 203
127 64 203
128 64 202
129 64 201
130 64 201
131 64 200
-131 65 200
-130 65 200
-129 65 201
-128 65 202
-127 65 202
-126 65 203
-125 65 204
-124 65 204
-123 65 205
-122 65 206
-121 65 206
-120 65 207
-119 65 208
-118 65 208
-117 65 209
-116 65 209
-115 65 210
-114 65 211
-113 65 211
-112 65 212
-111 65 212
-110 65 213
-109 65 214
-108 65 214
-107 65 215
-106 65 215
-105 65 216
-104 65 216
-103 65 217
-102 65 217
-101 65 218
-100 65 218
-99 65 219
-98 65 219
-97 65 220
-96 65 220
-95 65 221
-94 65 221
-93 65 222
-92 65 222
-91 65 223
-90 65 223
-89 65 224
-88 65 224
-87 65 225
-86 65 225
-85 65 226
-84 65 226
-83 65 226
-82 65 227
-81 65 227
-80 65 228
-79 65 228
-78 65 229
-77 65 229
-76 65 229
-75 65 230
-74 65 230
-73 65 230
-72 65 231
-71 65 231
-70 65 232
-69 65 232
-68 65 232
-67 65 233
-66 65 233
-65 65 233
-64 65 234
-63 65 234
-62 65 234
-61 65 235
-60 65 235
-59 65 235
-58 65 235
-57 65 236
-56 65 236
-55 65 236
-54 65 237
-53 65 237
-52 65 237
-51 65 237
-50 65 238
-49 65 238
-48 65 238
-47 65 238
-46 65 239
-45 65 239
-44 65 239
-43 65 239
-42 65 240
-41 65 240
-40 65 240
-39 65 240
-38 65 240
-37 65 241
-36 65 241
-35 65 241
-34 65 241
-33 65 241
-32 65 241
-31 65 242
-30 65 242
-29 65 242
-28 65 242
-27 65 242
-26 65 242
-25 65 242
-24 65 243
-23 65 243
-22 65 243
-21 65 243
-20 65 243
-19 65 243
-18 65 243
-17 65 243
-16 65 243
-15 65 243
-14 65 243
-13 65 244
-12 65 244
-11 65 244
-10 65 244
-9 65 244
-8 65 244
-7 65 244
-6 65 244
-5 65 244
-4 65 244
-3 65 244
-2 65 244
-1 65 244
0 65 244
1 65 244
2 65 244
3 65 244
4 65 244
5 65 244
6 65 244
7 65 244
8 65 244
9 65 244
10 65 244
11 65 244
12 65 244
13 65 244
14 65 243
15 65 243
16 65 243
17 65 243
18 65 243
19 65 243
20 65 243
21 65 243
22 65 243
23 65 243
24 65 243
25 65 242
26 65 242
27 65 242
28 65 242
29 65 242
30 65 242
31 65 242
32 65 241
33 65 241
34 65 241
35 65 241
36 65 241
37 65 241
38 65 240
39 65 240
40 65 240
41 65 240
42 65 240
43 65 239
44 65 239
45 65 239
46 65 239
47 65 238
48 65 238
49 65 238
50 65 238
51 65 237
52 65 237
53 65 237
54 65 237
55 65 236
56 65 236
57 65 236
58 65 235
59 65 235
60 65 235
61 65 235
62 65 234
63 65 234
64 65 234
65 65 233
66 65 233
67 65 233
68 65 232
69 65 232
70 65 232
71 65 231
72 65 231
73 65 230
74 65 230
75 65 230
76 65 229
77 65 229
78 65 229
79 65 228
80 65 228
81 65 227
82 65 227
83 65 226
84 65 226
85 65 226
86 65 225
87 65 225
88 65 224
89 65 224
90 65 223
91 65 223
92 65 222
93 65 222
94 65 221
95 65 221
96 65 220
97 65 220
98 65 219
99 65 219
100 65 218
101 65 218
102 65 217
103 65 217
104 65 216
105 65 216
106 65 215
107 65 215
108 65 214
109 65 214
110 65 213
111 65 212
112 65 212
113 65 211
114 65 211
115 65 210
116 65 209
117 65 209
118 65 208
119 65 208
120 65 207
121 65 206
122 65 206
123 65 205
124 65 204
125 65 204
126 65 203
127 65 202
128 65 202
129 65 201
130 65 200
131 65 200
-130 66 200
-129 66 201
-128 66 201
-127 66 202
-126 66 203
-125 66 203
-124 66 204
-123 66 205
-122 66 205
-121 66 206
-120 66 207
-119 66 207
-118 66 208
-117 66 208
-116 66 209
-115 66 210
-114 66 210
-113 66 211
-112 66 211
-111 66 212
-110 66 213
-109 66 213
-108 66 214
-107 66 214
-106 66 215
-105 66 215
-104 66 216
-103 66 217
-102 66 217
-101 66 218
-100 66 218
-99 66 219
-98 66 219
-97 66 220
-96 66 220
-95 66 221
-94 66 221
-93 66 222
-92 66 222
-91 66 223
-90 66 223
-89 66 223
-88 66 224
-87 66 224
-86 66 225
-85 66 225
-84 66 226
-83 66 226
-82 66 227
-81 66 227
-80 66 227
-79 66 228
-78 66 228
-77 66 229
-76 66 229
-75 66 229
-74 66 230
-73 66 230
-72 66 230
-71 66 231
-70 66 231
-69 66 232
-68 66 232
-67 66 232
-66 66 233
-65 66 233
-64 66 233
-63 66 234
-62 66 234
-61 66 234
-60 66 235
-59 66 235
-58 66 235
-57 66 235
-56 66 236
-55 66 236
-54 66 236
-53 66 237
-52 66 237
-51 66 237
-50 66 237
-49 66 238
-48 66 238
-47 66 238
-46 66 238
-45 66 239
-44 66 239
-43 66 239
-42 66 239
-41 66 239
-40 66 240
-39 66 240
-38 66 240
-37 66 240
-36 66 240
-35 66 241
-34 66 241
-33 66 241
-32 66 241
-31 66 241
-30 66 241
-29 66 242
-28 66 242
-27 66 242
-26 66 242
-25 66 242
-24 66 242
-23 66 242
-22 66 242
-21 66 243
-20 66 243
-19 66 243
-18 66 243
-17 66 243
-16 66 243
-15 66 243
-14 66 243
-13 66 243
-12 66 243
-11 66 243
-10 66 243
-9 66 243
-8 66 243
-7 66 244
-6 66 244
-5 66 244
-4 66 244
-3 66 244
-2 66 244
-1 66 244
0 66 244
1 66 244
2 66 244
3 66 244
4 66 244
5 66 244
6 66 244
7 66 244
8 66 243
9 66 243
10 66 243
11 66 243
12 66 243
13 66 243
14 66 243
15 66 243
16 66 243
17 66 243
18 66 243
19 66 243
20 66 243
21 66 243
22 66 242
23 66 242
24 66 242
25 66 242
26 66 242
27 66 242
28 66 242
29 66 242
30 66 241
31 66 241
32 66 241
33 66 241
34 66 241
35 66 241
36 66 240
37 66 240
38 66 240
39 66 240
40 66 240
41 66 239
42 66 239
43 66 239
44 66 239
45 66 239
46 66 238
47 66 238
48 66 238
49 66 238
50 66 237
51 66 237
52 66 237
53 66 237
54 66 236
55 66 236
56 66 236
57 66 235
58 66 235
59 66 235
60 66 235
61 66 234
62 66 234
63 66 234
64 66 233
65 66 233
66 66 233
67 66 232
68 66 232
69 66 232
70 66 231
71 66 231
72 66 230
73 66 230
74 66 230
75 66 229
76 66 229
77 66 229
78 66 228
79 66 228
80 66 227
81 66 227
82 66 227
83 66 226
84 66 226
85 66 225
86 66 225
87 66 224
88 66 224
89 66 223
90 66 223
91 66 223
92 66 222
93 66 222
94 66 221
95 66 221
96 66 220
97 66 220
98 66 219
99 66 219
100 66 218
101 66 218
102 66 217
103 66 217
104 66 216
105 66 215
106 66 215
107 66 214
108 66 214
109 66 213
110 66 213
111 66 212
112 66 211
113 66 211
114 66 210
115 66 210
116 66 209
117 66 208
118 66 208
119 66 207
120 66 207
121 66 206
122 66 205
123 66 205
124 66 204
125 66 203
126 66 203
127 66 202
128 66 201
129 66 201
130 66 200
-130 67 200
-129 67 200
-128 67 201
-127 67 202
-126 67 202
-125 67 203
-124 67 204
-123 67 204
-122 67 205
-121 67 206
-120 67 206
-119 67 207
-118 67 208
-117 67 208
-116 67 209
-115 67 209
-114 67 210
-113 67 211
-112 67 211
-111 67 212
-110 67 212
-109 67 213
-108 67 213
-107 67 214
-106 67 215
-105 67 215
-104 67 216
-103 67 216
-102 67 217
-101 67 217
-100 67 218
-99 67 218
-98 67 219
-97 67 219
-96 67 220
-95 67 220
-94 67 221
-93 67 221
-92 67 222
-91 67 222
-90 67 223
-89 67 223
-88 67 224
-87 67 224
-86 67 224
-85 67 225
-84 67 225
-83 67 226
-82 67 226
-81 67 227
-80 67 227
-79 67 227
-78 67 228
-77 67 228
-76 67 229
-75 67 229
-74 67 229
-73 67 230
-72 67 230
-71 67 231
-70 67 231
-69 67 231
-68 67 232
-67 67 232
-66 67 232
-65 67 233
-64 67 233
-63 67 233
-62 67 234
-61 67 234
-60 67 234
-59 67 234
-58 67 235
-57 67 235
-56 67 235
-55 67 236
-54 67 236
-53 67 236
-52 67 236
-51 67 237
-50 67 237
-49 67 237
-48 67 237
-47 67 238
-46 67 238
-45 67 238
-44 67 238
-43 67 239
-42 67 239
-41 67 239
-40 67 239
-39 67 239
-38 67 240
-37 67 240
-36 67 240
-35 67 240
-34 67 240
-33 67 241
-32 67 241
-31 67 241
-30 67 241
-29 67 241
-28 67 241
-27 67 241
-26 67 242
-25 67 242
-24 67 242
-23 67 242
-22 67 242
-21 67 242
-20 67 242
-19 67 242
-18 67 242
-17 67 243
-16 67 243
-15 67 243
-14 67 243
-13 67 243
-12 67 243
-11 67 243
-10 67 243
-9 67 243
-8 67 243
-7 67 243
-6 67 243
-5 67 243
-4 67 243
-3 67 243
-2 67 243
-1 67 243
0 67 243
1 67 243
2 67 243
3 67 243
4 67 243
5 67 243
6 67 243
7 67 243
8 67 243
9 67 243
10 67 243
11 67 243
12 67 243
13 67 243
14 67 243
15 67 243
16 67 243
17 67 243
18 67 242
19 67 242
20 67 242
21 67 242
22 67 242
23 67 242
24 67 242
25 67 242
26 67 242
27 67 241
28 67 241
29 67 241
30 67 241
31 67 241
32 67 241
33 67 241
34 67 240
35 67 240
36 67 240
37 67 240
38 67 240
39 67 239
40 67 239
41 67 239
42 67 239
43 67 239
44 67 238
45 67 238
46 67 238
47 67 238
48 67 237
49 67 237
50 67 237
51 67 237
52 67 236
53 67 236
54 67 236
55 67 236
56 67 235
57 67 235
58 67 235
59 67 234
60 67 234
61 67 234
62 67 234
63 67 233
64 67 233
65 67 233
66 67 232
67 67 232
68 67 232
69 67 231
70 67 231
71 67 231
72 67 230
73 67 230
74 67 229
75 67 229
76 67 229
77 67 228
78 67 228
79 67 227
80 67 227
81 67 227
82 67 226
83 67 226
84 67 225
85 67 225
86 67 224
87 67 224
88 67 224
89 67 223
90 67 223
91 67 222
92 67 222
93 67 221
94 67 221
95 67 220
96 67 220
97 67 219
98 67 219
99 67 218
100 67 218
101 67 217
102 67 217
103 67 216
104 67 216
105 67 215
106 67 215
107 67 214
108 67 213
109 67 213
110 67 212
111 67 212
112 67 211
113 67 211
114 67 210
115 67 209
116 67 209
117 67 208
118 67 208
119 67 207
120 67 206
121 67 206
122 67 205
123 67 204
124 67 204
125 67 203
126 67 202
127 67 202
128 67 201
129 67 200
130 67 200
-129 68 200
-128 68 201
-127 68 201
-126 68 202
-125 68 203
-124 68 203
-123 68 204
-122 68 205
-121 68 205
-120 68 206
-119 68 207
-118 68 207
-117 68 208
-116 68 208
-115 68 209
-114 68 210
-113 68 210
-112 68 211
-111 68 211
-110 68 212
-109 68 212
-108 68 213
-107 68 214
-106 68 214
-105 68 215
-104 68 215
-103 68 216
-102 68 216
-101 68 217
-100 68 217
-99 68 218
-98 68 218
-97 68 219
-96 68 219
-95 68 220
-94 68 220
-93 68 221
-92 68 221
-91 68 222
-90 68 222
-89 68 223
-88 68 223
-87 68 224
-86 68 224
-85 68 225
-84 68 225
-83 68 225
-82 68 226
-81 68 226
-80 68 227
-79 68 227
-78 68 227
-77 68 228
-76 68 228
-75 68 229
-74 68 229
-73 68 229
-72 68 230
-71 68 230
-70 68 231
-69 68 231
-68 68 231
-67 68 232
-66 68 232
-65 68 232
-64 68 233
-63 68 233
-62 68 233
-61 68 234
-60 68 234
-59 68 234
-58 68 234
-57 68 235
-56 68 235
-55 68 235
-54 68 236
-53 68 236
-52 68 236
-51 68 236
-50 68 237
-49 68 237
-48 68 237
-47 68 237
-46 68 238
-45 68 238
-44 68 238
-43 68 238
-42 68 239
-41 68 239
-40 68 239
-39 68 239
-38 68 239
-37 68 240
-36 68 240
-35 68 240
-34 68 240
-33 68 240
-32 68 240
-31 68 241
-30 68 241
-29 68 241
-28 68 241
-27 68 241
-26 68 241
-25 68 241
-24 68 242
-23 68 242
-22 68 242
-21 68 242
-20 68 242
-19 68 242
-18 68 242
-17 68 242
-16 68 242
-15 68 242
-14 68 242
-13 68 243
-12 68 243
-11 68 243
-10 68 243
-9 68 243
-8 68 243
-7 68 243
-6 68 243
-5 68 243
-4 68 243
-3 68 243
-2 68 243
-1 68 243
0 68 243
1 68 243
2 68 243
3 68 243
4 68 243
5 68 243
6 68 243
7 68 243
8 68 243
9 68 243
10 68 243
11 68 243
12 68 243
13 68 243
14 68 242
15 68 242
16 68 242
17 68 242
18 68 242
19 68 242
20 68 242
21 68 242
22 68 242
23 68 242
24 68 242
25 68 241
26 68 241
27 68 241
28 68 241
29 68 241
30 68 241
31 68 241
32 68 240
33 68 240
34 68 240
35 68 240
36 68 240
37 68 240
38 68 239
39 68 239
40 68 239
41 68 239
42 68 239
43 68 238
44 68 238
45 68 238
46 68 238
47 68 237
48 68 237
49 68 237
50 68 237
51 68 236
52 68 236
53 68 236
54 68 236
55 68 235
56 68 235
57 68 235
58 68 234
59 68 234
60 68 234
61 68 234
62 68 233
63 68 233
64 68 233
65 68 232
66 68 232
67 68 232
68 68 231
69 68 231
70 68 231
71 68 230
72 68 230
73 68 229
74 68 229
75 68 229
76 68 228
77 68 228
78 68 227
79 68 227
80 68 227
81 68 226
82 68 226
83 68 225
84 68 225
85 68 225
86 68 224
87 68 224
88 68 223
89 68 223
90 68 222
91 68 222
92 68 221
93 68 221
94 68 220
95 68 220
96 68 219
97 68 219
98 68 218
99 68 218
100 68 217
101 68 217
102 68 216
103 68 216
104 68 215
105 68 215
106 68 214
107 68 214
108 68 213
109 68 212
110 68 212
111 68 211
112 68 211
113 68 210
114 68 210
115 68 209
116 68 208
117 68 208
118 68 207
119 68 207
120 68 206
121 68 205
122 68 205
123 68 204
124 68 203
125 68 203
126 68 202
127 68 201
128 68 201
129 68 200
-129 69 200
-128 69 200
-127 69 201
-126 69 202
-125 69 202
-124 69 203
-123 69 204
-122 69 204
-121 69 205
-120 69 206
-119 69 206
-118 69 207
-117 69 207
-116 69 208
-115 69 209
-114 69 209
-113 69 210
-112 69 210
-111 69 211
-110 69 212
-109 69 212
-108 69 213
-107 69 213
-106 69 214
-105 69 214
-104 69 215
-103 69 215
-102 69 216
-101 69 217
-100 69 217
-99 69 218
-98 69 218
-97 69 219
-96 69 219
-95 69 220
-94 69 220
-93 69 221
-92 69 221
-91 69 221
-90 69 222
-89 69 222
-88 69 223
-87 69 223
-86 69 224
-85 69 224
-84 69 225
-83 69 225
-82 69 225
-81 69 226
-80 69 226
-79 69 227
-78 69 227
-77 69 228
-76 69 228
-75 69 228
-74 69 229
-73 69 229
-72 69 229
-71 69 230
-70 69 230
-69 69 231
-68 69 231
-67 69 231
-66 69 232
-65 69 232
-64 69 232
-63 69 233
-62 69 233
-61 69 233
-60 69 233
-59 69 234
-58 69 234
-57 69 234
-56 69 235
-55 69 235
-54 69 235
-53 69 236
-52 69 236
-51 69 236
-50 69 236
-49 69 237
-48 69 237
-47 69 237
-46 69 237
-45 69 237
-44 69 238
-43 69 238
-42 69 238
-41 69 238
-40 69 239
-39 69 239
-38 69 239
-37 69 239
-36 69 239
-35 69 240
-34 69 240
-33 69 240
-32 69 240
-31 69 240
-30 69 240
-29 69 240
-28 69 241
-27 69 241
-26 69 241
-25 69 241
-24 69 241
-23 69 241
-22 69 241
-21 69 242
-20 69 242
-19 69 242
-18 69 242
-17 69 242
-16 69 242
-15 69 242
-14 69 242
-13 69 242
-12 69 242
-11 69 242
-10 69 242
-9 69 242
-8 69 242
-7 69 242
-6 69 243
-5 69 243
-4 69 243
-3 69 243
-2 69 243
-1 69 243
0 69 243
1 69 243
2 69 243
3 69 243
4 69 243
5 69 243
6 69 243
7 69 242
8 69 242
9 69 242
10 69 242
11 69 242
12 69 242
13 69 242
14 69 242
15 69 242
16 69 242
17 69 242
18 69 242
19 69 242
20 69 242
21 69 242
22 69 241
23 69 241
24 69 241
25 69 241
26 69 241
27 69 241
28 69 241
29 69 240
30 69 240
31 69 240
32 69 240
33 69 240
34 69 240
35 69 240
36 69 239
37 69 239
38 69 239
39 69 239
40 69 239
41 69 238
42 69 238
43 69 238
44 69 238
45 69 237
46 69 237
47 69 237
48 69 237
49 69 237
50 69 236
51 69 236
52 69 236
53 69 236
54 69 235
55 69 235
56 69 235
57 69 234
58 69 234
59 69 234
60 69 233
61 69 233
62 69 233
63 69 233
64 69 232
65 69 232
66 69 232
67 69 231
68 69 231
69 69 231
70 69 230
71 69 230
72 69 229
73 69 229
74 69 229
75 69 228
76 69 228
77 69 228
78 69 227
79 69 227
80 69 226
81 69 226
82 69 225
83 69 225
84 69 225
85 69 224
86 69 224
87 69 223
88 69 223
89 69 222
90 69 222
91 69 221
92 69 221
93 69 221
94 69 220
95 69 220
96 69 219
97 69 219
98 69 218
99 69 218
100 69 217
101 69 217
102 69 216
103 69 215
104 69 215
105 69 214
106 69 214
107 69 213
108 69 213
109 69 212
110 69 212
111 69 211
112 69 210
113 69 210
114 69 209
115 69 209
116 69 208
117 69 207
118 69 207
119 69 206
120 69 206
121 69 205
122 69 204
123 69 204
124 69 203
125 69 202
126 69 202
127 69 201
128 69 200
129 69 200
-128 70 200
-127 70 201
-126 70 201
-125 70 202
-124 70 203
-123 70 203
-122 70 204
-121 70 205
-120 70 205
-119 70 206
-118 70 206
-117 70 207
-116 70 208
-115 70 208
-114 70 209
-113 70 209
-112 70 210
-111 70 211
-110 70 211
-109 70 212
-108 70 212
-107 70 213
-106 70 213
-105 70 214
-104 70 215
-103 70 215
-102 70 216
-101 70 216
-100 70 217
-99 70 217
-98 70 218
-97 70 218
-96 70 219
-95 70 219
-94 70 220
-93 70 220
-92 70 221
-91 70 221
-90 70 222
-89 70 222
-88 70 223
-87 70 223
-86 70 223
-85 70 224
-84 70 224
-83 70 225
-82 70 225
-81 70 226
-80 70 226
-79 70 226
-78 70 227
-77 70 227
-76 70 228
-75 70 228
-74 70 228
-73 70 229
-72 70 229
-71 70 229
-70 70 230
-69 70 230
-68 70 231
-67 70 231
-66 70 231
-65 70 232
-64 70 232
-63 70 232
-62 70 233
-61 70 233
-60 70 233
-59 70 233
-58 70 234
-57 70 234
-56 70 234
-55 70 235
-54 70 235
-53 70 235
-52 70 235
-51 70 236
-50 70 236
-49 70 236
-48 70 236
-47 70 237
-46 70 237
-45 70 237
-44 70 237
-43 70 238
-42 70 238
-41 70 238
-40 70 238
-39 70 238
-38 70 239
-37 70 239
-36 70 239
-35 70 239
-34 70 239
-33 70 240
-32 70 240
-31 70 240
-30 70 240
-29 70 240
-28 70 240
-27 70 240
-26 70 241
-25 70 241
-24 70 241
-23 70 241
-22 70 241
-21 70 241
-20 70 241
-19 70 241
-18 70 241
-17 70 242
-16 70 242
-15 70 242
-14 70 242
-13 70 242
-12 70 242
-11 70 242
-10 70 242
-9 70 242
-8 70 242
-7 70 242
-6 70 242
-5 70 242
-4 70 242
-3 70 242
-2 70 242
-1 70 242
0 70 242
1 70 242
2 70 242
3 70 242
4 70 242
5 70 242
6 70 242
7 70 242
8 70 242
9 70 242
10 70 242
11 70 242
12 70 242
13 70 242
14 70 242
15 70 242
16 70 242
17 70 242
18 70 241
19 70 241
20 70 241
21 70 241
22 70 241
23 70 241
24 70 241
25 70 241
26 70 241
27 70 240
28 70 240
29 70 240
30 70 240
31 70 240
32 70 240
33 70 240
34 70 239
35 70 239
36 70 239
37 70 239
38 70 239
39 70 238
40 70 238
41 70 238
42 70 238
43 70 238
44 70 237
45 70 237
46 70 237
47 70 237
48 70 236
49 70 236
50 70 236
51 70 236
52 70 235
53 70 235
54 70 235
55 70 235
56 70 234
57 70 234
58 70 234
59 70 233
60 70 233
61 70 233
62 70 233
63 70 232
64 70 232
65 70 232
66 70 231
67 70 231
68 70 231
69 70 230
70 70 230
71 70 229
72 70 229
73 70 229
74 70 228
75 70 228
76 70 228
77 70 227
78 70 227
79 70 226
80 70 226
81 70 226
82 70 225
83 70 225
84 70 224
85 70 224
86 70 223
87 70 223
88 70 223
89 70 222
90 70 222
91 70 221
92 70 221
93 70 220
94 70 220
95 70 219
96 70 219
97 70 218
98 70 218
99 70 217
100 70 217
101 70 216
102 70 216
103 70 215
104 70 215
105 70 214
106 70 213
107 70 213
108 70 212
109 70 212
110 70 211
111 70 211
112 70 210
113 70 209
114 70 209
115 70 208
116 70 208
117 70 207
118 70 206
119 70 206
120 70 205
121 70 205
122 70 204
123 70 203
124 70 203
125 70 202
126 70 201
127 70 201
128 70 200
-128 71 200
-127 71 200
-126 71 201
-125 71 202
-124 71 202
-123 71 203
-122 71 204
-121 71 204
-120 71 205
-119 71 205
-118 71 206
-117 71 207
-116 71 207
-115 71 208
-114 71 208
-113 71 209
-112 71 210
-111 71 210
-110 71 211
-109 71 211
-108 71 212
-107 71 213
-106 71 213
-105 71 214
-104 71 214
-103 71 215
-102 71 215
-101 71 216
-100 71 216
-99 71 217
-98 71 217
-97 71 218
-96 71 218
-95 71 219
-94 71 219
-93 71 220
-92 71 220
-91 71 221
-90 71 221
-89 71 222
-88 71 222
-87 71 223
-86 71 223
-85 71 223
-84 71 224
-83 71 224
-82 71 225
-81 71 225
-80 71 226
-79 71 226
-78 71 226
-77 71 227
-76 71 227
-75 71 228
-74 71 228
-73 71 228
-72 71 229
-71 71 229
-70 71 229
-69 71 230
-68 71 230
-67 71 231
-66 71 231
-65 71 231
-64 71 232
-63 71 232
-62 71 232
-61 71 232
-60 71 233
-59 71 233
-58 71 233
-57 71 234
-56 71 234
-55 71 234
-54 71 235
-53 71 235
-52 71 235
-51 71 235
-50 71 236
-49 71 236
-48 71 236
-47 71 236
-46 71 237
-45 71 237
-44 71 237
-43 71 237
-42 71 237
-41 71 238
-40 71 238
-39 71 238
-38 71 238
-37 71 238
-36 71 239
-35 71 239
-34 71 239
-33 71 239
-32 71 239
-31 71 239
-30 71 240
-29 71 240
-28 71 240
-27 71 240
-26 71 240
-25 71 240
-24 71 240
-23 71 241
-22 71 241
-21 71 241
-20 71 241
-19 71 241
-18 71 241
-17 71 241
-16 71 241
-15 71 241
-14 71 241
-13 71 241
-12 71 242
-11 71 242
-10 71 242
-9 71 242
-8 71 242
-7 71 242
-6 71 242
-5 71 242
-4 71 242
-3 71 242
-2 71 242
-1 71 242
0 71 242
1 71 242
2 71 242
3 71 242
4 71 242
5 71 242
6 71 242
7 71 242
8 71 242
9 71 242
10 71 242
11 71 242
12 71 242
13 71 241
14 71 241
15 71 241
16 71 241
17 71 241
18 71 241
19 71 241
20 71 241
21 71 241
22 71 241
23 71 241
24 71 240
25 71 240
26 71 240
27 71 240
28 71 240
29 71 240
30 71 240
31 71 239
32 71 239
33 71 239
34 71 239
35 71 239
36 71 239
37 71 238
38 71 238
39 71 238
40 71 238
41 71 238
42 71 237
43 71 237
44 71 237
45 71 237
46 71 237
47 71 236
48 71 236
49 71 236
50 71 236
51 71 235
52 71 235
53 71 235
54 71 235
55 71 234
56 71 234
57 71 234
58 71 233
59 71 233
60 71 233
61 71 232
62 71 232
63 71 232
64 71 232
65 71 231
66 71 231
67 71 231
68 71 230
69 71 230
70 71 229
71 71 229
72 71 229
73 71 228
74 71 228
75 71 228
76 71 227
77 71 227
78 71 226
79 71 226
80 71 226
81 71 225
82 71 225
83 71 224
84 71 224
85 71 223
86 71 223
87 71 223
88 71 222
89 71 222
90 71 221
91 71 221
92 71 220
93 71 220
94 71 219
95 71 219
96 71 218
97 71 218
98 71 217
99 71 217
100 71 216
101 71 216
102 71 215
103 71 215
104 71 214
105 71 214
106 71 213
107 71 213
108 71 212
109 71 211
110 71 211
111 71 210
112 71 210
113 71 209
114 71 208
115 71 208
116 71 207
117 71 207
118 71 206
119 71 205
120 71 205
121 71 204
122 71 204
123 71 203
124 71 202
125 71 202
126 71 201
127 71 200
128 71 200
-127 72 200
-126 72 201
-125 72 201
-124 72 202
-123 72 203
-122 72 203
-121 72 204
-120 72 204
-119 72 205
-118 72 206
-117 72 206
-116 72 207
-115 72 208
-114 72 208
-113 72 209
-112 72 209
-111 72 210
-110 72 210
-109 72 211
-108 72 212
-107 72 212
-106 72 213
-105 72 213
-104 72 214
-103 72 214
-102 72 215
-101 72 215
-100 72 216
-99 72 216
-98 72 217
-97 72 217
-96 72 218
-95 72 218
-94 72 219
-93 72 219
-92 72 220
-91 72 220
-90 72 221
-89 72 221
-88 72 222
-87 72 222
-86 72 223
-85 72 223
-84 72 224
-83 72 224
-82 72 224
-81 72 225
-80 72 225
-79 72 226
-78 72 226
-77 72 226
-76 72 227
-75 72 227
-74 72 228
-73 72 228
-72 72 228
-71 72 229
-70 72 229
-69 72 229
-68 72 230
-67 72 230
-66 72 230
-65 72 231
-64 72 231
-63 72 231
-62 72 232
-61 72 232
-60 72 232
-59 72 233
-58 72 233
-57 72 233
-56 72 234
-55 72 234
-54 72 234
-53 72 234
-52 72 235
-51 72 235
-50 72 235
-49 72 235
-48 72 236
-47 72 236
-46 72 236
-45 72 236
-44 72 237
-43 72 237
-42 72 237
-41 72 237
-40 72 237
-39 72 238
-38 72 238
-37 72 238
-36 72 238
-35 72 238
-34 72 239
-33 72 239
-32 72 239
-31 72 239
-30 72 239
-29 72 239
-28 72 240
-27 72 240
-26 72 240
-25 72 240
-24 72 240
-23 72 240
-22 72 240
-21 72 240
-20 72 241
-19 72 241
-18 72 241
-17 72 241
-16 72 241
-15 72 241
-14 72 241
-13 72 241
-12 72 241
-11 72 241
-10 72 241
-9 72 241
-8 72 241
-7 72 241
-6 72 241
-5 72 241
-4 72 242
-3 72 242
-2 72 242
-1 72 242
0 72 242
1 72 242
2 72 242
3 72 242
4 72 242
5 72 241
6 72 241
7 72 241
8 72 241
9 72 241
10 72 241
11 72 241
12 72 241
13 72 241
14 72 241
15 72 241
16 72 241
17 72 241
18 72 241
19 72 241
20 72 241
21 72 240
22 72 240
23 72 240
24 72 240
25 72 240
26 72 240
27 72 240
28 72 240
29 72 239
30 72 239
31 72 239
32 72 239
33 72 239
34 72 239
35 72 238
36 72 238
37 72 238
38 72 238
39 72 238
40 72 237
41 72 237
42 72 237
43 72 237
44 72 237
45 72 236
46 72 236
47 72 236
48 72 236
49 72 235
50 72 235
51 72 235
52 72 235
53 72 234
54 72 234
55 72 234
56 72 234
57 72 233
58 72 233
59 72 233
60 72 232
61 72 232
62 72 232
63 72 231
64 72 231
65 72 231
66 72 230
67 72 230
68 72 230
69 72 229
70 72 229
71 72 229
72 72 228
73 72 228
74 72 228
75 72 227
76 72 227
77 72 226
78 72 226
79 72 226
80 72 225
81 72 225
82 72 224
83 72 224
84 72 224
85 72 223
86 72 223
87 72 222
88 72 222
89 72 221
90 72 221
91 72 220
92 72 220
93 72 219
94 72 219
95 72 218
96 72 218
97 72 217
98 72 217
99 72 216
100 72 216
101 72 215
102 72 215
103 72 214
104 72 214
105 72 213
106 72 213
107 72 212
108 72 212
109 72 211
110 72 210
111 72 210
112 72 209
113 72 209
114 72 208
115 72 208
116 72 207
117 72 206
118 72 206
119 72 205
120 72 204
121 72 204
122 72 203
123 72 203
124 72 202
125 72 201
126 72 201
127 72 200
-127 73 200
-126 73 200
-125 73 201
-124 73 202
-123 73 202
-122 73 203
-121 73 203
-120 73 204
-119 73 205
-118 73 205
-117 73 206
-116 73 207
-115 73 207
-114 73 208
-113 73 208
-112 73 209
-111 73 210
-110 73 210
-109 73 211
-108 73 211
-107 73 212
-106 73 212
-105 73 213
-104 73 213
-103 73 214
-102 73 215
-101 73 215
-100 73 216
-99 73 216
-98 73 217
-97 73 217
-96 73 218
-95 73 218
-94 73 219
-93 73 219
-92 73 220
-91 73 220
-90 73 220
-89 73 221
-88 73 221
-87 73 222
-86 73 222
-85 73 223
-84 73 223
-83 73 224
-82 73 224
-81 73 224
-80 73 225
-79 73 225
-78 73 226
-77 73 226
-76 73 226
-75 73 227
-74 73 227
-73 73 228
-72 73 228
-71 73 228
-70 73 229
-69 73 229
-68 73 229
-67 73 230
-66 73 230
-65 73 230
-64 73 231
-63 73 231
-62 73 231
-61 73 232
-60 73 232
-59 73 232
-58 73 233
-57 73 233
-56 73 233
-55 73 234
-54 73 234
-53 73 234
-52 73 234
-51 73 235
-50 73 235
-49 73 235
-48 73 235
-47 73 236
-46 73 236
-45 73 236
-44 73 236
-43 73 236
-42 73 237
-41 73 237
-40 73 237
-39 73 237
-38 73 238
-37 73 238
-36 73 238
-35 73 238
-34 73 238
-33 73 238
-32 73 239
-31 73 239
-30 73 239
-29 73 239
-28 73 239
-27 73 239
-26 73 239
-25 73 240
-24 73 240
-23 73 240
-22 73 240
-21 73 240
-20 73 240
-19 73 240
-18 73 240
-17 73 240
-16 73 241
-15 73 241
-14 73 241
-13 73 241
-12 73 241
-11 73 241
-10 73 241
-9 73 241
-8 73 241
-7 73 241
-6 73 241
-5 73 241
-4 73 241
-3 73 241
-2 73 241
-1 73 241
0 73 241
1 73 241
2 73 241
3 73 241
4 73 241
5 73 241
6 73 241
7 73 241
8 73 241
9 73 241
10 73 241
11 73 241
12 73 241
13 73 241
14 73 241
15 73 241
16 73 241
17 73 240
18 73 240
19 73 240
20 73 240
21 73 240
22 73 240
23 73 240
24 73 240
25 73 240
26 73 239
27 73 239
28 73 239
29 73 239
30 73 239
31 73 239
32 73 239
33 73 238
34 73 238
35 73 238
36 73 238
37 73 238
38 73 238
39 73 237
40 73 237
41 73 237
42 73 237
43 73 236
44 73 236
45 73 236
46 73 236
47 73 236
48 73 235
49 73 235
50 73 235
51 73 235
52 73 234
53 73 234
54 73 234
55 73 234
56 73 233
57 73 233
58 73 233
59 73 232
60 73 232
61 73 232
62 73 231
63 73 231
64 73 231
65 73 230
66 73 230
67 73 230
68 73 229
69 73 229
70 73 229
71 73 228
72 73 228
73 73 228
74 73 227
75 73 227
76 73 226
77 73 226
78 73 226
79 73 225
80 73 225
81 73 224
82 73 224
83 73 224
84 73 223
85 73 223
86 73 222
87 73 222
88 73 221
89 73 221
90 73 220
91 73 220
92 73 220
93 73 219
94 73 219
95 73 218
96 73 218
97 73 217
98 73 217
99 73 216
100 73 216
101 73 215
102 73 215
103 73 214
104 73 213
105 73 213
106 73 212
107 73 212
108 73 211
109 73 211
110 73 210
111 73 210
112 73 209
113 73 208
114 73 208
115 73 207
116 73 207
117 73 206
118 73 205
119 73 205
120 73 204
121 73 203
122 73 203
123 73 202
124 73 202
125 73 201
126 73 200
127 73 200
-126 74 200
-125 74 200
-124 74 201
-123 74 202
-122 74 202
-121 74 203
-120 74 204
-119 74 204
-118 74 205
-117 74 206
-116 74 206
-115 74 207
-114 74 207
-113 74 208
-112 74 209
-111 74 209
-110 74 210
-109 74 210
-108 74 211
-107 74 211
-106 74 212
-105 74 213
-104 74 213
-103 74 214
-102 74 214
-101 74 215
-100 74 215
-99 74 216
-98 74 216
-97 74 217
-96 74 217
-95 74 218
-94 74 218
-93 74 219
-92 74 219
-91 74 220
-90 74 220
-89 74 221
-88 74 221
-87 74 221
-86 74 222
-85 74 222
-84 74 223
-83 74 223
-82 74 224
-81 74 224
-80 74 224
-79 74 225
-78 74 225
-77 74 226
-76 74 226
-75 74 226
-74 74 227
-73 74 227
-72 74 228
-71 74 228
-70 74 228
-69 74 229
-68 74 229
-67 74 229
-66 74 230
-65 74 230
-64 74 230
-63 74 231
-62 74 231
-61 74 231
-60 74 232
-59 74 232
-58 74 232
-57 74 233
-56 74 233
-55 74 233
-54 74 233
-53 74 234
-52 74 234
-51 74 234
-50 74 234
-49 74 235
-48 74 235
-47 74 235
-46 74 235
-45 74 236
-44 74 236
-43 74 236
-42 74 236
-41 74 237
-40 74 237
-39 74 237
-38 74 237
-37 74 237
-36 74 238
-35 74 238
-34 74 238
-33 74 238
-32 74 238
-31 74 238
-30 74 239
-29 74 239
-28 74 239
-27 74 239
-26 74 239
-25 74 239
-24 74 239
-23 74 239
-22 74 240
-21 74 240
-20 74 240
-19 74 240
-18 74 240
-17 74 240
-16 74 240
-15 74 240
-14 74 240
-13 74 240
-12 74 240
-11 74 241
-10 74 241
-9 74 241
-8 74 241
-7 74 241
-6 74 241
-5 74 241
-4 74 241
-3 74 241
-2 74 241
-1 74 241
0 74 241
1 74 241
2 74 241
3 74 241
4 74 241
5 74 241
6 74 241
7 74 241
8 74 241
9 74 241
10 74 241
11 74 241
12 74 240
13 74 240
14 74 240
15 74 240
16 74 240
17 74 240
18 74 240
19 74 240
20 74 240
21 74 240
22 74 240
23 74 239
24 74 239
25 74 239
26 74 239
27 74 239
28 74 239
29 74 239
30 74 239
31 74 238
32 74 238
33 74 238
34 74 238
35 74 238
36 74 238
37 74 237
38 74 237
39 74 237
40 74 237
41 74 237
42 74 236
43 74 236
44 74 236
45 74 236
46 74 235
47 74 235
48 74 235
49 74 235
50 74 234
51 74 234
52 74 234
53 74 234
54 74 233
55 74 233
56 74 233
57 74 233
58 74 232
59 74 232
60 74 232
61 74 231
62 74 231
63 74 231
64 74 230
65 74 230
66 74 230
67 74 229
68 74 229
69 74 229
70 74 228
71 74 228
72 74 228
73 74 227
74 74 227
75 74 226
76 74 226
77 74 226
78 74 225
79 74 225
80 74 224
81 74 224
82 74 224
83 74 223
84 74 223
85 74 222
86 74 222
87 74 221
88 74 221
89 74 221
90 74 220
91 74 220
92 74 219
93 74 219
94 74 218
95 74 218
96 74 217
97 74 217
98 74 216
99 74 216
100 74 215
101 74 215
102 74 214
103 74 214
104 74 213
105 74 213
106 74 212
107 74 211
108 74 211
109 74 210
110 74 210
111 74 209
112 74 209
113 74 208
114 74 207
115 74 207
116 74 206
117 74 206
118 74 205
119 74 204
120 74 204
121 74 203
122 74 202
123 74 202
124 74 201
125 74 200
126 74 200
-125 75 200
-124 75 201
-123 75 201
-122 75 202
-121 75 203
-120 75 203
-119 75 204
-118 75 205
-117 75 205
-116 75 206
-115 75 206
-114 75 207
-113 75 208
-112 75 208
-111 75 209
-110 75 209
-109 75 210
-108 75 210
-107 75 211
-106 75 212
-105 75 212
-104 75 213
-103 75 213
-102 75 214
-101 75 214
-100 75 215
-99 75 215
-98 75 216
-97 75 216
-96 75 217
-95 75 217
-94 75 218
-93 75 218
-92 75 219
-91 75 219
-90 75 220
-89 75 220
-88 75 221
-87 75 221
-86 75 222
-85 75 222
-84 75 222
-83 75 223
-82 75 223
-81 75 224
-80 75 224
-79 75 225
-78 75 225
-77 75 225
-76 75 226
-75 75 226
-74 75 226
-73 75 227
-72 75 227
-71 75 228
-70 75 228
-69 75 228
-68 75 229
-67 75 229
-66 75 229
-65 75 230
-64 75 230
-63 75 230
-62 75 231
-61 75 231
-60 75 231
-59 75 232
-58 75 232
-57 75 232
-56 75 232
-55 75 233
-54 75 233
-53 75 233
-52 75 234
-51 75 234
-50 75 234
-49 75 234
-48 75 235
-47 75 235
-46 75 235
-45 75 235
-44 75 236
-43 75 236
-42 75 236
-41 75 236
-40 75 236
-39 75 237
-38 75 237
-37 75 237
-36 75 237
-35 75 237
-34 75 238
-33 75 238
-32 75 238
-31 75 238
-30 75 238
-29 75 238
-28 75 238
-27 75 239
-26 75 239
-25 75 239
-24 75 239
-23 75 239
-22 75 239
-21 75 239
-20 75 239
-19 75 240
-18 75 240
-17 75 240
-16 75 240
-15 75 240
-14 75 240
-13 75 240
-12 75 240
-11 75 240
-10 75 240
-9 75 240
-8 75 240
-7 75 240
-6 75 240
-5 75 240
-4 75 240
-3 75 240
-2 75 240
-1 75 240
0 75 240
1 75 240
2 75 240
3 75 240
4 75 240
5 75 240
6 75 240
7 75 240
8 75 240
9 75 240
10 75 240
11 75 240
12 75 240
13 75 240
14 75 240
15 75 240
16 75 240
17 75 240
18 75 240
19 75 240
20 75 239
21 75 239
22 75 239
23 75 239
24 75 239
25 75 239
26 75 239
27 75 239
28 75 238
29 75 238
30 75 238
31 75 238
32 75 238
33 75 238
34 75 238
35 75 237
36 75 237
37 75 237
38 75 237
39 75 237
40 75 236
41 75 236
42 75 236
43 75 236
44 75 236
45 75 235
46 75 235
47 75 235
48 75 235
49 75 234
50 75 234
51 75 234
52 75 234
53 75 233
54 75 233
55 75 233
56 75 232
57 75 232
58 75 232
59 75 232
60 75 231
61 75 231
62 75 231
63 75 230
64 75 230
65 75 230
66 75 229
67 75 229
68 75 229
69 75 228
70 75 228
71 75 228
72 75 227
73 75 227
74 75 226
75 75 226
76 75 226
77 75 225
78 75 225
79 75 225
80 75 224
81 75 224
82 75 223
83 75 223
84 75 222
85 75 222
86 75 222
87 75 221
88 75 221
89 75 220
90 75 220
91 75 219
92 75 219
93 75 218
94 75 218
95 75 217
96 75 217
97 75 216
98 75 216
99 75 215
100 75 215
101 75 214
102 75 214
103 75 213
104 75 213
105 75 212
106 75 212
107 75 211
108 75 210
109 75 210
110 75 209
111 75 209
112 75 208
113 75 208
114 75 207
115 75 206
116 75 206
117 75 205
118 75 205
119 75 204
120 75 203
121 75 203
122 75 202
123 75 201
124 75 201
125 75 200
-125 76 200
-124 76 200
-123 76 201
-122 76 202
-121 76 202
-120 76 203
-119 76 204
-118 76 204
-117 76 205
-116 76 205
-115 76 206
-114 76 207
-113 76 207
-112 76 208
-111 76 208
-110 76 209
-109 76 209
-108 76 210
-107 76 211
-106 76 211
-105 76 212
-104 76 212
-103 76 213
-102 76 213
-101 76 214
-100 76 214
-99 76 215
-98 76 215
-97 76 216
-96 76 216
-95 76 217
-94 76 217
-93 76 218
-92 76 218
-91 76 219
-90 76 219
-89 76 220
-88 76 220
-87 76 221
-86 76 221
-85 76 222
-84 76 222
-83 76 222
-82 76 223
-81 76 223
-80 76 224
-79 76 224
-78 76 225
-77 76 225
-76 76 225
-75 76 226
-74 76 226
-73 76 226
-72 76 227
-71 76 227
-70 76 228
-69 76 228
-68 76 228
-67 76 229
-66 76 229
-65 76 229
-64 76 230
-63 76 230
-62 76 230
-61 76 231
-60 76 231
-59 76 231
-58 76 232
-57 76 232
-56 76 232
-55 76 232
-54 76 233
-53 76 233
-52 76 233
-51 76 233
-50 76 234
-49 76 234
-48 76 234
-47 76 234
-46 76 235
-45 76 235
-44 76 235
-43 76 235
-42 76 236
-41 76 236
-40 76 236
-39 76 236
-38 76 236
-37 76 237
-36 76 237
-35 76 237
-34 76 237
-33 76 237
-32 76 237
-31 76 238
-30 76 238
-29 76 238
-28 76 238
-27 76 238
-26 76 238
-25 76 238
-24 76 239
-23 76 239
-22 76 239
-21 76 239
-20 76 239
-19 76 239
-18 76 239
-17 76 239
-16 76 239
-15 76 239
-14 76 240
-13 76 240
-12 76 240
-11 76 240
-10 76 240
-9 76 240
-8 76 240
-7 76 240
-6 76 240
-5 76 240
-4 76 240
-3 76 240
-2 76 240
-1 76 240
0 76 240
1 76 240
2 76 240
3 76 240
4 76 240
5 76 240
6 76 240
7 76 240
8 76 240
9 76 240
10 76 240
11 76 240
12 76 240
13 76 240
14 76 240
15 76 239
16 76 239
17 76 239
18 76 239
19 76 239
20 76 239
21 76 239
22 76 239
23 76 239
24 76 239
25 76 238
26 76 238
27 76 238
28 76 238
29 76 238
30 76 238
31 76 238
32 76 237
33 76 237
34 76 237
35 76 237
36 76 237
37 76 237
38 76 236
39 76 236
40 76 236
41 76 236
42 76 236
43 76 235
44 76 235
45 76 235
46 76 235
47 76 234
48 76 234
49 76 234
50 76 234
51 76 233
52 76 233
53 76 233
54 76 233
55 76 232
56 76 232
57 76 232
58 76 232
59 76 231
60 76 231
61 76 231
62 76 230
63 76 230
64 76 230
65 76 229
66 76 229
67 76 229
68 76 228
69 76 228
70 76 228
71 76 227
72 76 227
73 76 226
74 76 226
75 76 226
76 76 225
77 76 225
78 76 225
79 76 224
80 76 224
81 76 223
82 76 223
83 76 222
84 76 222
85 76 222
86 76 221
87 76 221
88 76 220
89 76 220
90 76 219
91 76 219
92 76 218
93 76 218
94 76 217
95 76 217
96 76 216
97 76 216
98 76 215
99 76 215
100 76 214
101 76 214
102 76 213
103 76 213
104 76 212
105 76 212
106 76 211
107 76 211
108 76 210
109 76 209
110 76 209
111 76 208
112 76 208
113 76 207
114 76 207
115 76 206
116 76 205
117 76 205
118 76 204
119 76 204
120 76 203
121 76 202
122 76 202
123 76 201
124 76 200
125 76 200
-124 77 200
-123 77 201
-122 77 201
-121 77 202
-120 77 202
-119 77 203
-118 77 204
-117 77 204
-116 77 205
-115 77 206
-114 77 206
-113 77 207
-112 77 207
-111 77 208
-110 77 209
-109 77 209
-108 77 210
-107 77 210
-106 77 211
-105 77 211
-104 77 212
-103 77 212
-102 77 213
-101 77 213
-100 77 214
-99 77 215
-98 77 215
-97 77 216
-96 77 216
-95 77 217
-94 77 217
-93 77 218
-92 77 218
-91 77 218
-90 77 219
-89 77 219
-88 77 220
-87 77 220
-86 77 221
-85 77 221
-84 77 222
-83 77 222
-82 77 222
-81 77 223
-80 77 223
-79 77 224
-78 77 224
-77 77 225
-76 77 225
-75 77 225
-74 77 226
-73 77 226
-72 77 226
-71 77 227
-70 77 227
-69 77 228
-68 77 228
-67 77 228
-66 77 229
-65 77 229
-64 77 229
-63 77 230
-62 77 230
-61 77 230
-60 77 231
-59 77 231
-58 77 231
-57 77 231
-56 77 232
-55 77 232
-54 77 232
-53 77 233
-52 77 233
-51 77 233
-50 77 233
-49 77 234
-48 77 234
-47 77 234
-46 77 234
-45 77 235
-44 77 235
-43 77 235
-42 77 235
-41 77 235
-40 77 236
-39 77 236
-38 77 236
-37 77 236
-36 77 236
-35 77 237
-34 77 237
-33 77 237
-32 77 237
-31 77 237
-30 77 237
-29 77 238
-28 77 238
-27 77 238
-26 77 238
-25 77 238
-24 77 238
-23 77 238
-22 77 238
-21 77 239
-20 77 239
-19 77 239
-18 77 239
-17 77 239
-16 77 239
-15 77 239
-14 77 239
-13 77 239
-12 77 239
-11 77 239
-10 77 239
-9 77 239
-8 77 240
-7 77 240
-6 77 240
-5 77 240
-4 77 240
-3 77 240
-2 77 240
-1 77 240
0 77 240
1 77 240
2 77 240
3 77 240
4 77 240
5 77 240
6 77 240
7 77 240
8 77 240
9 77 239
10 77 239
11 77 239
12 77 239
13 77 239
14 77 239
15 77 239
16 77 239
17 77 239
18 77 239
19 77 239
20 77 239
21 77 239
22 77 238
23 77 238
24 77 238
25 77 238
26 77 238
27 77 238
28 77 238
29 77 238
30 77 237
31 77 237
32 77 237
33 77 237
34 77 237
35 77 237
36 77 236
37 77 236
38 77 236
39 77 236
40 77 236
41 77 235
42 77 235
43 77 235
44 77 235
45 77 235
46 77 234
47 77 234
48 77 234
49 77 234
50 77 233
51 77 233
52 77 233
53 77 233
54 77 232
55 77 232
56 77 232
57 77 231
58 77 231
59 77 231
60 77 231
61 77 230
62 77 230
63 77 230
64 77 229
65 77 229
66 77 229
67 77 228
68 77 228
69 77 228
70 77 227
71 77 227
72 77 226
73 77 226
74 77 226
75 77 225
76 77 225
77 77 225
78 77 224
79 77 224
80 77 223
81 77 223
82 77 222
83 77 222
84 77 222
85 77 221
86 77 221
87 77 220
88 77 220
89 77 219
90 77 219
91 77 218
92 77 218
93 77 218
94 77 217
95 77 217
96 77 216
97 77 216
98 77 215
99 77 215
100 77 214
101 77 213
102 77 213
103 77 212
104 77 212
105 77 211
106 77 211
107 77 210
108 77 210
109 77 209
110 77 209
111 77 208
112 77 207
113 77 207
114 77 206
115 77 206
116 77 205
117 77 204
118 77 204
119 77 203
120 77 202
121 77 202
122 77 201
123 77 201
124 77 200
-124 78 200
-123 78 200
-122 78 201
-121 78 201
-120 78 202
-119 78 203
-118 78 203
-117 78 204
-116 78 205
-115 78 205
-114 78 206
-113 78 206
-112 78 207
-111 78 208
-110 78 208
-109 78 209
-108 78 209
-107 78 210
-106 78 210
-105 78 211
-104 78 211
-103 78 212
-102 78 213
-101 78 213
-100 78 214
-99 78 214
-98 78 215
-97 78 215
-96 78 216
-95 78 216
-94 78 217
-93 78 217
-92 78 218
-91 78 218
-90 78 219
-89 78 219
-88 78 219
-87 78 220
-86 78 220
-85 78 221
-84 78 221
-83 78 222
-82 78 222
-81 78 223
-80 78 223
-79 78 223
-78 78 224
-77 78 224
-76 78 225
-75 78 225
-74 78 225
-73 78 226
-72 78 226
-71 78 226
-70 78 227
-69 78 227
-68 78 227
-67 78 228
-66 78 228
-65 78 229
-64 78 229
-63 78 229
-62 78 229
-61 78 230
-60 78 230
-59 78 230
-58 78 231
-57 78 231
-56 78 231
-55 78 232
-54 78 232
-53 78 232
-52 78 232
-51 78 233
-50 78 233
-49 78 233
-48 78 233
-47 78 234
-46 78 234
-45 78 234
-44 78 234
-43 78 235
-42 78 235
-41 78 235
-40 78 235
-39 78 235
-38 78 236
-37 78 236
-36 78 236
-35 78 236
-34 78 236
-33 78 237
-32 78 237
-31 78 237
-30 78 237
-29 78 237
-28 78 237
-27 78 237
-26 78 238
-25 78 238
-24 78 238
-23 78 238
-22 78 238
-21 78 238
-20 78 238
-19 78 238
-18 78 238
-17 78 239
-16 78 239
-15 78 239
-14 78 239
-13 78 239
-12 78 239
-11 78 239
-10 78 239
-9 78 239
-8 78 239
-7 78 239
-6 78 239
-5 78 239
-4 78 239
-3 78 239
-2 78 239
-1 78 239
0 78 239
1 78 239
2 78 239
3 78 239
4 78 239
5 78 239
6 78 239
7 78 239
8 78 239
9 78 239
10 78 239
11 78 239
12 78 239
13 78 239
14 78 239
15 78 239
16 78 239
17 78 239
18 78 238
19 78 238
20 78 238
21 78 238
22 78 238
23 78 238
24 78 238
25 78 238
26 78 238
27 78 237
28 78 237
29 78 237
30 78 237
31 78 237
32 78 237
33 78 237
34 78 236
35 78 236
36 78 236
37 78 236
38 78 236
39 78 235
40 78 235
41 78 235
42 78 235
43 78 235
44 78 234
45 78 234
46 78 234
47 78 234
48 78 233
49 78 233
50 78 233
51 78 233
52 78 232
53 78 232
54 78 232
55 78 232
56 78 231
57 78 231
58 78 231
59 78 230
60 78 230
61 78 230
62 78 229
63 78 229
64 78 229
65 78 229
66 78 228
67 78 228
68 78 227
69 78 227
70 78 227
71 78 226
72 78 226
73 78 226
74 78 225
75 78 225
76 78 225
77 78 224
78 78 224
79 78 223
80 78 223
81 78 223
82 78 222
83 78 222
84 78 221
85 78 221
86 78 220
87 78 220
88 78 219
89 78 219
90 78 219
91 78 218
92 78 218
93 78 217
94 78 217
95 78 216
96 78 216
97 78 215
98 78 215
99 78 214
100 78 214
101 78 213
102 78 213
103 78 212
104 78 211
105 78 211
106 78 210
107 78 210
108 78 209
109 78 209
110 78 208
111 78 208
112 78 207
113 78 206
114 78 206
115 78 205
116 78 205
117 78 204
118 78 203
119 78 203
120 78 202
121 78 201
122 78 201
123 78 200
124 78 200
-123 79 200
-122 79 200
-121 79 201
-120 79 202
-119 79 202
-118 79 203
-117 79 204
-116 79 204
-115 79 205
-114 79 205
-113 79 206
-112 79 207
-111 79 207
-110 79 208
-109 79 208
-108 79 209
-107 79 209
-106 79 210
-105 79 211
-104 79 211
-103 79 212
-102 79 212
-101 79 213
-100 79 213
-99 79 214
-98 79 214
-97 79 215
-96 79 215
-95 79 216
-94 79 216
-93 79 217
-92 79 217
-91 79 218
-90 79 218
-89 79 219
-88 79 219
-87 79 219
-86 79 220
-85 79 220
-84 79 221
-83 79 221
-82 79 222
-81 79 222
-80 79 223
-79 79 223
-78 79 223
-77 79 224
-76 79 224
-75 79 225
-74 79 225
-73 79 225
-72 79 226
-71 79 226
-70 79 226
-69 79 227
-68 79 227
-67 79 227
-66 79 228
-65 79 228
-64 79 228
-63 79 229
-62 79 229
-61 79 229
-60 79 230
-59 79 230
-58 79 230
-57 79 231
-56 79 231
-55 79 231
-54 79 231
-53 79 232
-52 79 232
-51 79 232
-50 79 233
-49 79 233
-48 79 233
-47 79 233
-46 79 234
-45 79 234
-44 79 234
-43 79 234
-42 79 234
-41 79 235
-40 79 235
-39 79 235
-38 79 235
-37 79 235
-36 79 236
-35 79 236
-34 79 236
-33 79 236
-32 79 236
-31 79 236
-30 79 237
-29 79 237
-28 79 237
-27 79 237
-26 79 237
-25 79 237
-24 79 237
-23 79 238
-22 79 238
-21 79 238
-20 79 238
-19 79 238
-18 79 238
-17 79 238
-16 79 238
-15 79 238
-14 79 238
-13 79 238
-12 79 239
-11 79 239
-10 79 239
-9 79 239
-8 79 239
-7 79 239
-6 79 239
-5 79 239
-4 79 239
-3 79 239
-2 79 239
-1 79 239
0 79 239
1 79 239
2 79 239
3 79 239
4 79 239
5 79 239
6 79 239
7 79 239
8 79 239
9 79 239
10 79 239
11 79 239
12 79 239
13 79 238
14 79 238
15 79 238
16 79 238
17 79 238
18 79 238
19 79 238
20 79 238
21 79 238
22 79 238
23 79 238
24 79 237
25 79 237
26 79 237
27 79 237
28 79 237
29 79 237
30 79 237
31 79 236
32 79 236
33 79 236
34 79 236
35 79 236
36 79 236
37 79 235
38 79 235
39 79 235
40 79 235
41 79 235
42 79 234
43 79 234
44 79 234
45 79 234
46 79 234
47 79 233
48 79 233
49 79 233
50 79 233
51 79 232
52 79 232
53 79 232
54 79 231
55 79 231
56 79 231
57 79 231
58 79 230
59 79 230
60 79 230
61 79 229
62 79 229
63 79 229
64 79 228
65 79 228
66 79 228
67 79 227
68 79 227
69 79 227
70 79 226
71 79 226
72 79 226
73 79 225
74 79 225
75 79 225
76 79 224
77 79 224
78 79 223
79 79 223
80 79 223
81 79 222
82 79 222
83 79 221
84 79 221
85 79 220
86 79 220
87 79 219
88 79 219
89 79 219
90 79 218
91 79 218
92 79 217
93 79 217
94 79 216
95 79 216
96 79 215
97 79 215
98 79 214
99 79 214
100 79 213
101 79 213
102 79 212
103 79 212
104 79 211
105 79 211
106 79 210
107 79 209
108 79 209
109 79 208
110 79 208
111 79 207
112 79 207
113 79 206
114 79 205
115 79 205
116 79 204
117 79 204
118 79 203
119 79 202
120 79 202
121 79 201
122 79 200
123 79 200
-122 80 200
-121 80 201
-120 80 201
-119 80 202
-118 80 203
-117 80 203
-116 80 204
-115 80 204
-114 80 205
-113 80 206
-112 80 206
-111 80 207
-110 80 207
-109 80 208
-108 80 208
-107 80 209
-106 80 210
-105 80 210
-104 80 211
-103 80 211
-102 80 212
-101 80 212
-100 80 213
-99 80 213
-98 80 214
-97 80 214
-96 80 215
-95 80 215
-94 80 216
-93 80 216
-92 80 217
-91 80 217
-90 80 218
-89 80 218
-88 80 219
-87 80 219
-86 80 220
-85 80 220
-84 80 220
-83 80 221
-82 80 221
-81 80 222
-80 80 222
-79 80 223
-78 80 223
-77 80 223
-76 80 224
-75 80 224
-74 80 224
-73 80 225
-72 80 225
-71 80 226
-70 80 226
-69 80 226
-68 80 227
-67 80 227
-66 80 227
-65 80 228
-64 80 228
-63 80 228
-62 80 229
-61 80 229
-60 80 229
-59 80 230
-58 80 230
-57 80 230
-56 80 230
-55 80 231
-54 80 231
-53 80 231
-52 80 232
-51 80 232
-50 80 232
-49 80 232
-48 80 233
-47 80 233
-46 80 233
-45 80 233
-44 80 234
-43 80 234
-42 80 234
-41 80 234
-40 80 234
-39 80 235
-38 80 235
-37 80 235
-36 80 235
-35 80 235
-34 80 236
-33 80 236
-32 80 236
-31 80 236
-30 80 236
-29 80 236
-28 80 236
-27 80 237
-26 80 237
-25 80 237
-24 80 237
-23 80 237
-22 80 237
-21 80 237
-20 80 237
-19 80 238
-18 80 238
-17 80 238
-16 80 238
-15 80 238
-14 80 238
-13 80 238
-12 80 238
-11 80 238
-10 80 238
-9 80 238
-8 80 238
-7 80 238
-6 80 238
-5 80 238
-4 80 238
-3 80 238
-2 80 238
-1 80 238
0 80 238
1 80 238
2 80 238
3 80 238
4 80 238
5 80 238
6 80 238
7 80 238
8 80 238
9 80 238
10 80 238
11 80 238
12 80 238
13 80 238
14 80 238
15 80 238
16 80 238
17 80 238
18 80 238
19 80 238
20 80 237
21 80 237
22 80 237
23 80 237
24 80 237
25 80 237
26 80 237
27 80 237
28 80 236
29 80 236
30 80 236
31 80 236
32 80 236
33 80 236
34 80 236
35 80 235
36 80 235
37 80 235
38 80 235
39 80 235
40 80 234
41 80 234
42 80 234
43 80 234
44 80 234
45 80 233
46 80 233
47 80 233
48 80 233
49 80 232
50 80 232
51 80 232
52 80 232
53 80 231
54 80 231
55 80 231
56 80 230
57 80 230
58 80 230
59 80 230
60 80 229
61 80 229
62 80 229
63 80 228
64 80 228
65 80 228
66 80 227
67 80 227
68 80 227
69 80 226
70 80 226
71 80 226
72 80 225
73 80 225
74 80 224
75 80 224
76 80 224
77 80 223
78 80 223
79 80 223
80 80 222
81 80 222
82 80 221
83 80 221
84 80 220
85 80 220
86 80 220
87 80 219
88 80 219
89 80 218
90 80 218
91 80 217
92 80 217
93 80 216
94 80 216
95 80 215
96 80 215
97 80 214
98 80 214
99 80 213
100 80 213
101 80 212
102 80 212
103 80 211
104 80 211
105 80 210
106 80 210
107 80 209
108 80 208
109 80 208
110 80 207
111 80 207
112 80 206
113 80 206
114 80 205
115 80 204
116 80 204
117 80 203
118 80 203
119 80 202
120 80 201
121 80 201
122 80 200
-122 81 200
-121 81 200
-120 81 201
-119 81 201
-118 81 202
-117 81 203
-116 81 203
-115 81 204
-114 81 205
-113 81 205
-112 81 206
-111 81 206
-110 81 207
-109 81 207
-108 81 208
-107 81 209
-106 81 209
-105 81 210
-104 81 210
-103 81 211
-102 81 211
-101 81 212
-100 81 212
-99 81 213
-98 81 213
-97 81 214
-96 81 214
-95 81 215
-94 81 215
-93 81 216
-92 81 216
-91 81 217
-90 81 217
-89 81 218
-88 81 218
-87 81 219
-86 81 219
-85 81 220
-84 81 220
-83 81 220
-82 81 221
-81 81 221
-80 81 222
-79 81 222
-78 81 223
-77 81 223
-76 81 223
-75 81 224
-74 81 224
-73 81 224
-72 81 225
-71 81 225
-70 81 226
-69 81 226
-68 81 226
-67 81 227
-66 81 227
-65 81 227
-64 81 228
-63 81 228
-62 81 228
-61 81 229
-60 81 229
-59 81 229
-58 81 229
-57 81 230
-56 81 230
-55 81 230
-54 81 231
-53 81 231
-52 81 231
-51 81 231
-50 81 232
-49 81 232
-48 81 232
-47 81 232
-46 81 233
-45 81 233
-44 81 233
-43 81 233
-42 81 234
-41 81 234
-40 81 234
-39 81 234
-38 81 234
-37 81 235
-36 81 235
-35 81 235
-34 81 235
-33 81 235
-32 81 235
-31 81 236
-30 81 236
-29 81 236
-28 81 236
-27 81 236
-26 81 236
-25 81 236
-24 81 237
-23 81 237
-22 81 237
-21 81 237
-20 81 237
-19 81 237
-18 81 237
-17 81 237
-16 81 237
-15 81 237
-14 81 238
-13 81 238
-12 81 238
-11 81 238
-10 81 238
-9 81 238
-8 81 238
-7 81 238
-6 81 238
-5 81 238
-4 81 238
-3 81 238
-2 81 238
-1 81 238
0 81 238
1 81 238
2 81 238
3 81 238
4 81 238
5 81 238
6 81 238
7 81 238
8 81 238
9 81 238
10 81 238
11 81 238
12 81 238
13 81 238
14 81 238
15 81 237
16 81 237
17 81 237
18 81 237
19 81 237
20 81 237
21 81 237
22 81 237
23 81 237
24 81 237
25 81 236
26 81 236
27 81 236
28 81 236
29 81 236
30 81 236
31 81 236
32 81 235
33 81 235
34 81 235
35 81 235
36 81 235
37 81 235
38 81 234
39 81 234
40 81 234
41 81 234
42 81 234
43 81 233
44 81 233
45 81 233
46 81 233
47 81 232
48 81 232
49 81 232
50 81 232
51 81 231
52 81 231
53 81 231
54 81 231
55 81 230
56 81 230
57 81 230
58 81 229
59 81 229
60 81 229
61 81 229
62 81 228
63 81 228
64 81 228
65 81 227
66 81 227
67 81 227
68 81 226
69 81 226
70 81 226
71 81 225
72 81 225
73 81 224
74 81 224
75 81 224
76 81 223
77 81 223
78 81 223
79 81 222
80 81 222
81 81 221
82 81 221
83 81 220
84 81 220
85 81 220
86 81 219
87 81 219
88 81 218
89 81 218
90 81 217
91 81 217
92 81 216
93 81 216
94 81 215
95 81 215
96 81 214
97 81 214
98 81 213
99 81 213
100 81 212
101 81 212
102 81 211
103 81 211
104 81 210
105 81 210
106 81 209
107 81 209
108 81 208
109 81 207
110 81 207
111 81 206
112 81 206
113 81 205
114 81 205
115 81 204
116 81 203
117 81 203
118 81 202
119 81 201
120 81 201
121 81 200
122 81 200
-121 82 200
-120 82 200
-119 82 201
-118 82 202
-117 82 202
-116 82 203
-115 82 203
-114 82 204
-113 82 205
-112 82 205
-111 82 206
-110 82 206
-109 82 207
-108 82 208
-107 82 208
-106 82 209
-105 82 209
-104 82 210
-103 82 210
-102 82 211
-101 82 211
-100 82 212
-99 82 212
-98 82 213
-97 82 213
-96 82 214
-95 82 214
-94 82 215
-93 82 215
-92 82 216
-91 82 216
-90 82 217
-89 82 217
-88 82 218
-87 82 218
-86 82 219
-85 82 219
-84 82 220
-83 82 220
-82 82 220
-81 82 221
-80 82 221
-79 82 222
-78 82 222
-77 82 222
-76 82 223
-75 82 223
-74 82 224
-73 82 224
-72 82 224
-71 82 225
-70 82 225
-69 82 225
-68 82 226
-67 82 226
-66 82 227
-65 82 227
-64 82 227
-63 82 228
-62 82 228
-61 82 228
-60 82 228
-59 82 229
-58 82 229
-57 82 229
-56 82 230
-55 82 230
-54 82 230
-53 82 230
-52 82 231
-51 82 231
-50 82 231
-49 82 232
-48 82 232
-47 82 232
-46 82 232
-45 82 233
-44 82 233
-43 82 233
-42 82 233
-41 82 233
-40 82 234
-39 82 234
-38 82 234
-37 82 234
-36 82 234
-35 82 235
-34 82 235
-33 82 235
-32 82 235
-31 82 235
-30 82 235
-29 82 236
-28 82 236
-27 82 236
-26 82 236
-25 82 236
-24 82 236
-23 82 236
-22 82 236
-21 82 237
-20 82 237
-19 82 237
-18 82 237
-17 82 237
-16 82 237
-15 82 237
-14 82 237
-13 82 237
-12 82 237
-11 82 237
-10 82 237
-9 82 237
-8 82 237
-7 82 238
-6 82 238
-5 82 238
-4 82 238
-3 82 238
-2 82 238
-1 82 238
0 82 238
1 82 238
2 82 238
3 82 238
4 82 238
5 82 238
6 82 238
7 82 238
8 82 237
9 82 237
10 82 237
11 82 237
12 82 237
13 82 237
14 82 237
15 82 237
16 82 237
17 82 237
18 82 237
19 82 237
20 82 237
21 82 237
22 82 236
23 82 236
24 82 236
25 82 236
26 82 236
27 82 236
28 82 236
29 82 236
30 82 235
31 82 235
32 82 235
33 82 235
34 82 235
35 82 235
36 82 234
37 82 234
38 82 234
39 82 234
40 82 234
41 82 233
42 82 233
43 82 233
44 82 233
45 82 233
46 82 232
47 82 232
48 82 232
49 82 232
50 82 231
51 82 231
52 82 231
53 82 230
54 82 230
55 82 230
56 82 230
57 82 229
58 82 229
59 82 229
60 82 228
61 82 228
62 82 228
63 82 228
64 82 227
65 82 227
66 82 227
67 82 226
68 82 226
69 82 225
70 82 225
71 82 225
72 82 224
73 82 224
74 82 224
75 82 223
76 82 223
77 82 222
78 82 222
79 82 222
80 82 221
81 82 221
82 82 220
83 82 220
84 82 220
85 82 219
86 82 219
87 82 218
88 82 218
89 82 217
90 82 217
91 82 216
92 82 216
93 82 215
94 82 215
95 82 214
96 82 214
97 82 213
98 82 213
99 82 212
100 82 212
101 82 211
102 82 211
103 82 210
104 82 210
105 82 209
106 82 209
107 82 208
108 82 208
109 82 207
110 82 206
111 82 206
112 82 205
113 82 205
114 82 204
115 82 203
116 82 203
117 82 202
118 82 202
119 82 201
120 82 200
121 82 200
-120 83 200
-119 83 201
-118 83 201
-117 83 202
-116 83 202
-115 83 203
-114 83 204
-113 83 204
-112 83 205
-111 83 205
-110 83 206
-109 83 207
-108 83 207
-107 83 208
-106 83 208
-105 83 209
-104 83 209
-103 83 210
-102 83 210
-101 83 211
-100 83 211
-99 83 212
-98 83 213
-97 83 213
-96 83 214
-95 83 214
-94 83 215
-93 83 215
-92 83 215
-91 83 216
-90 83 216
-89 83 217
-88 83 217
-87 83 218
-86 83 218
-85 83 219
-84 83 219
-83 83 220
-82 83 220
-81 83 220
-80 83 221
-79 83 221
-78 83 222
-77 83 222
-76 83 222
-75 83 223
-74 83 223
-73 83 224
-72 83 224
-71 83 224
-70 83 225
-69 83 225
-68 83 225
-67 83 226
-66 83 226
-65 83 226
-64 83 227
-63 83 227
-62 83 227
-61 83 228
-60 83 228
-59 83 228
-58 83 229
-57 83 229
-56 83 229
-55 83 230
-54 83 230
-53 83 230
-52 83 230
-51 83 231
-50 83 231
-49 83 231
-48 83 231
-47 83 232
-46 83 232
-45 83 232
-44 83 232
-43 83 233
-42 83 233
-41 83 233
-40 83 233
-39 83 233
-38 83 234
-37 83 234
-36 83 234
-35 83 234
-34 83 234
-33 83 234
-32 83 235
-31 83 235
-30 83 235
-29 83 235
-28 83 235
-27 83 235
-26 83 236
-25 83 236
-24 83 236
-23 83 236
-22 83 236
-21 83 236
-20 83 236
-19 83 236
-18 83 236
-17 83 237
-16 83 237
-15 83 237
-14 83 237
-13 83 237
-12 83 237
-11 83 237
-10 83 237
-9 83 237
-8 83 237
-7 83 237
-6 83 237
-5 83 237
-4 83 237
-3 83 237
-2 83 237
-1 83 237
0 83 237
1 83 237
2 83 237
3 83 237
4 83 237
5 83 237
6 83 237
7 83 237
8 83 237
9 83 237
10 83 237
11 83 237
12 83 237
13 83 237
14 83 237
15 83 237
16 83 237
17 83 237
18 83 236
19 83 236
20 83 236
21 83 236
22 83 236
23 83 236
24 83 236
25 83 236
26 83 236
27 83 235
28 83 235
29 83 235
30 83 235
31 83 235
32 83 235
33 83 234
34 83 234
35 83 234
36 83 234
37 83 234
38 83 234
39 83 233
40 83 233
41 83 233
42 83 233
43 83 233
44 83 232
45 83 232
46 83 232
47 83 232
48 83 231
49 83 231
50 83 231
51 83 231
52 83 230
53 83 230
54 83 230
55 83 230
56 83 229
57 83 229
58 83 229
59 83 228
60 83 228
61 83 228
62 83 227
63 83 227
64 83 227
65 83 226
66 83 226
67 83 226
68 83 225
69 83 225
70 83 225
71 83 224
72 83 224
73 83 224
74 83 223
75 83 223
76 83 222
77 83 222
78 83 222
79 83 221
80 83 221
81 83 220
82 83 220
83 83 220
84 83 219
85 83 219
86 83 218
87 83 218
88 83 217
89 83 217
90 83 216
91 83 216
92 83 215
93 83 215
94 83 215
95 83 214
96 83 214
97 83 213
98 83 213
99 83 212
100 83 211
101 83 211
102 83 210
103 83 210
104 83 209
105 83 209
106 83 208
107 83 208
108 83 207
109 83 207
110 83 206
111 83 205
112 83 205
113 83 204
114 83 204
115 83 203
116 83 202
117 83 202
118 83 201
119 83 201
120 83 200
-120 84 200
-119 84 200
-118 84 201
-117 84 201
-116 84 202
-115 84 203
-114 84 203
-113 84 204
-112 84 204
-111 84 205
-110 84 206
-109 84 206
-108 84 207
-107 84 207
-106 84 208
-105 84 208
-104 84 209
-103 84 209
-102 84 210
-101 84 211
-100 84 211
-99 84 212
-98 84 212
-97 84 213
-96 84 213
-95 84 214
-94 84 214
-93 84 215
-92 84 215
-91 84 216
-90 84 216
-89 84 216
-88 84 217
-87 84 217
-86 84 218
-85 84 218
-84 84 219
-83 84 219
-82 84 220
-81 84 220
-80 84 220
-79 84 221
-78 84 221
-77 84 222
-76 84 222
-75 84 222
-74 84 223
-73 84 223
-72 84 224
-71 84 224
-70 84 224
-69 84 225
-68 84 225
-67 84 225
-66 84 226
-65 84 226
-64 84 226
-63 84 227
-62 84 227
-61 84 227
-60 84 228
-59 84 228
-58 84 228
-57 84 229
-56 84 229
-55 84 229
-54 84 229
-53 84 230
-52 84 230
-51 84 230
-50 84 230
-49 84 231
-48 84 231
-47 84 231
-46 84 231
-45 84 232
-44 84 232
-43 84 232
-42 84 232
-41 84 233
-40 84 233
-39 84 233
-38 84 233
-37 84 233
-36 84 234
-35 84 234
-34 84 234
-33 84 234
-32 84 234
-31 84 234
-30 84 235
-29 84 235
-28 84 235
-27 84 235
-26 84 235
-25 84 235
-24 84 235
-23 84 235
-22 84 236
-21 84 236
-20 84 236
-19 84 236
-18 84 236
-17 84 236
-16 84 236
-15 84 236
-14 84 236
-13 84 236
-12 84 236
-11 84 237
-10 84 237
-9 84 237
-8 84 237
-7 84 237
-6 84 237
-5 84 237
-4 84 237
-3 84 237
-2 84 237
-1 84 237
0 84 237
1 84 237
2 84 237
3 84 237
4 84 237
5 84 237
6 84 237
7 84 237
8 84 237
9 84 237
10 84 237
11 84 237
12 84 236
13 84 236
14 84 236
15 84 236
16 84 236
17 84 236
18 84 236
19 84 236
20 84 236
21 84 236
22 84 236
23 84 235
24 84 235
25 84 235
26 84 235
27 84 235
28 84 235
29 84 235
30 84 235
31 84 234
32 84 234
33 84 234
34 84 234
35 84 234
36 84 234
37 84 233
38 84 233
39 84 233
40 84 233
41 84 233
42 84 232
43 84 232
44 84 232
45 84 232
46 84 231
47 84 231
48 84 231
49 84 231
50 84 230
51 84 230
52 84 230
53 84 230
54 84 229
55 84 229
56 84 229
57 84 229
58 84 228
59 84 228
60 84 228
61 84 227
62 84 227
63 84 227
64 84 226
65 84 226
66 84 226
67 84 225
68 84 225
69 84 225
70 84 224
71 84 224
72 84 224
73 84 223
74 84 223
75 84 222
76 84 222
77 84 222
78 84 221
79 84 221
80 84 220
81 84 220
82 84 220
83 84 219
84 84 219
85 84 218
86 84 218
87 84 217
88 84 217
89 84 216
90 84 216
91 84 216
92 84 215
93 84 215
94 84 214
95 84 214
96 84 213
97 84 213
98 84 212
99 84 212
100 84 211
101 84 211
102 84 210
103 84 209
104 84 209
105 84 208
106 84 208
107 84 207
108 84 207
109 84 206
110 84 206
111 84 205
112 84 204
113 84 204
114 84 203
115 84 203
116 84 202
117 84 201
118 84 201
119 84 200
120 84 200
-119 85 200
-118 85 200
-117 85 201
-116 85 202
-115 85 202
-114 85 203
-113 85 203
-112 85 204
-111 85 205
-110 85 205
-109 85 206
-108 85 206
-107 85 207
-106 85 207
-105 85 208
-104 85 208
-103 85 209
-102 85 210
-101 85 210
-100 85 211
-99 85 211
-98 85 212
-97 85 212
-96 85 213
-95 85 213
-94 85 214
-93 85 214
-92 85 215
-91 85 215
-90 85 216
-89 85 216
-88 85 216
-87 85 217
-86 85 217
-85 85 218
-84 85 218
-83 85 219
-82 85 219
-81 85 220
-80 85 220
-79 85 220
-78 85 221
-77 85 221
-76 85 222
-75 85 222
-74 85 222
-73 85 223
-72 85 223
-71 85 223
-70 85 224
-69 85 224
-68 85 225
-67 85 225
-66 85 225
-65 85 226
-64 85 226
-63 85 226
-62 85 227
-61 85 227
-60 85 227
-59 85 227
-58 85 228
-57 85 228
-56 85 228
-55 85 229
-54 85 229
-53 85 229
-52 85 229
-51 85 230
-50 85 230
-49 85 230
-48 85 231
-47 85 231
-46 85 231
-45 85 231
-44 85 231
-43 85 232
-42 85 232
-41 85 232
-40 85 232
-39 85 233
-38 85 233
-37 85 233
-36 85 233
-35 85 233
-34 85 233
-33 85 234
-32 85 234
-31 85 234
-30 85 234
-29 85 234
-28 85 234
-27 85 235
-26 85 235
-25 85 235
-24 85 235
-23 85 235
-22 85 235
-21 85 235
-20 85 235
-19 85 235
-18 85 236
-17 85 236
-16 85 236
-15 85 236
-14 85 236
-13 85 236
-12 85 236
-11 85 236
-10 85 236
-9 85 236
-8 85 236
-7 85 236
-6 85 236
-5 85 236
-4 85 236
-3 85 236
-2 85 236
-1 85 236
0 85 236
1 85 236
2 85 236
3 85 236
4 85 236
5 85 236
6 85 236
7 85 236
8 85 236
9 85 236
10 85 236
11 85 236
12 85 236
13 85 236
14 85 236
15 85 236
16 85 236
17 85 236
18 85 236
19 85 235
20 85 235
21 85 235
22 85 235
23 85 235
24 85 235
25 85 235
26 85 235
27 85 235
28 85 234
29 85 234
30 85 234
31 85 234
32 85 234
33 85 234
34 85 233
35 85 233
36 85 233
37 85 233
38 85 233
39 85 233
40 85 232
41 85 232
42 85 232
43 85 232
44 85 231
45 85 231
46 85 231
47 85 231
48 85 231
49 85 230
50 85 230
51 85 230
52 85 229
53 85 229
54 85 229
55 85 229
56 85 228
57 85 228
58 85 228
59 85 227
60 85 227
61 85 227
62 85 227
63 85 226
64 85 226
65 85 226
66 85 225
67 85 225
68 85 225
69 85 224
70 85 224
71 85 223
72 85 223
73 85 223
74 85 222
75 85 222
76 85 222
77 85 221
78 85 221
79 85 220
80 85 220
81 85 220
82 85 219
83 85 219
84 85 218
85 85 218
86 85 217
87 85 217
88 85 216
89 85 216
90 85 216
91 85 215
92 85 215
93 85 214
94 85 214
95 85 213
96 85 213
97 85 212
98 85 212
99 85 211
100 85 211
101 85 210
102 85 210
103 85 209
104 85 208
105 85 208
106 85 207
107 85 207
108 85 206
109 85 206
110 85 205
111 85 205
112 85 204
113 85 203
114 85 203
115 85 202
116 85 202
117 85 201
118 85 200
119 85 200
-118 86 200
-117 86 201
-116 86 201
-115 86 202
-114 86 202
-113 86 203
-112 86 204
-111 86 204
-110 86 205
-109 86 205
-108 86 206
-107 86 206
-106 86 207
-105 86 207
-104 86 208
-103 86 209
-102 86 209
-101 86 210
-100 86 210
-99 86 211
-98 86 211
-97 86 212
-96 86 212
-95 86 213
-94 86 213
-93 86 214
-92 86 214
-91 86 215
-90 86 215
-89 86 216
-88 86 216
-87 86 217
-86 86 217
-85 86 217
-84 86 218
-83 86 218
-82 86 219
-81 86 219
-80 86 220
-79 86 220
-78 86 220
-77 86 221
-76 86 221
-75 86 222
-74 86 222
-73 86 222
-72 86 223
-71 86 223
-70 86 223
-69 86 224
-68 86 224
-67 86 224
-66 86 225
-65 86 225
-64 86 225
-63 86 226
-62 86 226
-61 86 226
-60 86 227
-59 86 227
-58 86 227
-57 86 228
-56 86 228
-55 86 228
-54 86 229
-53 86 229
-52 86 229
-51 86 229
-50 86 230
-49 86 230
-48 86 230
-47 86 230
-46 86 231
-45 86 231
-44 86 231
-43 86 231
-42 86 231
-41 86 232
-40 86 232
-39 86 232
-38 86 232
-37 86 232
-36 86 233
-35 86 233
-34 86 233
-33 86 233
-32 86 233
-31 86 234
-30 86 234
-29 86 234
-28 86 234
-27 86 234
-26 86 234
-25 86 234
-24 86 234
-23 86 235
-22 86 235
-21 86 235
-20 86 235
-19 86 235
-18 86 235
-17 86 235
-16 86 235
-15 86 235
-14 86 235
-13 86 236
-12 86 236
-11 86 236
-10 86 236
-9 86 236
-8 86 236
-7 86 236
-6 86 236
-5 86 236
-4 86 236
-3 86 236
-2 86 236
-1 86 236
0 86 236
1 86 236
2 86 236
3 86 236
4 86 236
5 86 236
6 86 236
7 86 236
8 86 236
9 86 236
10 86 236
11 86 236
12 86 236
13 86 236
14 86 235
15 86 235
16 86 235
17 86 235
18 86 235
19 86 235
20 86 235
21 86 235
22 86 235
23 86 235
24 86 234
25 86 234
26 86 234
27 86 234
28 86 234
29 86 234
30 86 234
31 86 234
32 86 233
33 86 233
34 86 233
35 86 233
36 86 233
37 86 232
38 86 232
39 86 232
40 86 232
41 86 232
42 86 231
43 86 231
44 86 231
45 86 231
46 86 231
47 86 230
48 86 230
49 86 230
50 86 230
51 86 229
52 86 229
53 86 229
54 86 229
55 86 228
56 86 228
57 86 228
58 86 227
59 86 227
60 86 227
61 86 226
62 86 226
63 86 226
64 86 225
65 86 225
66 86 225
67 86 224
68 86 224
69 86 224
70 86 223
71 86 223
72 86 223
73 86 222
74 86 222
75 86 222
76 86 221
77 86 221
78 86 220
79 86 220
80 86 220
81 86 219
82 86 219
83 86 218
84 86 218
85 86 217
86 86 217
87 86 217
88 86 216
89 86 216
90 86 215
91 86 215
92 86 214
93 86 214
94 86 213
95 86 213
96 86 212
97 86 212
98 86 211
99 86 211
100 86 210
101 86 210
102 86 209
103 86 209
104 86 208
105 86 207
106 86 207
107 86 206
108 86 206
109 86 205
110 86 205
111 86 204
112 86 204
113 86 203
114 86 202
115 86 202
116 86 201
117 86 201
118 86 200
-117 87 200
-116 87 201
-115 87 201
-114 87 202
-113 87 202
-112 87 203
-111 87 204
-110 87 204
-109 87 205
-108 87 205
-107 87 206
-106 87 206
-105 87 207
-104 87 208
-103 87 208
-102 87 209
-101 87 209
-100 87 210
-99 87 210
-98 87 211
-97 87 211
-96 87 212
-95 87 212
-94 87 213
-93 87 213
-92 87 214
-91 87 214
-90 87 215
-89 87 215
-88 87 216
-87 87 216
-86 87 217
-85 87 217
-84 87 217
-83 87 218
-82 87 218
-81 87 219
-80 87 219
-79 87 219
-78 87 220
-77 87 220
-76 87 221
-75 87 221
-74 87 221
-73 87 222
-72 87 222
-71 87 223
-70 87 223
-69 87 223
-68 87 224
-67 87 224
-66 87 224
-65 87 225
-64 87 225
-63 87 225
-62 87 226
-61 87 226
-60 87 226
-59 87 227
-58 87 227
-57 87 227
-56 87 227
-55 87 228
-54 87 228
-53 87 228
-52 87 229
-51 87 229
-50 87 229
-49 87 229
-48 87 230
-47 87 230
-46 87 230
-45 87 230
-44 87 231
-43 87 231
-42 87 231
-41 87 231
-40 87 231
-39 87 232
-38 87 232
-37 87 232
-36 87 232
-35 87 232
-34 87 233
-33 87 233
-32 87 233
-31 87 233
-30 87 233
-29 87 233
-28 87 234
-27 87 234
-26 87 234
-25 87 234
-24 87 234
-23 87 234
-22 87 234
-21 87 234
-20 87 234
-19 87 235
-18 87 235
-17 87 235
-16 87 235
-15 87 235
-14 87 235
-13 87 235
-12 87 235
-11 87 235
-10 87 235
-9 87 235
-8 87 235
-7 87 235
-6 87 235
-5 87 235
-4 87 235
-3 87 235
-2 87 235
-1 87 236
0 87 236
1 87 236
2 87 235
3 87 235
4 87 235
5 87 235
6 87 235
7 87 235
8 87 235
9 87 235
10 87 235
11 87 235
12 87 235
13 87 235
14 87 235
15 87 235
16 87 235
17 87 235
18 87 235
19 87 235
20 87 234
21 87 234
22 87 234
23 87 234
24 87 234
25 87 234
26 87 234
27 87 234
28 87 234
29 87 233
30 87 233
31 87 233
32 87 233
33 87 233
34 87 233
35 87 232
36 87 232
37 87 232
38 87 232
39 87 232
40 87 231
41 87 231
42 87 231
43 87 231
44 87 231
45 87 230
46 87 230
47 87 230
48 87 230
49 87 229
50 87 229
51 87 229
52 87 229
53 87 228
54 87 228
55 87 228
56 87 227
57 87 227
58 87 227
59 87 227
60 87 226
61 87 226
62 87 226
63 87 225
64 87 225
65 87 225
66 87 224
67 87 224
68 87 224
69 87 223
70 87 223
71 87 223
72 87 222
73 87 222
74 87 221
75 87 221
76 87 221
77 87 220
78 87 220
79 87 219
80 87 219
81 87 219
82 87 218
83 87 218
84 87 217
85 87 217
86 87 217
87 87 216
88 87 216
89 87 215
90 87 215
91 87 214
92 87 214
93 87 213
94 87 213
95 87 212
96 87 212
97 87 211
98 87 211
99 87 210
100 87 210
101 87 209
102 87 209
103 87 208
104 87 208
105 87 207
106 87 206
107 87 206
108 87 205
109 87 205
110 87 204
111 87 204
112 87 203
113 87 202
114 87 202
115 87 201
116 87 201
117 87 200
-117 88 200
-116 88 200
-115 88 201
-114 88 201
-113 88 202
-112 88 203
-111 88 203
-110 88 204
-109 88 204
-108 88 205
-107 88 205
-106 88 206
-105 88 207
-104 88 207
-103 88 208
-102 88 208
-101 88 209
-100 88 209
-99 88 210
-98 88 210
-97 88 211
-96 88 211
-95 88 212
-94 88 212
-93 88 213
-92 88 213
-91 88 214
-90 88 214
-89 88 215
-88 88 215
-87 88 216
-86 88 216
-85 88 216
-84 88 217
-83 88 217
-82 88 218
-81 88 218
-80 88 219
-79 88 219
-78 88 219
-77 88 220
-76 88 220
-75 88 221
-74 88 221
-73 88 221
-72 88 222
-71 88 222
-70 88 223
-69 88 223
-68 88 223
-67 88 224
-66 88 224
-65 88 224
-64 88 225
-63 88 225
-62 88 225
-61 88 226
-60 88 226
-59 88 226
-58 88 226
-57 88 227
-56 88 227
-55 88 227
-54 88 228
-53 88 228
-52 88 228
-51 88 228
-50 88 229
-49 88 229
-48 88 229
-47 88 229
-46 88 230
-45 88 230
-44 88 230
-43 88 230
-42 88 231
-41 88 231
-40 88 231
-39 88 231
-38 88 231
-37 88 232
-36 88 232
-35 88 232
-34 88 232
-33 88 232
-32 88 232
-31 88 233
-30 88 233
-29 88 233
-28 88 233
-27 88 233
-26 88 233
-25 88 233
-24 88 234
-23 88 234
-22 88 234
-21 88 234
-20 88 234
-19 88 234
-18 88 234
-17 88 234
-16 88 234
-15 88 234
-14 88 235
-13 88 235
-12 88 235
-11 88 235
-10 88 235
-9 88 235
-8 88 235
-7 88 235
-6 88 235
-5 88 235
-4 88 235
-3 88 235
-2 88 235
-1 88 235
0 88 235
1 88 235
2 88 235
3 88 235
4 88 235
5 88 235
6 88 235
7 88 235
8 88 235
9 88 235
10 88 235
11 88 235
12 88 235
13 88 235
14 88 235
15 88 234
16 88 234
17 88 234
18 88 234
19 88 234
20 88 234
21 88 234
22 88 234
23 88 234
24 88 234
25 88 233
26 88 233
27 88 233
28 88 233
29 88 233
30 88 233
31 88 233
32 88 232
33 88 232
34 88 232
35 88 232
36 88 232
37 88 232
38 88 231
39 88 231
40 88 231
41 88 231
42 88 231
43 88 230
44 88 230
45 88 230
46 88 230
47 88 229
48 88 229
49 88 229
50 88 229
51 88 228
52 88 228
53 88 228
54 88 228
55 88 227
56 88 227
57 88 227
58 88 226
59 88 226
60 88 226
61 88 226
62 88 225
63 88 225
64 88 225
65 88 224
66 88 224
67 88 224
68 88 223
69 88 223
70 88 223
71 88 222
72 88 222
73 88 221
74 88 221
75 88 221
76 88 220
77 88 220
78 88 219
79 88 219
80 88 219
81 88 218
82 88 218
83 88 217
84 88 217
85 88 216
86 88 216
87 88 216
88 88 215
89 88 215
90 88 214
91 88 214
92 88 213
93 88 213
94 88 212
95 88 212
96 88 211
97 88 211
98 88 210
99 88 210
100 88 209
101 88 209
102 88 208
103 88 208
104 88 207
105 88 207
106 88 206
107 88 205
108 88 205
109 88 204
110 88 204
111 88 203
112 88 203
113 88 202
114 88 201
115 88 201
116 88 200
117 88 200
-116 89 200
-115 89 200
-114 89 201
-113 89 202
-112 89 202
-111 89 203
-110 89 203
-109 89 204
-108 89 204
-107 89 205
-106 89 206
-105 89 206
-104 89 207
-103 89 207
-102 89 208
-101 89 208
-100 89 209
-99 89 209
-98 89 210
-97 89 210
-96 89 211
-95 89 211
-94 89 212
-93 89 212
-92 89 213
-91 89 213
-90 89 214
-89 89 214
-88 89 215
-87 89 215
-86 89 216
-85 89 216
-84 89 216
-83 89 217
-82 89 217
-81 89 218
-80 89 218
-79 89 219
-78 89 219
-77 89 219
-76 89 220
-75 89 220
-74 89 221
-73 89 221
-72 89 221
-71 89 222
-70 89 222
-69 89 222
-68 89 223
-67 89 223
-66 89 223
-65 89 224
-64 89 224
-63 89 224
-62 89 225
-61 89 225
-60 89 225
-59 89 226
-58 89 226
-57 89 226
-56 89 227
-55 89 227
-54 89 227
-53 89 227
-52 89 228
-51 89 228
-50 89 228
-49 89 228
-48 89 229
-47 89 229
-46 89 229
-45 89 229
-44 89 230
-43 89 230
-42 89 230
-41 89 230
-40 89 231
-39 89 231
-38 89 231
-37 89 231
-36 89 231
-35 89 231
-34 89 232
-33 89 232
-32 89 232
-31 89 232
-30 89 232
-29 89 232
-28 89 233
-27 89 233
-26 89 233
-25 89 233
-24 89 233
-23 89 233
-22 89 233
-21 89 233
-20 89 234
-19 89 234
-18 89 234
-17 89 234
-16 89 234
-15 89 234
-14 89 234
-13 89 234
-12 89 234
-11 89 234
-10 89 234
-9 89 234
-8 89 234
-7 89 234
-6 89 235
-5 89 235
-4 89 235
-3 89 235
-2 89 235
-1 89 235
0 89 235
1 89 235
2 89 235
3 89 235
4 89 235
5 89 235
6 89 235
7 89 234
8 89 234
9 89 234
10 89 234
11 89 234
12 89 234
13 89 234
14 89 234
15 89 234
16 89 234
17 89 234
18 89 234
19 89 234
20 89 234
21 89 233
22 89 233
23 89 233
24 89 233
25 89 233
26 89 233
27 89 233
28 89 233
29 89 232
30 89 232
31 89 232
32 89 232
33 89 232
34 89 232
35 89 231
36 89 231
37 89 231
38 89 231
39 89 231
40 89 231
41 89 230
42 89 230
43 89 230
44 89 230
45 89 229
46 89 229
47 89 229
48 89 229
49 89 228
50 89 228
51 89 228
52 89 228
53 89 227
54 89 227
55 89 227
56 89 227
57 89 226
58 89 226
59 89 226
60 89 225
61 89 225
62 89 225
63 89 224
64 89 224
65 89 224
66 89 223
67 89 223
68 89 223
69 89 222
70 89 222
71 89 222
72 89 221
73 89 221
74 89 221
75 89 220
76 89 220
77 89 219
78 89 219
79 89 219
80 89 218
81 89 218
82 89 217
83 89 217
84 89 216
85 89 216
86 89 216
87 89 215
88 89 215
89 89 214
90 89 214
91 89 213
92 89 213
93 89 212
94 89 212
95 89 211
96 89 211
97 89 210
98 89 210
99 89 209
100 89 209
101 89 208
102 89 208
103 89 207
104 89 207
105 89 206
106 89 206
107 89 205
108 89 204
109 89 204
110 89 203
111 89 203
112 89 202
113 89 202
114 89 201
115 89 200
116 89 200
-115 90 200
-114 90 200
-113 90 201
-112 90 202
-111 90 202
-110 90 203
-109 90 203
-108 90 204
-107 90 205
-106 90 205
-105 90 206
-104 90 206
-103 90 207
-102 90 207
-101 90 208
-100 90 208
-99 90 209
-98 90 209
-97 90 210
-96 90 210
-95 90 211
-94 90 211
-93 90 212
-92 90 212
-91 90 213
-90 90 213
-89 90 214
-88 90 214
-87 90 215
-86 90 215
-85 90 216
-84 90 216
-83 90 216
-82 90 217
-81 90 217
-80 90 218
-79 90 218
-78 90 219
-77 90 219
-76 90 219
-75 90 220
-74 90 220
-73 90 220
-72 90 221
-71 90 221
-70 90 222
-69 90 222
-68 90 222
-67 90 223
-66 90 223
-65 90 223
-64 90 224
-63 90 224
-62 90 224
-61 90 225
-60 90 225
-59 90 225
-58 90 226
-57 90 226
-56 90 226
-55 90 226
-54 90 227
-53 90 227
-52 90 227
-51 90 228
-50 90 228
-49 90 228
-48 90 228
-47 90 229
-46 90 229
-45 90 229
-44 90 229
-43 90 229
-42 90 230
-41 90 230
-40 90 230
-39 90 230
-38 90 230
-37 90 231
-36 90 231
-35 90 231
-34 90 231
-33 90 231
-32 90 232
-31 90 232
-30 90 232
-29 90 232
-28 90 232
-27 90 232
-26 90 232
-25 90 233
-24 90 233
-23 90 233
-22 90 233
-21 90 233
-20 90 233
-19 90 233
-18 90 233
-17 90 233
-16 90 234
-15 90 234
-14 90 234
-13 90 234
-12 90 234
-11 90 234
-10 90 234
-9 90 234
-8 90 234
-7 90 234
-6 90 234
-5 90 234
-4 90 234
-3 90 234
-2 90 234
-1 90 234
0 90 234
1 90 234
2 90 234
3 90 234
4 90 234
5 90 234
6 90 234
7 90 234
8 90 234
9 90 234
10 90 234
11 90 234
12 90 234
13 90 234
14 90 234
15 90 234
16 90 234
17 90 233
18 90 233
19 90 233
20 90 233
21 90 233
22 90 233
23 90 233
24 90 233
25 90 233
26 90 232
27 90 232
28 90 232
29 90 232
30 90 232
31 90 232
32 90 232
33 90 231
34 90 231
35 90 231
36 90 231
37 90 231
38 90 230
39 90 230
40 90 230
41 90 230
42 90 230
43 90 229
44 90 229
45 90 229
46 90 229
47 90 229
48 90 228
49 90 228
50 90 228
51 90 228
52 90 227
53 90 227
54 90 227
55 90 226
56 90 226
57 90 226
58 90 226
59 90 225
60 90 225
61 90 225
62 90 224
63 90 224
64 90 224
65 90 223
66 90 223
67 90 223
68 90 222
69 90 222
70 90 222
71 90 221
72 90 221
73 90 220
74 90 220
75 90 220
76 90 219
77 90 219
78 90 219
79 90 218
80 90 218
81 90 217
82 90 217
83 90 216
84 90 216
85 90 216
86 90 215
87 90 215
88 90 214
89 90 214
90 90 213
91 90 213
92 90 212
93 90 212
94 90 211
95 90 211
96 90 210
97 90 210
98 90 209
99 90 209
100 90 208
101 90 208
102 90 207
103 90 207
104 90 206
105 90 206
106 90 205
107 90 205
108 90 204
109 90 203
110 90 203
111 90 202
112 90 202
113 90 201
114 90 200
115 90 200
-114 91 200
-113 91 201
-112 91 201
-111 91 202
-110 91 202
-109 91 203
-108 91 204
-107 91 204
-106 91 205
-105 91 205
-104 91 206
-103 91 206
-102 91 207
-101 91 207
-100 91 208
-99 91 208
-98 91 209
-97 91 209
-96 91 210
-95 91 210
-94 91 211
-93 91 211
-92 91 212
-91 91 212
-90 91 213
-89 91 213
-88 91 214
-87 91 214
-86 91 215
-85 91 215
-84 91 216
-83 91 216
-82 91 216
-81 91 217
-80 91 217
-79 91 218
-78 91 218
-77 91 218
-76 91 219
-75 91 219
-74 91 220
-73 91 220
-72 91 220
-71 91 221
-70 91 221
-69 91 221
-68 91 222
-67 91 222
-66 91 223
-65 91 223
-64 91 223
-63 91 224
-62 91 224
-61 91 224
-60 91 224
-59 91 225
-58 91 225
-57 91 225
-56 91 226
-55 91 226
-54 91 226
-53 91 227
-52 91 227
-51 91 227
-50 91 227
-49 91 228
-48 91 228
-47 91 228
-46 91 228
-45 91 229
-44 91 229
-43 91 229
-42 91 229
-41 91 229
-40 91 230
-39 91 230
-38 91 230
-37 91 230
-36 91 230
-35 91 231
-34 91 231
-33 91 231
-32 91 231
-31 91 231
-30 91 231
-29 91 232
-28 91 232
-27 91 232
-26 91 232
-25 91 232
-24 91 232
-23 91 232
-22 91 232
-21 91 233
-20 91 233
-19 91 233
-18 91 233
-17 91 233
-16 91 233
-15 91 233
-14 91 233
-13 91 233
-12 91 233
-11 91 233
-10 91 233
-9 91 233
-8 91 234
-7 91 234
-6 91 234
-5 91 234
-4 91 234
-3 91 234
-2 91 234
-1 91 234
0 91 234
1 91 234
2 91 234
3 91 234
4 91 234
5 91 234
6 91 234
7 91 234
8 91 234
9 91 233
10 91 233
11 91 233
12 91 233
13 91 233
14 91 233
15 91 233
16 91 233
17 91 233
18 91 233
19 91 233
20 91 233
21 91 233
22 91 232
23 91 232
24 91 232
25 91 232
26 91 232
27 91 232
28 91 232
29 91 232
30 91 231
31 91 231
32 91 231
33 91 231
34 91 231
35 91 231
36 91 230
37 91 230
38 91 230
39 91 230
40 91 230
41 91 229
42 91 229
43 91 229
44 91 229
45 91 229
46 91 228
47 91 228
48 91 228
49 91 228
50 91 227
51 91 227
52 91 227
53 91 227
54 91 226
55 91 226
56 91 226
57 91 225
58 91 225
59 91 225
60 91 224
61 91 224
62 91 224
63 91 224
64 91 223
65 91 223
66 91 223
67 91 222
68 91 222
69 91 221
70 91 221
71 91 221
72 91 220
73 91 220
74 91 220
75 91 219
76 91 219
77 91 218
78 91 218
79 91 218
80 91 217
81 91 217
82 91 216
83 91 216
84 91 216
85 91 215
86 91 215
87 91 214
88 91 214
89 91 213
90 91 213
91 91 212
92 91 212
93 91 211
94 91 211
95 91 210
96 91 210
97 91 209
98 91 209
99 91 208
100 91 208
101 91 207
102 91 207
103 91 206
104 91 206
105 91 205
106 91 205
107 91 204
108 91 204
109 91 203
110 91 202
111 91 202
112 91 201
113 91 201
114 91 200
-114 92 200
-113 92 200
-112 92 201
-111 92 201
-110 92 202
-109 92 202
-108 92 203
-107 92 204
-106 92 204
-105 92 205
-104 92 205
-103 92 206
-102 92 206
-101 92 207
-100 92 207
-99 92 208
-98 92 208
-97 92 209
-96 92 209
-95 92 210
-94 92 210
-93 92 211
-92 92 211
-91 92 212
-90 92 212
-89 92 213
-88 92 213
-87 92 214
-86 92 214
-85 92 215
-84 92 215
-83 92 215
-82 92 216
-81 92 216
-80 92 217
-79 92 217
-78 92 218
-77 92 218
-76 92 218
-75 92 219
-74 92 219
-73 92 220
-72 92 220
-71 92 220
-70 92 221
-69 92 221
-68 92 221
-67 92 222
-66 92 222
-65 92 222
-64 92 223
-63 92 223
-62 92 223
-61 92 224
-60 92 224
-59 92 224
-58 92 225
-57 92 225
-56 92 225
-55 92 225
-54 92 226
-53 92 226
-52 92 226
-51 92 227
-50 92 227
-49 92 227
-48 92 227
-47 92 228
-46 92 228
-45 92 228
-44 92 228
-43 92 229
-42 92 229
-41 92 229
-40 92 229
-39 92 229
-38 92 230
-37 92 230
-36 92 230
-35 92 230
-34 92 230
-33 92 230
-32 92 231
-31 92 231
-30 92 231
-29 92 231
-28 92 231
-27 92 231
-26 92 232
-25 92 232
-24 92 232
-23 92 232
-22 92 232
-21 92 232
-20 92 232
-19 92 232
-18 92 232
-17 92 232
-16 92 233
-15 92 233
-14 92 233
-13 92 233
-12 92 233
-11 92 233
-10 92 233
-9 92 233
-8 92 233
-7 92 233
-6 92 233
-5 92 233
-4 92 233
-3 92 233
-2 92 233
-1 92 233
0 92 233
1 92 233
2 92 233
3 92 233
4 92 233
5 92 233
6 92 233
7 92 233
8 92 233
9 92 233
10 92 233
11 92 233
12 92 233
13 92 233
14 92 233
15 92 233
16 92 233
17 92 232
18 92 232
19 92 232
20 92 232
21 92 232
22 92 232
23 92 232
24 92 232
25 92 232
26 92 232
27 92 231
28 92 231
29 92 231
30 92 231
31 92 231
32 92 231
33 92 230
34 92 230
35 92 230
36 92 230
37 92 230
38 92 230
39 92 229
40 92 229
41 92 229
42 92 229
43 92 229
44 92 228
45 92 228
46 92 228
47 92 228
48 92 227
49 92 227
50 92 227
51 92 227
52 92 226
53 92 226
54 92 226
55 92 225
56 92 225
57 92 225
58 92 225
59 92 224
60 92 224
61 92 224
62 92 223
63 92 223
64 92 223
65 92 222
66 92 222
67 92 222
68 92 221
69 92 221
70 92 221
71 92 220
72 92 220
73 92 220
74 92 219
75 92 219
76 92 218
77 92 218
78 92 218
79 92 217
80 92 217
81 92 216
82 92 216
83 92 215
84 92 215
85 92 215
86 92 214
87 92 214
88 92 213
89 92 213
90 92 212
91 92 212
92 92 211
93 92 211
94 92 210
95 92 210
96 92 209
97 92 209
98 92 208
99 92 208
100 92 207
101 92 207
102 92 206
103 92 206
104 92 205
105 92 205
106 92 204
107 92 204
108 92 203
109 92 202
110 92 202
111 92 201
112 92 201
113 92 200
114 92 200
-113 93 200
-112 93 200
-111 93 201
-110 93 201
-109 93 202
-108 93 203
-107 93 203
-106 93 204
-105 93 204
-104 93 205
-103 93 205
-102 93 206
-101 93 206
-100 93 207
-99 93 207
-98 93 208
-97 93 208
-96 93 209
-95 93 209
-94 93 210
-93 93 210
-92 93 211
-91 93 211
-90 93 212
-89 93 212
-88 93 213
-87 93 213
-86 93 214
-85 93 214
-84 93 215
-83 93 215
-82 93 215
-81 93 216
-80 93 216
-79 93 217
-78 93 217
-77 93 218
-76 93 218
-75 93 218
-74 93 219
-73 93 219
-72 93 219
-71 93 220
-70 93 220
-69 93 221
-68 93 221
-67 93 221
-66 93 222
-65 93 222
-64 93 222
-63 93 223
-62 93 223
-61 93 223
-60 93 224
-59 93 224
-58 93 224
-57 93 224
-56 93 225
-55 93 225
-54 93 225
-53 93 226
-52 93 226
-51 93 226
-50 93 226
-49 93 227
-48 93 227
-47 93 227
-46 93 227
-45 93 228
-44 93 228
-43 93 228
-42 93 228
-41 93 228
-40 93 229
-39 93 229
-38 93 229
-37 93 229
-36 93 229
-35 93 230
-34 93 230
-33 93 230
-32 93 230
-31 93 230
-30 93 230
-29 93 231
-28 93 231
-27 93 231
-26 93 231
-25 93 231
-24 93 231
-23 93 231
-22 93 232
-21 93 232
-20 93 232
-19 93 232
-18 93 232
-17 93 232
-16 93 232
-15 93 232
-14 93 232
-13 93 232
-12 93 232
-11 93 232
-10 93 233
-9 93 233
-8 93 233
-7 93 233
-6 93 233
-5 93 233
-4 93 233
-3 93 233
-2 93 233
-1 93 233
0 93 233
1 93 233
2 93 233
3 93 233
4 93 233
5 93 233
6 93 233
7 93 233
8 93 233
9 93 233
10 93 233
11 93 232
12 93 232
13 93 232
14 93 232
15 93 232
16 93 232
17 93 232
18 93 232
19 93 232
20 93 232
21 93 232
22 93 232
23 93 231
24 93 231
25 93 231
26 93 231
27 93 231
28 93 231
29 93 231
30 93 230
31 93 230
32 93 230
33 93 230
34 93 230
35 93 230
36 93 229
37 93 229
38 93 229
39 93 229
40 93 229
41 93 228
42 93 228
43 93 228
44 93 228
45 93 228
46 93 227
47 93 227
48 93 227
49 93 227
50 93 226
51 93 226
52 93 226
53 93 226
54 93 225
55 93 225
56 93 225
57 93 224
58 93 224
59 93 224
60 93 224
61 93 223
62 93 223
63 93 223
64 93 222
65 93 222
66 93 222
67 93 221
68 93 221
69 93 221
70 93 220
71 93 220
72 93 219
73 93 219
74 93 219
75 93 218
76 93 218
77 93 218
78 93 217
79 93 217
80 93 216
81 93 216
82 93 215
83 93 215
84 93 215
85 93 214
86 93 214
87 93 213
88 93 213
89 93 212
90 93 212
91 93 211
92 93 211
93 93 210
94 93 210
95 93 209
96 93 209
97 93 208
98 93 208
99 93 207
100 93 207
101 93 206
102 93 206
103 93 205
104 93 205
105 93 204
106 93 204
107 93 203
108 93 203
109 93 202
110 93 201
111 93 201
112 93 200
113 93 200
-112 94 200
-111 94 200
-110 94 201
-109 94 201
-108 94 202
-107 94 203
-106 94 203
-105 94 204
-104 94 204
-103 94 205
-102 94 205
-101 94 206
-100 94 206
-99 94 207
-98 94 207
-97 94 208
-96 94 208
-95 94 209
-94 94 209
-93 94 210
-92 94 210
-91 94 211
-90 94 211
-89 94 212
-88 94 212
-87 94 213
-86 94 213
-85 94 214
-84 94 214
-83 94 215
-82 94 215
-81 94 215
-80 94 216
-79 94 216
-78 94 217
-77 94 217
-76 94 217
-75 94 218
-74 94 218
-73 94 219
-72 94 219
-71 94 219
-70 94 220
-69 94 220
-68 94 220
-67 94 221
-66 94 221
-65 94 221
-64 94 222
-63 94 222
-62 94 222
-61 94 223
-60 94 223
-59 94 223
-58 94 224
-57 94 224
-56 94 224
-55 94 225
-54 94 225
-53 94 225
-52 94 225
-51 94 226
-50 94 226
-49 94 226
-48 94 226
-47 94 227
-46 94 227
-45 94 227
-44 94 227
-43 94 228
-42 94 228
-41 94 228
-40 94 228
-39 94 228
-38 94 229
-37 94 229
-36 94 229
-35 94 229
-34 94 229
-33 94 229
-32 94 230
-31 94 230
-30 94 230
-29 94 230
-28 94 230
-27 94 230
-26 94 231
-25 94 231
-24 94 231
-23 94 231
-22 94 231
-21 94 231
-20 94 231
-19 94 231
-18 94 231
-17 94 232
-16 94 232
-15 94 232
-14 94 232
-13 94 232
-12 94 232
-11 94 232
-10 94 232
-9 94 232
-8 94 232
-7 94 232
-6 94 232
-5 94 232
-4 94 232
-3 94 232
-2 94 232
-1 94 232
0 94 232
1 94 232
2 94 232
3 94 232
4 94 232
5 94 232
6 94 232
7 94 232
8 94 232
9 94 232
10 94 232
11 94 232
12 94 232
13 94 232
14 94 232
15 94 232
16 94 232
17 94 232
18 94 231
19 94 231
20 94 231
21 94 231
22 94 231
23 94 231
24 94 231
25 94 231
26 94 231
27 94 230
28 94 230
29 94 230
30 94 230
31 94 230
32 94 230
33 94 229
34 94 229
35 94 229
36 94 229
37 94 229
38 94 229
39 94 228
40 94 228
41 94 228
42 94 228
43 94 228
44 94 227
45 94 227
46 94 227
47 94 227
48 94 226
49 94 226
50 94 226
51 94 226
52 94 225
53 94 225
54 94 225
55 94 225
56 94 224
57 94 224
58 94 224
59 94 223
60 94 223
61 94 223
62 94 222
63 94 222
64 94 222
65 94 221
66 94 221
67 94 221
68 94 220
69 94 220
70 94 220
71 94 219
72 94 219
73 94 219
74 94 218
75 94 218
76 94 217
77 94 217
78 94 217
79 94 216
80 94 216
81 94 215
82 94 215
83 94 215
84 94 214
85 94 214
86 94 213
87 94 213
88 94 212
89 94 212
90 94 211
91 94 211
92 94 210
93 94 210
94 94 209
95 94 209
96 94 208
97 94 208
98 94 207
99 94 207
100 94 206
101 94 206
102 94 205
103 94 205
104 94 204
105 94 204
106 94 203
107 94 203
108 94 202
109 94 201
110 94 201
111 94 200
112 94 200
-111 95 200
-110 95 200
-109 95 201
-108 95 202
-107 95 202
-106 95 203
-105 95 203
-104 95 204
-103 95 204
-102 95 205
-101 95 205
-100 95 206
-99 95 206
-98 95 207
-97 95 207
-96 95 208
-95 95 208
-94 95 209
-93 95 209
-92 95 210
-91 95 210
-90 95 211
-89 95 211
-88 95 212
-87 95 212
-86 95 213
-85 95 213
-84 95 214
-83 95 214
-82 95 214
-81 95 215
-80 95 215
-79 95 216
-78 95 216
-77 95 217
-76 95 217
-75 95 217
-74 95 218
-73 95 218
-72 95 218
-71 95 219
-70 95 219
-69 95 220
-68 95 220
-67 95 220
-66 95 221
-65 95 221
-64 95 221
-63 95 222
-62 95 222
-61 95 222
-60 95 223
-59 95 223
-58 95 223
-57 95 223
-56 95 224
-55 95 224
-54 95 224
-53 95 225
-52 95 225
-51 95 225
-50 95 225
-49 95 226
-48 95 226
-47 95 226
-46 95 226
-45 95 227
-44 95 227
-43 95 227
-42 95 227
-41 95 227
-40 95 228
-39 95 228
-38 95 228
-37 95 228
-36 95 228
-35 95 229
-34 95 229
-33 95 229
-32 95 229
-31 95 229
-30 95 229
-29 95 230
-28 95 230
-27 95 230
-26 95 230
-25 95 230
-24 95 230
-23 95 230
-22 95 231
-21 95 231
-20 95 231
-19 95 231
-18 95 231
-17 95 231
-16 95 231
-15 95 231
-14 95 231
-13 95 231
-12 95 231
-11 95 231
-10 95 232
-9 95 232
-8 95 232
-7 95 232
-6 95 232
-5 95 232
-4 95 232
-3 95 232
-2 95 232
-1 95 232
0 95 232
1 95 232
2 95 232
3 95 232
4 95 232
5 95 232
6 95 232
7 95 232
8 95 232
9 95 232
10 95 232
11 95 231
12 95 231
13 95 231
14 95 231
15 95 231
16 95 231
17 95 231
18 95 231
19 95 231
20 95 231
21 95 231
22 95 231
23 95 230
24 95 230
25 95 230
26 95 230
27 95 230
28 95 230
29 95 230
30 95 229
31 95 229
32 95 229
33 95 229
34 95 229
35 95 229
36 95 228
37 95 228
38 95 228
39 95 228
40 95 228
41 95 227
42 95 227
43 95 227
44 95 227
45 95 227
46 95 226
47 95 226
48 95 226
49 95 226
50 95 225
51 95 225
52 95 225
53 95 225
54 95 224
55 95 224
56 95 224
57 95 223
58 95 223
59 95 223
60 95 223
61 95 222
62 95 222
63 95 222
64 95 221
65 95 221
66 95 221
67 95 220
68 95 220
69 95 220
70 95 219
71 95 219
72 95 218
73 95 218
74 95 218
75 95 217
76 95 217
77 95 217
78 95 216
79 95 216
80 95 215
81 95 215
82 95 214
83 95 214
84 95 214
85 95 213
86 95 213
87 95 212
88 95 212
89 95 211
90 95 211
91 95 210
92 95 210
93 95 209
94 95 209
95 95 208
96 95 208
97 95 207
98 95 207
99 95 206
100 95 206
101 95 205
102 95 205
103 95 204
104 95 204
105 95 203
106 95 203
107 95 202
108 95 202
109 95 201
110 95 200
111 95 200
-110 96 200
-109 96 200
-108 96 201
-107 96 202
-106 96 202
-105 96 203
-104 96 203
-103 96 204
-102 96 204
-101 96 205
-100 96 205
-99 96 206
-98 96 206
-97 96 207
-96 96 207
-95 96 208
-94 96 208
-93 96 209
-92 96 209
-91 96 210
-90 96 210
-89 96 211
-88 96 211
-87 96 212
-86 96 212
-85 96 213
-84 96 213
-83 96 214
-82 96 214
-81 96 214
-80 96 215
-79 96 215
-78 96 216
-77 96 216
-76 96 216
-75 96 217
-74 96 217
-73 96 218
-72 96 218
-71 96 218
-70 96 219
-69 96 219
-68 96 219
-67 96 220
-66 96 220
-65 96 220
-64 96 221
-63 96 221
-62 96 221
-61 96 222
-60 96 222
-59 96 222
-58 96 223
-57 96 223
-56 96 223
-55 96 224
-54 96 224
-53 96 224
-52 96 224
-51 96 225
-50 96 225
-49 96 225
-48 96 225
-47 96 226
-46 96 226
-45 96 226
-44 96 226
-43 96 227
-42 96 227
-41 96 227
-40 96 227
-39 96 227
-38 96 228
-37 96 228
-36 96 228
-35 96 228
-34 96 228
-33 96 229
-32 96 229
-31 96 229
-30 96 229
-29 96 229
-28 96 229
-27 96 229
-26 96 230
-25 96 230
-24 96 230
-23 96 230
-22 96 230
-21 96 230
-20 96 230
-19 96 230
-18 96 230
-17 96 231
-16 96 231
-15 96 231
-14 96 231
-13 96 231
-12 96 231
-11 96 231
-10 96 231
-9 96 231
-8 96 231
-7 96 231
-6 96 231
-5 96 231
-4 96 231
-3 96 231
-2 96 231
-1 96 231
0 96 231
1 96 231
2 96 231
3 96 231
4 96 231
5 96 231
6 96 231
7 96 231
8 96 231
9 96 231
10 96 231
11 96 231
12 96 231
13 96 231
14 96 231
15 96 231
16 96 231
17 96 231
18 96 230
19 96 230
20 96 230
21 96 230
22 96 230
23 96 230
24 96 230
25 96 230
26 96 230
27 96 229
28 96 229
29 96 229
30 96 229
31 96 229
32 96 229
33 96 229
34 96 228
35 96 228
36 96 228
37 96 228
38 96 228
39 96 227
40 96 227
41 96 227
42 96 227
43 96 227
44 96 226
45 96 226
46 96 226
47 96 226
48 96 225
49 96 225
50 96 225
51 96 225
52 96 224
53 96 224
54 96 224
55 96 224
56 96 223
57 96 223
58 96 223
59 96 222
60 96 222
61 96 222
62 96 221
63 96 221
64 96 221
65 96 220
66 96 220
67 96 220
68 96 219
69 96 219
70 96 219
71 96 218
72 96 218
73 96 218
74 96 217
75 96 217
76 96 216
77 96 216
78 96 216
79 96 215
80 96 215
81 96 214
82 96 214
83 96 214
84 96 213
85 96 213
86 96 212
87 96 212
88 96 211
89 96 211
90 96 210
91 96 210
92 96 209
93 96 209
94 96 208
95 96 208
96 96 207
97 96 207
98 96 206
99 96 206
100 96 205
101 96 205
102 96 204
103 96 204
104 96 203
105 96 203
106 96 202
107 96 202
108 96 201
109 96 200
110 96 200
-109 97 200
-108 97 201
-107 97 201
-106 97 202
-105 97 202
-104 97 203
-103 97 203
-102 97 204
-101 97 204
-100 97 205
-99 97 205
-98 97 206
-97 97 206
-96 97 207
-95 97 207
-94 97 208
-93 97 208
-92 97 209
-91 97 209
-90 97 210
-89 97 210
-88 97 211
-87 97 211
-86 97 212
-85 97 212
-84 97 213
-83 97 213
-82 97 213
-81 97 214
-80 97 214
-79 97 215
-78 97 215
-77 97 216
-76 97 216
-75 97 216
-74 97 217
-73 97 217
-72 97 217
-71 97 218
-70 97 218
-69 97 219
-68 97 219
-67 97 219
-66 97 220
-65 97 220
-64 97 220
-63 97 221
-62 97 221
-61 97 221
-60 97 222
-59 97 222
-58 97 222
-57 97 222
-56 97 223
-55 97 223
-54 97 223
-53 97 224
-52 97 224
-51 97 224
-50 97 224
-49 97 225
-48 97 225
-47 97 225
-46 97 225
-45 97 226
-44 97 226
-43 97 226
-42 97 226
-41 97 227
-40 97 227
-39 97 227
-38 97 227
-37 97 227
-36 97 227
-35 97 228
-34 97 228
-33 97 228
-32 97 228
-31 97 228
-30 97 229
-29 97 229
-28 97 229
-27 97 229
-26 97 229
-25 97 229
-24 97 229
-23 97 229
-22 97 230
-21 97 230
-20 97 230
-19 97 230
-18 97 230
-17 97 230
-16 97 230
-15 97 230
-14 97 230
-13 97 230
-12 97 230
-11 97 231
-10 97 231
-9 97 231
-8 97 231
-7 97 231
-6 97 231
-5 97 231
-4 97 231
-3 97 231
-2 97 231
-1 97 231
0 97 231
1 97 231
2 97 231
3 97 231
4 97 231
5 97 231
6 97 231
7 97 231
8 97 231
9 97 231
10 97 231
11 97 231
12 97 230
13 97 230
14 97 230
15 97 230
16 97 230
17 97 230
18 97 230
19 97 230
20 97 230
21 97 230
22 97 230
23 97 229
24 97 229
25 97 229
26 97 229
27 97 229
28 97 229
29 97 229
30 97 229
31 97 228
32 97 228
33 97 228
34 97 228
35 97 228
36 97 227
37 97 227
38 97 227
39 97 227
40 97 227
41 97 227
42 97 226
43 97 226
44 97 226
45 97 226
46 97 225
47 97 225
48 97 225
49 97 225
50 97 224
51 97 224
52 97 224
53 97 224
54 97 223
55 97 223
56 97 223
57 97 222
58 97 222
59 97 222
60 97 222
61 97 221
62 97 221
63 97 221
64 97 220
65 97 220
66 97 220
67 97 219
68 97 219
69 97 219
70 97 218
71 97 218
72 97 217
73 97 217
74 97 217
75 97 216
76 97 216
77 97 216
78 97 215
79 97 215
80 97 214
81 97 214
82 97 213
83 97 213
84 97 213
85 97 212
86 97 212
87 97 211
88 97 211
89 97 210
90 97 210
91 97 209
92 97 209
93 97 208
94 97 208
95 97 207
96 97 207
97 97 206
98 97 206
99 97 205
100 97 205
101 97 204
102 97 204
103 97 203
104 97 203
105 97 202
106 97 202
107 97 201
108 97 201
109 97 200
-108 98 200
-107 98 201
-106 98 201
-105 98 202
-104 98 202
-103 98 203
-102 98 203
-101 98 204
-100 98 204
-99 98 205
-98 98 205
-97 98 206
-96 98 206
-95 98 207
-94 98 207
-93 98 208
-92 98 208
-91 98 209
-90 98 209
-89 98 210
-88 98 210
-87 98 211
-86 98 211
-85 98 212
-84 98 212
-83 98 213
-82 98 213
-81 98 213
-80 98 214
-79 98 214
-78 98 215
-77 98 215
-76 98 215
-75 98 216
-74 98 216
-73 98 217
-72 98 217
-71 98 217
-70 98 218
-69 98 218
-68 98 218
-67 98 219
-66 98 219
-65 98 219
-64 98 220
-63 98 220
-62 98 220
-61 98 221
-60 98 221
-59 98 221
-58 98 222
-57 98 222
-56 98 222
-55 98 223
-54 98 223
-53 98 223
-52 98 223
-51 98 224
-50 98 224
-49 98 224
-48 98 224
-47 98 225
-46 98 225
-45 98 225
-44 98 225
-43 98 226
-42 98 226
-41 98 226
-40 98 226
-39 98 226
-38 98 227
-37 98 227
-36 98 227
-35 98 227
-34 98 227
-33 98 228
-32 98 228
-31 98 228
-30 98 228
-29 98 228
-28 98 228
-27 98 228
-26 98 229
-25 98 229
-24 98 229
-23 98 229
-22 98 229
-21 98 229
-20 98 229
-19 98 229
-18 98 229
-17 98 230
-16 98 230
-15 98 230
-14 98 230
-13 98 230
-12 98 230
-11 98 230
-10 98 230
-9 98 230
-8 98 230
-7 98 230
-6 98 230
-5 98 230
-4 98 230
-3 98 230
-2 98 230
-1 98 230
0 98 230
1 98 230
2 98 230
3 98 230
4 98 230
5 98 230
6 98 230
7 98 230
8 98 230
9 98 230
10 98 230
11 98 230
12 98 230
13 98 230
14 98 230
15 98 230
16 98 230
17 98 230
18 98 229
19 98 229
20 98 229
21 98 229
22 98 229
23 98 229
24 98 229
25 98 229
26 98 229
27 98 228
28 98 228
29 98 228
30 98 228
31 98 228
32 98 228
33 98 228
34 98 227
35 98 227
36 98 227
37 98 227
38 98 227
39 98 226
40 98 226
41 98 226
42 98 226
43 98 226
44 98 225
45 98 225
46 98 225
47 98 225
48 98 224
49 98 224
50 98 224
51 98 224
52 98 223
53 98 223
54 98 223
55 98 223
56 98 222
57 98 222
58 98 222
59 98 221
60 98 221
61 98 221
62 98 220
63 98 220
64 98 220
65 98 219
66 98 219
67 98 219
68 98 218
69 98 218
70 98 218
71 98 217
72 98 217
73 98 217
74 98 216
75 98 216
76 98 215
77 98 215
78 98 215
79 98 214
80 98 214
81 98 213
82 98 213
83 98 213
84 98 212
85 98 212
86 98 211
87 98 211
88 98 210
89 98 210
90 98 209
91 98 209
92 98 208
93 98 208
94 98 207
95 98 207
96 98 206
97 98 206
98 98 205
99 98 205
100 98 204
101 98 204
102 98 203
103 98 203
104 98 202
105 98 202
106 98 201
107 98 201
108 98 200
-108 99 200
-107 99 200
-106 99 201
-105 99 201
-104 99 202
-103 99 202
-102 99 203
-101 99 203
-100 99 204
-99 99 204
-98 99 205
-97 99 205
-96 99 206
-95 99 206
-94 99 207
-93 99 207
-92 99 208
-91 99 208
-90 99 209
-89 99 209
-88 99 210
-87 99 210
-86 99 211
-85 99 211
-84 99 212
-83 99 212
-82 99 212
-81 99 213
-80 99 213
-79 99 214
-78 99 214
-77 99 215
-76 99 215
-75 99 215
-74 99 216
-73 99 216
-72 99 216
-71 99 217
-70 99 217
-69 99 218
-68 99 218
-67 99 218
-66 99 219
-65 99 219
-64 99 219
-63 99 220
-62 99 220
-61 99 220
-60 99 221
-59 99 221
-58 99 221
-57 99 221
-56 99 222
-55 99 222
-54 99 222
-53 99 223
-52 99 223
-51 99 223
-50 99 223
-49 99 224
-48 99 224
-47 99 224
-46 99 224
-45 99 225
-44 99 225
-43 99 225
-42 99 225
-41 99 226
-40 99 226
-39 99 226
-38 99 226
-37 99 226
-36 99 226
-35 99 227
-34 99 227
-33 99 227
-32 99 227
-31 99 227
-30 99 228
-29 99 228
-28 99 228
-27 99 228
-26 99 228
-25 99 228
-24 99 228
-23 99 228
-22 99 229
-21 99 229
-20 99 229
-19 99 229
-18 99 229
-17 99 229
-16 99 229
-15 99 229
-14 99 229
-13 99 229
-12 99 229
-11 99 230
-10 99 230
-9 99 230
-8 99 230
-7 99 230
-6 99 230
-5 99 230
-4 99 230
-3 99 230
-2 99 230
-1 99 230
0 99 230
1 99 230
2 99 230
3 99 230
4 99 230
5 99 230
6 99 230
7 99 230
8 99 230
9 99 230
10 99 230
11 99 230
12 99 229
13 99 229
14 99 229
15 99 229
16 99 229
17 99 229
18 99 229
19 99 229
20 99 229
21 99 229
22 99 229
23 99 228
24 99 228
25 99 228
26 99 228
27 99 228
28 99 228
29 99 228
30 99 228
31 99 227
32 99 227
33 99 227
34 99 227
35 99 227
36 99 226
37 99 226
38 99 226
39 99 226
40 99 226
41 99 226
42 99 225
43 99 225
44 99 225
45 99 225
46 99 224
47 99 224
48 99 224
49 99 224
50 99 223
51 99 223
52 99 223
53 99 223
54 99 222
55 99 222
56 99 222
57 99 221
58 99 221
59 99 221
60 99 221
61 99 220
62 99 220
63 99 220
64 99 219
65 99 219
66 99 219
67 99 218
68 99 218
69 99 218
70 99 217
71 99 217
72 99 216
73 99 216
74 99 216
75 99 215
76 99 215
77 99 215
78 99 214
79 99 214
80 99 213
81 99 213
82 99 212
83 99 212
84 99 212
85 99 211
86 99 211
87 99 210
88 99 210
89 99 209
90 99 209
91 99 208
92 99 208
93 99 207
94 99 207
95 99 206
96 99 206
97 99 205
98 99 205
99 99 204
100 99 204
101 99 203
102 99 203
103 99 202
104 99 202
105 99 201
106 99 201
107 99 200
108 99 200
-107 100 200
-106 100 200
-105 100 201
-104 100 201
-103 100 202
-102 100 202
-101 100 203
-100 100 203
-99 100 204
-98 100 204
-97 100 205
-96 100 205
-95 100 206
-94 100 206
-93 100 207
-92 100 207
-91 100 208
-90 100 208
-89 100 209
-88 100 209
-87 100 210
-86 100 210
-85 100 211
-84 100 211
-83 100 211
-82 100 212
-81 100 212
-80 100 213
-79 100 213
-78 100 214
-77 100 214
-76 100 214
-75 100 215
-74 100 215
-73 100 216
-72 100 216
-71 100 216
-70 100 217
-69 100 217
-68 100 217
-67 100 218
-66 100 218
-65 100 218
-64 100 219
-63 100 219
-62 100 219
-61 100 220
-60 100 220
-59 100 220
-58 100 221
-57 100 221
-56 100 221
-55 100 222
-54 100 222
-53 100 222
-52 100 222
-51 100 223
-50 100 223
-49 100 223
-48 100 223
-47 100 224
-46 100 224
-45 100 224
-44 100 224
-43 100 225
-42 100 225
-41 100 225
-40 100 225
-39 100 225
-38 100 226
-37 100 226
-36 100 226
-35 100 226
-34 100 226
-33 100 227
-32 100 227
-31 100 227
-30 100 227
-29 100 227
-28 100 227
-27 100 227
-26 100 228
-25 100 228
-24 100 228
-23 100 228
-22 100 228
-21 100 228
-20 100 228
-19 100 228
-18 100 228
-17 100 229
-16 100 229
-15 100 229
-14 100 229
-13 100 229
-12 100 229
-11 100 229
-10 100 229
-9 100 229
-8 100 229
-7 100 229
-6 100 229
-5 100 229
-4 100 229
-3 100 229
-2 100 229
-1 100 229
0 100 229
1 100 229
2 100 229
3 100 229
4 100 229
5 100 229
6 100 229
7 100 229
8 100 229
9 100 229
10 100 229
11 100 229
12 100 229
13 100 229
14 100 229
15 100 229
16 100 229
17 100 229
18 100 228
19 100 228
20 100 228
21 100 228
22 100 228
23 100 228
24 100 228
25 100 228
26 100 228
27 100 227
28 100 227
29 100 227
30 100 227
31 100 227
32 100 227
33 100 227
34 100 226
35 100 226
36 100 226
37 100 226
38 100 226
39 100 225
40 100 225
41 100 225
42 100 225
43 100 225
44 100 224
45 100 224
46 100 224
47 100 224
48 100 223
49 100 223
50 100 223
51 100 223
52 100 222
53 100 222
54 100 222
55 100 222
56 100 221
57 100 221
58 100 221
59 100 220
60 100 220
61 100 220
62 100 219
63 100 219
64 100 219
65 100 218
66 100 218
67 100 218
68 100 217
69 100 217
70 100 217
71 100 216
72 100 216
73 100 216
74 100 215
75 100 215
76 100 214
77 100 214
78 100 214
79 100 213
80 100 213
81 100 212
82 100 212
83 100 211
84 100 211
85 100 211
86 100 210
87 100 210
88 100 209
89 100 209
90 100 208
91 100 208
92 100 207
93 100 207
94 100 206
95 100 206
96 100 205
97 100 205
98 100 204
99 100 204
100 100 203
101 100 203
102 100 202
103 100 202
104 100 201
105 100 201
106 100 200
107 100 200
-106 101 200
-105 101 200
-104 101 201
-103 101 201
-102 101 202
-101 101 202
-100 101 203
-99 101 203
-98 101 204
-97 101 204
-96 101 205
-95 101 205
-94 101 206
-93 101 206
-92 101 207
-91 101 207
-90 101 208
-89 101 208
-88 101 209
-87 101 209
-86 101 210
-85 101 210
-84 101 211
-83 101 211
-82 101 211
-81 101 212
-80 101 212
-79 101 213
-78 101 213
-77 101 213
-76 101 214
-75 101 214
-74 101 215
-73 101 215
-72 101 215
-71 101 216
-70 101 216
-69 101 217
-68 101 217
-67 101 217
-66 101 218
-65 101 218
-64 101 218
-63 101 219
-62 101 219
-61 101 219
-60 101 220
-59 101 220
-58 101 220
-57 101 220
-56 101 221
-55 101 221
-54 101 221
-53 101 222
-52 101 222
-51 101 222
-50 101 222
-49 101 223
-48 101 223
-47 101 223
-46 101 223
-45 101 224
-44 101 224
-43 101 224
-42 101 224
-41 101 224
-40 101 225
-39 101 225
-38 101 225
-37 101 225
-36 101 225
-35 101 226
-34 101 226
-33 101 226
-32 101 226
-31 101 226
-30 101 226
-29 101 227
-28 101 227
-27 101 227
-26 101 227
-25 101 227
-24 101 227
-23 101 227
-22 101 228
-21 101 228
-20 101 228
-19 101 228
-18 101 228
-17 101 228
-16 101 228
-15 101 228
-14 101 228
-13 101 228
-12 101 228
-11 101 228
-10 101 229
-9 101 229
-8 101 229
-7 101 229
-6 101 229
-5 101 229
-4 101 229
-3 101 229
-2 101 229
-1 101 229
0 101 229
1 101 229
2 101 229
3 101 229
4 101 229
5 101 229
6 101 229
7 101 229
8 101 229
9 101 229
10 101 229
11 101 228
12 101 228
13 101 228
14 101 228
15 101 228
16 101 228
17 101 228
18 101 228
19 101 228
20 101 228
21 101 228
22 101 228
23 101 227
24 101 227
25 101 227
26 101 227
27 101 227
28 101 227
29 101 227
30 101 226
31 101 226
32 101 226
33 101 226
34 101 226
35 101 226
36 101 225
37 101 225
38 101 225
39 101 225
40 101 225
41 101 224
42 101 224
43 101 224
44 101 224
45 101 224
46 101 223
47 101 223
48 101 223
49 101 223
50 101 222
51 101 222
52 101 222
53 101 222
54 101 221
55 101 221
56 101 221
57 101 220
58 101 220
59 101 220
60 101 220
61 101 219
62 101 219
63 101 219
64 101 218
65 101 218
66 101 218
67 101 217
68 101 217
69 101 217
70 101 216
71 101 216
72 101 215
73 101 215
74 101 215
75 101 214
76 101 214
77 101 213
78 101 213
79 101 213
80 101 212
81 101 212
82 101 211
83 101 211
84 101 211
85 101 210
86 101 210
87 101 209
88 101 209
89 101 208
90 101 208
91 101 207
92 101 207
93 101 206
94 101 206
95 101 205
96 101 205
97 101 204
98 101 204
99 101 203
100 101 203
101 101 202
102 101 202
103 101 201
104 101 201
105 101 200
106 101 200
-105 102 200
-104 102 200
-103 102 201
-102 102 201
-101 102 202
-100 102 202
-99 102 203
-98 102 203
-97 102 204
-96 102 204
-95 102 205
-94 102 205
-93 102 206
-92 102 206
-91 102 207
-90 102 207
-89 102 208
-88 102 208
-87 102 209
-86 102 209
-85 102 210
-84 102 210
-83 102 210
-82 102 211
-81 102 211
-80 102 212
-79 102 212
-78 102 213
-77 102 213
-76 102 213
-75 102 214
-74 102 214
-73 102 215
-72 102 215
-71 102 215
-70 102 216
-69 102 216
-68 102 216
-67 102 217
-66 102 217
-65 102 217
-64 102 218
-63 102 218
-62 102 218
-61 102 219
-60 102 219
-59 102 219
-58 102 220
-57 102 220
-56 102 220
-55 102 220
-54 102 221
-53 102 221
-52 102 221
-51 102 222
-50 102 222
-49 102 222
-48 102 222
-47 102 223
-46 102 223
-45 102 223
-44 102 223
-43 102 224
-42 102 224
-41 102 224
-40 102 224
-39 102 224
-38 102 225
-37 102 225
-36 102 225
-35 102 225
-34 102 225
-33 102 225
-32 102 226
-31 102 226
-30 102 226
-29 102 226
-28 102 226
-27 102 226
-26 102 227
-25 102 227
-24 102 227
-23 102 227
-22 102 227
-21 102 227
-20 102 227
-19 102 227
-18 102 227
-17 102 228
-16 102 228
-15 102 228
-14 102 228
-13 102 228
-12 102 228
-11 102 228
-10 102 228
-9 102 228
-8 102 228
-7 102 228
-6 102 228
-5 102 228
-4 102 228
-3 102 228
-2 102 228
-1 102 228
0 102 228
1 102 228
2 102 228
3 102 228
4 102 228
5 102 228
6 102 228
7 102 228
8 102 228
9 102 228
10 102 228
11 102 228
12 102 228
13 102 228
14 102 228
15 102 228
16 102 228
17 102 228
18 102 227
19 102 227
20 102 227
21 102 227
22 102 227
23 102 227
24 102 227
25 102 227
26 102 227
27 102 226
28 102 226
29 102 226
30 102 226
31 102 226
32 102 226
33 102 225
34 102 225
35 102 225
36 102 225
37 102 225
38 102 225
39 102 224
40 102 224
41 102 224
42 102 224
43 102 224
44 102 223
45 102 223
46 102 223
47 102 223
48 102 222
49 102 222
50 102 222
51 102 222
52 102 221
53 102 221
54 102 221
55 102 220
56 102 220
57 102 220
58 102 220
59 102 219
60 102 219
61 102 219
62 102 218
63 102 218
64 102 218
65 102 217
66 102 217
67 102 217
68 102 216
69 102 216
70 102 216
71 102 215
72 102 215
73 102 215
74 102 214
75 102 214
76 102 213
77 102 213
78 102 213
79 102 212
80 102 212
81 102 211
82 102 211
83 102 210
84 102 210
85 102 210
86 102 209
87 102 209
88 102 208
89 102 208
90 102 207
91 102 207
92 102 206
93 102 206
94 102 205
95 102 205
96 102 204
97 102 204
98 102 203
99 102 203
100 102 202
101 102 202
102 102 201
103 102 201
104 102 200
105 102 200
-104 103 200
-103 103 200
-102 103 201
-101 103 201
-100 103 202
-99 103 202
-98 103 203
-97 103 203
-96 103 204
-95 103 204
-94 103 205
-93 103 205
-92 103 206
-91 103 206
-90 103 207
-89 103 207
-88 103 208
-87 103 208
-86 103 209
-85 103 209
-84 103 209
-83 103 210
-82 103 210
-81 103 211
-80 103 211
-79 103 212
-78 103 212
-77 103 212
-76 103 213
-75 103 213
-74 103 214
-73 103 214
-72 103 214
-71 103 215
-70 103 215
-69 103 215
-68 103 216
-67 103 216
-66 103 217
-65 103 217
-64 103 217
-63 103 218
-62 103 218
-61 103 218
-60 103 218
-59 103 219
-58 103 219
-57 103 219
-56 103 220
-55 103 220
-54 103 220
-53 103 221
-52 103 221
-51 103 221
-50 103 221
-49 103 222
-48 103 222
-47 103 222
-46 103 222
-45 103 223
-44 103 223
-43 103 223
-42 103 223
-41 103 223
-40 103 224
-39 103 224
-38 103 224
-37 103 224
-36 103 224
-35 103 225
-34 103 225
-33 103 225
-32 103 225
-31 103 225
-30 103 225
-29 103 226
-28 103 226
-27 103 226
-26 103 226
-25 103 226
-24 103 226
-23 103 226
-22 103 227
-21 103 227
-20 103 227
-19 103 227
-18 103 227
-17 103 227
-16 103 227
-15 103 227
-14 103 227
-13 103 227
-12 103 227
-11 103 227
-10 103 227
-9 103 228
-8 103 228
-7 103 228
-6 103 228
-5 103 228
-4 103 228
-3 103 228
-2 103 228
-1 103 228
0 103 228
1 103 228
2 103 228
3 103 228
4 103 228
5 103 228
6 103 228
7 103 228
8 103 228
9 103 228
10 103 227
11 103 227
12 103 227
13 103 227
14 103 227
15 103 227
16 103 227
17 103 227
18 103 227
19 103 227
20 103 227
21 103 227
22 103 227
23 103 226
24 103 226
25 103 226
26 103 226
27 103 226
28 103 226
29 103 226
30 103 225
31 103 225
32 103 225
33 103 225
34 103 225
35 103 225
36 103 224
37 103 224
38 103 224
39 103 224
40 103 224
41 103 223
42 103 223
43 103 223
44 103 223
45 103 223
46 103 222
47 103 222
48 103 222
49 103 222
50 103 221
51 103 221
52 103 221
53 103 221
54 103 220
55 103 220
56 103 220
57 103 219
58 103 219
59 103 219
60 103 218
61 103 218
62 103 218
63 103 218
64 103 217
65 103 217
66 103 217
67 103 216
68 103 216
69 103 215
70 103 215
71 103 215
72 103 214
73 103 214
74 103 214
75 103 213
76 103 213
77 103 212
78 103 212
79 103 212
80 103 211
81 103 211
82 103 210
83 103 210
84 103 209
85 103 209
86 103 209
87 103 208
88 103 208
89 103 207
90 103 207
91 103 206
92 103 206
93 103 205
94 103 205
95 103 204
96 103 204
97 103 203
98 103 203
99 103 202
100 103 202
101 103 201
102 103 201
103 103 200
104 103 200
-103 104 200
-102 104 200
-101 104 201
-100 104 201
-99 104 202
-98 104 202
-97 104 203
-96 104 203
-95 104 204
-94 104 204
-93 104 205
-92 104 205
-91 104 206
-90 104 206
-89 104 207
-88 104 207
-87 104 208
-86 104 208
-85 104 208
-84 104 209
-83 104 209
-82 104 210
-81 104 210
-80 104 211
-79 104 211
-78 104 211
-77 104 212
-76 104 212
-75 104 213
-74 104 213
-73 104 213
-72 104 214
-71 104 214
-70 104 215
-69 104 215
-68 104 215
-67 104 216
-66 104 216
-65 104 216
-64 104 217
-63 104 217
-62 104 217
-61 104 218
-60 104 218
-59 104 218
-58 104 219
-57 104 219
-56 104 219
-55 104 219
-54 104 220
-53 104 220
-52 104 220
-51 104 221
-50 104 221
-49 104 221
-48 104 221
-47 104 222
-46 104 222
-45 104 222
-44 104 222
-43 104 222
-42 104 223
-41 104 223
-40 104 223
-39 104 223
-38 104 223
-37 104 224
-36 104 224
-35 104 224
-34 104 224
-33 104 224
-32 104 225
-31 104 225
-30 104 225
-29 104 225
-28 104 225
-27 104 225
-26 104 225
-25 104 226
-24 104 226
-23 104 226
-22 104 226
-21 104 226
-20 104 226
-19 104 226
-18 104 226
-17 104 226
-16 104 227
-15 104 227
-14 104 227
-13 104 227
-12 104 227
-11 104 227
-10 104 227
-9 104 227
-8 104 227
-7 104 227
-6 104 227
-5 104 227
-4 104 227
-3 104 227
-2 104 227
-1 104 227
0 104 227
1 104 227
2 104 227
3 104 227
4 104 227
5 104 227
6 104 227
7 104 227
8 104 227
9 104 227
10 104 227
11 104 227
12 104 227
13 104 227
14 104 227
15 104 227
16 104 227
17 104 226
18 104 226
19 104 226
20 104 226
21 104 226
22 104 226
23 104 226
24 104 226
25 104 226
26 104 225
27 104 225
28 104 225
29 104 225
30 104 225
31 104 225
32 104 225
33 104 224
34 104 224
35 104 224
36 104 224
37 104 224
38 104 223
39 104 223
40 104 223
41 104 223
42 104 223
43 104 222
44 104 222
45 104 222
46 104 222
47 104 222
48 104 221
49 104 221
50 104 221
51 104 221
52 104 220
53 104 220
54 104 220
55 104 219
56 104 219
57 104 219
58 104 219
59 104 218
60 104 218
61 104 218
62 104 217
63 104 217
64 104 217
65 104 216
66 104 216
67 104 216
68 104 215
69 104 215
70 104 215
71 104 214
72 104 214
73 104 213
74 104 213
75 104 213
76 104 212
77 104 212
78 104 211
79 104 211
80 104 211
81 104 210
82 104 210
83 104 209
84 104 209
85 104 208
86 104 208
87 104 208
88 104 207
89 104 207
90 104 206
91 104 206
92 104 205
93 104 205
94 104 204
95 104 204
96 104 203
97 104 203
98 104 202
99 104 202
100 104 201
101 104 201
102 104 200
103 104 200
-102 105 200
-101 105 200
-100 105 201
-99 105 201
-98 105 202
-97 105 202
-96 105 203
-95 105 203
-94 105 204
-93 105 204
-92 105 205
-91 105 205
-90 105 206
-89 105 206
-88 105 207
-87 105 207
-86 105 207
-85 105 208
-84 105 208
-83 105 209
-82 105 209
-81 105 210
-80 105 210
-79 105 211
-78 105 211
-77 105 211
-76 105 212
-75 105 212
-74 105 213
-73 105 213
-72 105 213
-71 105 214
-70 105 214
-69 105 214
-68 105 215
-67 105 215
-66 105 215
-65 105 216
-64 105 216
-63 105 216
-62 105 217
-61 105 217
-60 105 217
-59 105 218
-58 105 218
-57 105 218
-56 105 219
-55 105 219
-54 105 219
-53 105 219
-52 105 220
-51 105 220
-50 105 220
-49 105 220
-48 105 221
-47 105 221
-46 105 221
-45 105 221
-44 105 222
-43 105 222
-42 105 222
-41 105 222
-40 105 223
-39 105 223
-38 105 223
-37 105 223
-36 105 223
-35 105 224
-34 105 224
-33 105 224
-32 105 224
-31 105 224
-30 105 224
-29 105 225
-28 105 225
-27 105 225
-26 105 225
-25 105 225
-24 105 225
-23 105 225
-22 105 225
-21 105 226
-20 105 226
-19 105 226
-18 105 226
-17 105 226
-16 105 226
-15 105 226
-14 105 226
-13 105 226
-12 105 226
-11 105 226
-10 105 226
-9 105 226
-8 105 227
-7 105 227
-6 105 227
-5 105 227
-4 105 227
-3 105 227
-2 105 227
-1 105 227
0 105 227
1 105 227
2 105 227
3 105 227
4 105 227
5 105 227
6 105 227
7 105 227
8 105 227
9 105 226
10 105 226
11 105 226
12 105 226
13 105 226
14 105 226
15 105 226
16 105 226
17 105 226
18 105 226
19 105 226
20 105 226
21 105 226
22 105 225
23 105 225
24 105 225
25 105 225
26 105 225
27 105 225
28 105 225
29 105 225
30 105 224
31 105 224
32 105 224
33 105 224
34 105 224
35 105 224
36 105 223
37 105 223
38 105 223
39 105 223
40 105 223
41 105 222
42 105 222
43 105 222
44 105 222
45 105 221
46 105 221
47 105 221
48 105 221
49 105 220
50 105 220
51 105 220
52 105 220
53 105 219
54 105 219
55 105 219
56 105 219
57 105 218
58 105 218
59 105 218
60 105 217
61 105 217
62 105 217
63 105 216
64 105 216
65 105 216
66 105 215
67 105 215
68 105 215
69 105 214
70 105 214
71 105 214
72 105 213
73 105 213
74 105 213
75 105 212
76 105 212
77 105 211
78 105 211
79 105 211
80 105 210
81 105 210
82 105 209
83 105 209
84 105 208
85 105 208
86 105 207
87 105 207
88 105 207
89 105 206
90 105 206
91 105 205
92 105 205
93 105 204
94 105 204
95 105 203
96 105 203
97 105 202
98 105 202
99 105 201
100 105 201
101 105 200
102 105 200
-101 106 200
-100 106 200
-99 106 201
-98 106 201
-97 106 202
-96 106 202
-95 106 203
-94 106 203
-93 106 204
-92 106 204
-91 106 205
-90 106 205
-89 106 206
-88 106 206
-87 106 206
-86 106 207
-85 106 207
-84 106 208
-83 106 208
-82 106 209
-81 106 209
-80 106 210
-79 106 210
-78 106 210
-77 106 211
-76 106 211
-75 106 212
-74 106 212
-73 106 212
-72 106 213
-71 106 213
-70 106 213
-69 106 214
-68 106 214
-67 106 215
-66 106 215
-65 106 215
-64 106 216
-63 106 216
-62 106 216
-61 106 217
-60 106 217
-59 106 217
-58 106 217
-57 106 218
-56 106 218
-55 106 218
-54 106 219
-53 106 219
-52 106 219
-51 106 219
-50 106 220
-49 106 220
-48 106 220
-47 106 220
-46 106 221
-45 106 221
-44 106 221
-43 106 221
-42 106 222
-41 106 222
-40 106 222
-39 106 222
-38 106 222
-37 106 223
-36 106 223
-35 106 223
-34 106 223
-33 106 223
-32 106 223
-31 106 224
-30 106 224
-29 106 224
-28 106 224
-27 106 224
-26 106 224
-25 106 225
-24 106 225
-23 106 225
-22 106 225
-21 106 225
-20 106 225
-19 106 225
-18 106 225
-17 106 225
-16 106 225
-15 106 226
-14 106 226
-13 106 226
-12 106 226
-11 106 226
-10 106 226
-9 106 226
-8 106 226
-7 106 226
-6 106 226
-5 106 226
-4 106 226
-3 106 226
-2 106 226
-1 106 226
0 106 226
1 106 226
2 106 226
3 106 226
4 106 226
5 106 226
6 106 226
7 106 226
8 106 226
9 106 226
10 106 226
11 106 226
12 106 226
13 106 226
14 106 226
15 106 226
16 106 225
17 106 225
18 106 225
19 106 225
20 106 225
21 106 225
22 106 225
23 106 225
24 106 225
25 106 225
26 106 224
27 106 224
28 106 224
29 106 224
30 106 224
31 106 224
32 106 223
33 106 223
34 106 223
35 106 223
36 106 223
37 106 223
38 106 222
39 106 222
40 106 222
41 106 222
42 106 222
43 106 221
44 106 221
45 106 221
46 106 221
47 106 220
48 106 220
49 106 220
50 106 220
51 106 219
52 106 219
53 106 219
54 106 219
55 106 218
56 106 218
57 106 218
58 106 217
59 106 217
60 106 217
61 106 217
62 106 216
63 106 216
64 106 216
65 106 215
66 106 215
67 106 215
68 106 214
69 106 214
70 106 213
71 106 213
72 106 213
73 106 212
74 106 212
75 106 212
76 106 211
77 106 211
78 106 210
79 106 210
80 106 210
81 106 209
82 106 209
83 106 208
84 106 208
85 106 207
86 106 207
87 106 206
88 106 206
89 106 206
90 106 205
91 106 205
92 106 204
93 106 204
94 106 203
95 106 203
96 106 202
97 106 202
98 106 201
99 106 201
100 106 200
101 106 200
-100 107 200
-99 107 200
-98 107 201
-97 107 201
-96 107 202
-95 107 202
-94 107 203
-93 107 203
-92 107 204
-91 107 204
-90 107 205
-89 107 205
-88 107 205
-87 107 206
-86 107 206
-85 107 207
-84 107 207
-83 107 208
-82 107 208
-81 107 209
-80 107 209
-79 107 209
-78 107 210
-77 107 210
-76 107 211
-75 107 211
-74 107 211
-73 107 212
-72 107 212
-71 107 213
-70 107 213
-69 107 213
-68 107 214
-67 107 214
-66 107 214
-65 107 215
-64 107 215
-63 107 215
-62 107 216
-61 107 216
-60 107 216
-59 107 217
-58 107 217
-57 107 217
-56 107 217
-55 107 218
-54 107 218
-53 107 218
-52 107 219
-51 107 219
-50 107 219
-49 107 219
-48 107 220
-47 107 220
-46 107 220
-45 107 220
-44 107 221
-43 107 221
-42 107 221
-41 107 221
-40 107 221
-39 107 222
-38 107 222
-37 107 222
-36 107 222
-35 107 222
-34 107 223
-33 107 223
-32 107 223
-31 107 223
-30 107 223
-29 107 223
-28 107 224
-27 107 224
-26 107 224
-25 107 224
-24 107 224
-23 107 224
-22 107 224
-21 107 224
-20 107 225
-19 107 225
-18 107 225
-17 107 225
-16 107 225
-15 107 225
-14 107 225
-13 107 225
-12 107 225
-11 107 225
-10 107 225
-9 107 225
-8 107 225
-7 107 225
-6 107 225
-5 107 226
-4 107 226
-3 107 226
-2 107 226
-1 107 226
0 107 226
1 107 226
2 107 226
3 107 226
4 107 226
5 107 226
6 107 225
7 107 225
8 107 225
9 107 225
10 107 225
11 107 225
12 107 225
13 107 225
14 107 225
15 107 225
16 107 225
17 107 225
18 107 225
19 107 225
20 107 225
21 107 224
22 107 224
23 107 224
24 107 224
25 107 224
26 107 224
27 107 224
28 107 224
29 107 223
30 107 223
31 107 223
32 107 223
33 107 223
34 107 223
35 107 222
36 107 222
37 107 222
38 107 222
39 107 222
40 107 221
41 107 221
42 107 221
43 107 221
44 107 221
45 107 220
46 107 220
47 107 220
48 107 220
49 107 219
50 107 219
51 107 219
52 107 219
53 107 218
54 107 218
55 107 218
56 107 217
57 107 217
58 107 217
59 107 217
60 107 216
61 107 216
62 107 216
63 107 215
64 107 215
65 107 215
66 107 214
67 107 214
68 107 214
69 107 213
70 107 213
71 107 213
72 107 212
73 107 212
74 107 211
75 107 211
76 107 211
77 107 210
78 107 210
79 107 209
80 107 209
81 107 209
82 107 208
83 107 208
84 107 207
85 107 207
86 107 206
87 107 206
88 107 205
89 107 205
90 107 205
91 107 204
92 107 204
93 107 203
94 107 203
95 107 202
96 107 202
97 107 201
98 107 201
99 107 200
100 107 200
-99 108 200
-98 108 200
-97 108 201
-96 108 201
-95 108 202
-94 108 202
-93 108 203
-92 108 203
-91 108 204
-90 108 204
-89 108 204
-88 108 205
-87 108 205
-86 108 206
-85 108 206
-84 108 207
-83 108 207
-82 108 208
-81 108 208
-80 108 208
-79 108 209
-78 108 209
-77 108 210
-76 108 210
-75 108 210
-74 108 211
-73 108 211
-72 108 212
-71 108 212
-70 108 212
-69 108 213
-68 108 213
-67 108 213
-66 108 214
-65 108 214
-64 108 214
-63 108 215
-62 108 215
-61 108 215
-60 108 216
-59 108 216
-58 108 216
-57 108 217
-56 108 217
-55 108 217
-54 108 217
-53 108 218
-52 108 218
-51 108 218
-50 108 219
-49 108 219
-48 108 219
-47 108 219
-46 108 220
-45 108 220
-44 108 220
-43 108 220
-42 108 220
-41 108 221
-40 108 221
-39 108 221
-38 108 221
-37 108 222
-36 108 222
-35 108 222
-34 108 222
-33 108 222
-32 108 222
-31 108 223
-30 108 223
-29 108 223
-28 108 223
-27 108 223
-26 108 223
-25 108 223
-24 108 224
-23 108 224
-22 108 224
-21 108 224
-20 108 224
-19 108 224
-18 108 224
-17 108 224
-16 108 224
-15 108 224
-14 108 225
-13 108 225
-12 108 225
-11 108 225
-10 108 225
-9 108 225
-8 108 225
-7 108 225
-6 108 225
-5 108 225
-4 108 225
-3 108 225
-2 108 225
-1 108 225
0 108 225
1 108 225
2 108 225
3 108 225
4 108 225
5 108 225
6 108 225
7 108 225
8 108 225
9 108 225
10 108 225
11 108 225
12 108 225
13 108 225
14 108 225
15 108 224
16 108 224
17 108 224
18 108 224
19 108 224
20 108 224
21 108 224
22 108 224
23 108 224
24 108 224
25 108 223
26 108 223
27 108 223
28 108 223
29 108 223
30 108 223
31 108 223
32 108 222
33 108 222
34 108 222
35 108 222
36 108 222
37 108 222
38 108 221
39 108 221
40 108 221
41 108 221
42 108 220
43 108 220
44 108 220
45 108 220
46 108 220
47 108 219
48 108 219
49 108 219
50 108 219
51 108 218
52 108 218
53 108 218
54 108 217
55 108 217
56 108 217
57 108 217
58 108 216
59 108 216
60 108 216
61 108 215
62 108 215
63 108 215
64 108 214
65 108 214
66 108 214
67 108 213
68 108 213
69 108 213
70 108 212
71 108 212
72 108 212
73 108 211
74 108 211
75 108 210
76 108 210
77 108 210
78 108 209
79 108 209
80 108 208
81 108 208
82 108 208
83 108 207
84 108 207
85 108 206
86 108 206
87 108 205
88 108 205
89 108 204
90 108 204
91 108 204
92 108 203
93 108 203
94 108 202
95 108 202
96 108 201
97 108 201
98 108 200
99 108 200
-97 109 200
-96 109 200
-95 109 201
-94 109 201
-93 109 202
-92 109 202
-91 109 203
-90 109 203
-89 109 204
-88 109 204
-87 109 205
-86 109 205
-85 109 206
-84 109 206
-83 109 207
-82 109 207
-81 109 207
-80 109 208
-79 109 208
-78 109 209
-77 109 209
-76 109 209
-75 109 210
-74 109 210
-73 109 211
-72 109 211
-71 109 211
-70 109 212
-69 109 212
-68 109 212
-67 109 213
-66 109 213
-65 109 214
-64 109 214
-63 109 214
-62 109 215
-61 109 215
-60 109 215
-59 109 215
-58 109 216
-57 109 216
-56 109 216
-55 109 217
-54 109 217
-53 109 217
-52 109 217
-51 109 218
-50 109 218
-49 109 218
-48 109 219
-47 109 219
-46 109 219
-45 109 219
-44 109 219
-43 109 220
-42 109 220
-41 109 220
-40 109 220
-39 109 221
-38 109 221
-37 109 221
-36 109 221
-35 109 221
-34 109 221
-33 109 222
-32 109 222
-31 109 222
-30 109 222
-29 109 222
-28 109 222
-27 109 223
-26 109 223
-25 109 223
-24 109 223
-23 109 223
-22 109 223
-21 109 223
-20 109 223
-19 109 224
-18 109 224
-17 109 224
-16 109 224
-15 109 224
-14 109 224
-13 109 224
-12 109 224
-11 109 224
-10 109 224
-9 109 224
-8 109 224
-7 109 224
-6 109 224
-5 109 224
-4 109 224
-3 109 224
-2 109 224
-1 109 224
0 109 224
1 109 224
2 109 224
3 109 224
4 109 224
5 109 224
6 109 224
7 109 224
8 109 224
9 109 224
10 109 224
11 109 224
12 109 224
13 109 224
14 109 224
15 109 224
16 109 224
17 109 224
18 109 224
19 109 224
20 109 223
21 109 223
22 109 223
23 109 223
24 109 223
25 109 223
26 109 223
27 109 223
28 109 222
29 109 222
30 109 222
31 109 222
32 109 222
33 109 222
34 109 221
35 109 221
36 109 221
37 109 221
38 109 221
39 109 221
40 109 220
41 109 220
42 109 220
43 109 220
44 109 219
45 109 219
46 109 219
47 109 219
48 109 219
49 109 218
50 109 218
51 109 218
52 109 217
53 109 217
54 109 217
55 109 217
56 109 216
57 109 216
58 109 216
59 109 215
60 109 215
61 109 215
62 109 215
63 109 214
64 109 214
65 109 214
66 109 213
67 109 213
68 109 212
69 109 212
70 109 212
71 109 211
72 109 211
73 109 211
74 109 210
75 109 210
76 109 209
77 109 209
78 109 209
79 109 208
80 109 208
81 109 207
82 109 207
83 109 207
84 109 206
85 109 206
86 109 205
87 109 205
88 109 204
89 109 204
90 109 203
91 109 203
92 109 202
93 109 202
94 109 201
95 109 201
96 109 200
97 109 200
-96 110 200
-95 110 200
-94 110 201
-93 110 201
-92 110 202
-91 110 202
-90 110 203
-89 110 203
-88 110 204
-87 110 204
-86 110 205
-85 110 205
-84 110 206
-83 110 206
-82 110 206
-81 110 207
-80 110 207
-79 110 208
-78 110 208
-77 110 209
-76 110 209
-75 110 209
-74 110 210
-73 110 210
-72 110 210
-71 110 211
-70 110 211
-69 110 212
-68 110 212
-67 110 212
-66 110 213
-65 110 213
-64 110 213
-63 110 214
-62 110 214
-61 110 214
-60 110 215
-59 110 215
-58 110 215
-57 110 216
-56 110 216
-55 110 216
-54 110 216
-53 110 217
-52 110 217
-51 110 217
-50 110 217
-49 110 218
-48 110 218
-47 110 218
-46 110 218
-45 110 219
-44 110 219
-43 110 219
-42 110 219
-41 110 220
-40 110 220
-39 110 220
-38 110 220
-37 110 220
-36 110 221
-35 110 221
-34 110 221
-33 110 221
-32 110 221
-31 110 221
-30 110 222
-29 110 222
-28 110 222
-27 110 222
-26 110 222
-25 110 222
-24 110 222
-23 110 223
-22 110 223
-21 110 223
-20 110 223
-19 110 223
-18 110 223
-17 110 223
-16 110 223
-15 110 223
-14 110 223
-13 110 223
-12 110 224
-11 110 224
-10 110 224
-9 110 224
-8 110 224
-7 110 224
-6 110 224
-5 110 224
-4 110 224
-3 110 224
-2 110 224
-1 110 224
0 110 224
1 110 224
2 110 224
3 110 224
4 110 224
5 110 224
6 110 224
7 110 224
8 110 224
9 110 224
10 110 224
11 110 224
12 110 224
13 110 223
14 110 223
15 110 223
16 110 223
17 110 223
18 110 223
19 110 223
20 110 223
21 110 223
22 110 223
23 110 223
24 110 222
25 110 222
26 110 222
27 110 222
28 110 222
29 110 222
30 110 222
31 110 221
32 110 221
33 110 221
34 110 221
35 110 221
36 110 221
37 110 220
38 110 220
39 110 220
40 110 220
41 110 220
42 110 219
43 110 219
44 110 219
45 110 219
46 110 218
47 110 218
48 110 218
49 110 218
50 110 217
51 110 217
52 110 217
53 110 217
54 110 216
55 110 216
56 110 216
57 110 216
58 110 215
59 110 215
60 110 215
61 110 214
62 110 214
63 110 214
64 110 213
65 110 213
66 110 213
67 110 212
68 110 212
69 110 212
70 110 211
71 110 211
72 110 210
73 110 210
74 110 210
75 110 209
76 110 209
77 110 209
78 110 208
79 110 208
80 110 207
81 110 207
82 110 206
83 110 206
84 110 206
85 110 205
86 110 205
87 110 204
88 110 204
89 110 203
90 110 203
91 110 202
92 110 202
93 110 201
94 110 201
95 110 200
96 110 200
-95 111 200
-94 111 200
-93 111 201
-92 111 201
-91 111 202
-90 111 202
-89 111 203
-88 111 203
-87 111 204
-86 111 204
-85 111 205
-84 111 205
-83 111 205
-82 111 206
-81 111 206
-80 111 207
-79 111 207
-78 111 208
-77 111 208
-76 111 208
-75 111 209
-74 111 209
-73 111 210
-72 111 210
-71 111 210
-70 111 211
-69 111 211
-68 111 211
-67 111 212
-66 111 212
-65 111 212
-64 111 213
-63 111 213
-62 111 213
-61 111 214
-60 111 214
-59 111 214
-58 111 215
-57 111 215
-56 111 215
-55 111 216
-54 111 216
-53 111 216
-52 111 216
-51 111 217
-50 111 217
-49 111 217
-48 111 217
-47 111 218
-46 111 218
-45 111 218
-44 111 218
-43 111 219
-42 111 219
-41 111 219
-40 111 219
-39 111 219
-38 111 220
-37 111 220
-36 111 220
-35 111 220
-34 111 220
-33 111 221
-32 111 221
-31 111 221
-30 111 221
-29 111 221
-28 111 221
-27 111 221
-26 111 222
-25 111 222
-24 111 222
-23 111 222
-22 111 222
-21 111 222
-20 111 222
-19 111 222
-18 111 223
-17 111 223
-16 111 223
-15 111 223
-14 111 223
-13 111 223
-12 111 223
-11 111 223
-10 111 223
-9 111 223
-8 111 223
-7 111 223
-6 111 223
-5 111 223
-4 111 223
-3 111 223
-2 111 223
-1 111 223
0 111 223
1 111 223
2 111 223
3 111 223
4 111 223
5 111 223
6 111 223
7 111 223
8 111 223
9 111 223
10 111 223
11 111 223
12 111 223
13 111 223
14 111 223
15 111 223
16 111 223
17 111 223
18 111 223
19 111 222
20 111 222
21 111 222
22 111 222
23 111 222
24 111 222
25 111 222
26 111 222
27 111 221
28 111 221
29 111 221
30 111 221
31 111 221
32 111 221
33 111 221
34 111 220
35 111 220
36 111 220
37 111 220
38 111 220
39 111 219
40 111 219
41 111 219
42 111 219
43 111 219
44 111 218
45 111 218
46 111 218
47 111 218
48 111 217
49 111 217
50 111 217
51 111 217
52 111 216
53 111 216
54 111 216
55 111 216
56 111 215
57 111 215
58 111 215
59 111 214
60 111 214
61 111 214
62 111 213
63 111 213
64 111 213
65 111 212
66 111 212
67 111 212
68 111 211
69 111 211
70 111 211
71 111 210
72 111 210
73 111 210
74 111 209
75 111 209
76 111 208
77 111 208
78 111 208
79 111 207
80 111 207
81 111 206
82 111 206
83 111 205
84 111 205
85 111 205
86 111 204
87 111 204
88 111 203
89 111 203
90 111 202
91 111 202
92 111 201
93 111 201
94 111 200
95 111 200
-94 112 200
-93 112 200
-92 112 201
-91 112 201
-90 112 202
-89 112 202
-88 112 203
-87 112 203
-86 112 204
-85 112 204
-84 112 204
-83 112 205
-82 112 205
-81 112 206
-80 112 206
-79 112 207
-78 112 207
-77 112 207
-76 112 208
-75 112 208
-74 112 209
-73 112 209
-72 112 209
-71 112 210
-70 112 210
-69 112 210
-68 112 211
-67 112 211
-66 112 211
-65 112 212
-64 112 212
-63 112 212
-62 112 213
-61 112 213
-60 112 213
-59 112 214
-58 112 214
-57 112 214
-56 112 215
-55 112 215
-54 112 215
-53 112 215
-52 112 216
-51 112 216
-50 112 216
-49 112 217
-48 112 217
-47 112 217
-46 112 217
-45 112 218
-44 112 218
-43 112 218
-42 112 218
-41 112 218
-40 112 219
-39 112 219
-38 112 219
-37 112 219
-36 112 219
-35 112 220
-34 112 220
-33 112 220
-32 112 220
-31 112 220
-30 112 220
-29 112 221
-28 112 221
-27 112 221
-26 112 221
-25 112 221
-24 112 221
-23 112 221
-22 112 222
-21 112 222
-20 112 222
-19 112 222
-18 112 222
-17 112 222
-16 112 222
-15 112 222
-14 112 222
-13 112 222
-12 112 222
-11 112 222
-10 112 223
-9 112 223
-8 112 223
-7 112 223
-6 112 223
-5 112 223
-4 112 223
-3 112 223
-2 112 223
-1 112 223
0 112 223
1 112 223
2 112 223
3 112 223
4 112 223
5 112 223
6 112 223
7 112 223
8 112 223
9 112 223
10 112 223
11 112 222
12 112 222
13 112 222
14 112 222
15 112 222
16 112 222
17 112 222
18 112 222
19 112 222
20 112 222
21 112 222
22 112 222
23 112 221
24 112 221
25 112 221
26 112 221
27 112 221
28 112 221
29 112 221
30 112 220
31 112 220
32 112 220
33 112 220
34 112 220
35 112 220
36 112 219
37 112 219
38 112 219
39 112 219
40 112 219
41 112 218
42 112 218
43 112 218
44 112 218
45 112 218
46 112 217
47 112 217
48 112 217
49 112 217
50 112 216
51 112 216
52 112 216
53 112 215
54 112 215
55 112 215
56 112 215
57 112 214
58 112 214
59 112 214
60 112 213
61 112 213
62 112 213
63 112 212
64 112 212
65 112 212
66 112 211
67 112 211
68 112 211
69 112 210
70 112 210
71 112 210
72 112 209
73 112 209
74 112 209
75 112 208
76 112 208
77 112 207
78 112 207
79 112 207
80 112 206
81 112 206
82 112 205
83 112 205
84 112 204
85 112 204
86 112 204
87 112 203
88 112 203
89 112 202
90 112 202
91 112 201
92 112 201
93 112 200
94 112 200
-93 113 200
-92 113 200
-91 113 201
-90 113 201
-89 113 202
-88 113 202
-87 113 202
-86 113 203
-85 113 203
-84 113 204
-83 113 204
-82 113 205
-81 113 205
-80 113 206
-79 113 206
-78 113 206
-77 113 207
-76 113 207
-75 113 208
-74 113 208
-73 113 208
-72 113 209
-71 113 209
-70 113 209
-69 113 210
-68 113 210
-67 113 211
-66 113 211
-65 113 211
-64 113 212
-63 113 212
-62 113 212
-61 113 213
-60 113 213
-59 113 213
-58 113 213
-57 113 214
-56 113 214
-55 113 214
-54 113 215
-53 113 215
-52 113 215
-51 113 215
-50 113 216
-49 113 216
-48 113 216
-47 113 216
-46 113 217
-45 113 217
-44 113 217
-43 113 217
-42 113 218
-41 113 218
-40 113 218
-39 113 218
-38 113 218
-37 113 219
-36 113 219
-35 113 219
-34 113 219
-33 113 219
-32 113 220
-31 113 220
-30 113 220
-29 113 220
-28 113 220
-27 113 220
-26 113 220
-25 113 221
-24 113 221
-23 113 221
-22 113 221
-21 113 221
-20 113 221
-19 113 221
-18 113 221
-17 113 221
-16 113 222
-15 113 222
-14 113 222
-13 113 222
-12 113 222
-11 113 222
-10 113 222
-9 113 222
-8 113 222
-7 113 222
-6 113 222
-5 113 222
-4 113 222
-3 113 222
-2 113 222
-1 113 222
0 113 222
1 113 222
2 113 222
3 113 222
4 113 222
5 113 222
6 113 222
7 113 222
8 113 222
9 113 222
10 113 222
11 113 222
12 113 222
13 113 222
14 113 222
15 113 222
16 113 222
17 113 221
18 113 221
19 113 221
20 113 221
21 113 221
22 113 221
23 113 221
24 113 221
25 113 221
26 113 220
27 113 220
28 113 220
29 113 220
30 113 220
31 113 220
32 113 220
33 113 219
34 113 219
35 113 219
36 113 219
37 113 219
38 113 218
39 113 218
40 113 218
41 113 218
42 113 218
43 113 217
44 113 217
45 113 217
46 113 217
47 113 216
48 113 216
49 113 216
50 113 216
51 113 215
52 113 215
53 113 215
54 113 215
55 113 214
56 113 214
57 113 214
58 113 213
59 113 213
60 113 213
61 113 213
62 113 212
63 113 212
64 113 212
65 113 211
66 113 211
67 113 211
68 113 210
69 113 210
70 113 209
71 113 209
72 113 209
73 113 208
74 113 208
75 113 208
76 113 207
77 113 207
78 113 206
79 113 206
80 113 206
81 113 205
82 113 205
83 113 204
84 113 204
85 113 203
86 113 203
87 113 202
88 113 202
89 113 202
90 113 201
91 113 201
92 113 200
93 113 200
-92 114 200
-91 114 200
-90 114 200
-89 114 201
-88 114 201
-87 114 202
-86 114 202
-85 114 203
-84 114 203
-83 114 204
-82 114 204
-81 114 205
-80 114 205
-79 114 205
-78 114 206
-77 114 206
-76 114 207
-75 114 207
-74 114 207
-73 114 208
-72 114 208
-71 114 208
-70 114 209
-69 114 209
-68 114 210
-67 114 210
-66 114 210
-65 114 211
-64 114 211
-63 114 211
-62 114 212
-61 114 212
-60 114 212
-59 114 213
-58 114 213
-57 114 213
-56 114 213
-55 114 214
-54 114 214
-53 114 214
-52 114 215
-51 114 215
-50 114 215
-49 114 215
-48 114 216
-47 114 216
-46 114 216
-45 114 216
-44 114 217
-43 114 217
-42 114 217
-41 114 217
-40 114 217
-39 114 218
-38 114 218
-37 114 218
-36 114 218
-35 114 218
-34 114 219
-33 114 219
-32 114 219
-31 114 219
-30 114 219
-29 114 219
-28 114 220
-27 114 220
-26 114 220
-25 114 220
-24 114 220
-23 114 220
-22 114 220
-21 114 220
-20 114 221
-19 114 221
-18 114 221
-17 114 221
-16 114 221
-15 114 221
-14 114 221
-13 114 221
-12 114 221
-11 114 221
-10 114 221
-9 114 221
-8 114 221
-7 114 221
-6 114 222
-5 114 222
-4 114 222
-3 114 222
-2 114 222
-1 114 222
0 114 222
1 114 222
2 114 222
3 114 222
4 114 222
5 114 222
6 114 222
7 114 221
8 114 221
9 114 221
10 114 221
11 114 221
12 114 221
13 114 221
14 114 221
15 114 221
16 114 221
17 114 221
18 114 221
19 114 221
20 114 221
21 114 220
22 114 220
23 114 220
24 114 220
25 114 220
26 114 220
27 114 220
28 114 220
29 114 219
30 114 219
31 114 219
32 114 219
33 114 219
34 114 219
35 114 218
36 114 218
37 114 218
38 114 218
39 114 218
40 114 217
41 114 217
42 114 217
43 114 217
44 114 217
45 114 216
46 114 216
47 114 216
48 114 216
49 114 215
50 114 215
51 114 215
52 114 215
53 114 214
54 114 214
55 114 214
56 114 213
57 114 213
58 114 213
59 114 213
60 114 212
61 114 212
62 114 212
63 114 211
64 114 211
65 114 211
66 114 210
67 114 210
68 114 210
69 114 209
70 114 209
71 114 208
72 114 208
73 114 208
74 114 207
75 114 207
76 114 207
77 114 206
78 114 206
79 114 205
80 114 205
81 114 205
82 114 204
83 114 204
84 114 203
85 114 203
86 114 202
87 114 202
88 114 201
89 114 201
90 114 200
91 114 200
92 114 200
-90 115 200
-89 115 200
-88 115 201
-87 115 201
-86 115 202
-85 115 202
-84 115 203
-83 115 203
-82 115 203
-81 115 204
-80 115 204
-79 115 205
-78 115 205
-77 115 206
-76 115 206
-75 115 206
-74 115 207
-73 115 207
-72 115 208
-71 115 208
-70 115 208
-69 115 209
-68 115 209
-67 115 209
-66 115 210
-65 115 210
-64 115 210
-63 115 211
-62 115 211
-61 115 211
-60 115 212
-59 115 212
-58 115 212
-57 115 213
-56 115 213
-55 115 213
-54 115 213
-53 115 214
-52 115 214
-51 115 214
-50 115 215
-49 115 215
-48 115 215
-47 115 215
-46 115 216
-45 115 216
-44 115 216
-43 115 216
-42 115 216
-41 115 217
-40 115 217
-39 115 217
-38 115 217
-37 115 217
-36 115 218
-35 115 218
-34 115 218
-33 115 218
-32 115 218
-31 115 219
-30 115 219
-29 115 219
-28 115 219
-27 115 219
-26 115 219
-25 115 219
-24 115 220
-23 115 220
-22 115 220
-21 115 220
-20 115 220
-19 115 220
-18 115 220
-17 115 220
-16 115 220
-15 115 220
-14 115 221
-13 115 221
-12 115 221
-11 115 221
-10 115 221
-9 115 221
-8 115 221
-7 115 221
-6 115 221
-5 115 221
-4 115 221
-3 115 221
-2 115 221
-1 115 221
0 115 221
1 115 221
2 115 221
3 115 221
4 115 221
5 115 221
6 115 221
7 115 221
8 115 221
9 115 221
10 115 221
11 115 221
12 115 221
13 115 221
14 115 221
15 115 220
16 115 220
17 115 220
18 115 220
19 115 220
20 115 220
21 115 220
22 115 220
23 115 220
24 115 220
25 115 219
26 115 219
27 115 219
28 115 219
29 115 219
30 115 219
31 115 219
32 115 218
33 115 218
34 115 218
35 115 218
36 115 218
37 115 217
38 115 217
39 115 217
40 115 217
41 115 217
42 115 216
43 115 216
44 115 216
45 115 216
46 115 216
47 115 215
48 115 215
49 115 215
50 115 215
51 115 214
52 115 214
53 115 214
54 115 213
55 115 213
56 115 213
57 115 213
58 115 212
59 115 212
60 115 212
61 115 211
62 115 211
63 115 211
64 115 210
65 115 210
66 115 210
67 115 209
68 115 209
69 115 209
70 115 208
71 115 208
72 115 208
73 115 207
74 115 207
75 115 206
76 115 206
77 115 206
78 115 205
79 115 205
80 115 204
81 115 204
82 115 203
83 115 203
84 115 203
85 115 202
86 115 202
87 115 201
88 115 201
89 115 200
90 115 200
-89 116 200
-88 116 200
-87 116 201
-86 116 201
-85 116 202
-84 116 202
-83 116 202
-82 116 203
-81 116 203
-80 116 204
-79 116 204
-78 116 205
-77 116 205
-76 116 205
-75 116 206
-74 116 206
-73 116 207
-72 116 207
-71 116 207
-70 116 208
-69 116 208
-68 116 208
-67 116 209
-66 116 209
-65 116 209
-64 116 210
-63 116 210
-62 116 210
-61 116 211
-60 116 211
-59 116 211
-58 116 212
-57 116 212
-56 116 212
-55 116 213
-54 116 213
-53 116 213
-52 116 213
-51 116 214
-50 116 214
-49 116 214
-48 116 214
-47 116 215
-46 116 215
-45 116 215
-44 116 215
-43 116 216
-42 116 216
-41 116 216
-40 116 216
-39 116 216
-38 116 217
-37 116 217
-36 116 217
-35 116 217
-34 116 217
-33 116 218
-32 116 218
-31 116 218
-30 116 218
-29 116 218
-28 116 218
-27 116 219
-26 116 219
-25 116 219
-24 116 219
-23 116 219
-22 116 219
-21 116 219
-20 116 219
-19 116 219
-18 116 220
-17 116 220
-16 116 220
-15 116 220
-14 116 220
-13 116 220
-12 116 220
-11 116 220
-10 116 220
-9 116 220
-8 116 220
-7 116 220
-6 116 220
-5 116 220
-4 116 220
-3 116 220
-2 116 220
-1 116 220
0 116 220
1 116 220
2 116 220
3 116 220
4 116 220
5 116 220
6 116 220
7 116 220
8 116 220
9 116 220
10 116 220
11 116 220
12 116 220
13 116 220
14 116 220
15 116 220
16 116 220
17 116 220
18 116 220
19 116 219
20 116 219
21 116 219
22 116 219
23 116 219
24 116 219
25 116 219
26 116 219
27 116 219
28 116 218
29 116 218
30 116 218
31 116 218
32 116 218
33 116 218
34 116 217
35 116 217
36 116 217
37 116 217
38 116 217
39 116 216
40 116 216
41 116 216
42 116 216
43 116 216
44 116 215
45 116 215
46 116 215
47 116 215
48 116 214
49 116 214
50 116 214
51 116 214
52 116 213
53 116 213
54 116 213
55 116 213
56 116 212
57 116 212
58 116 212
59 116 211
60 116 211
61 116 211
62 116 210
63 116 210
64 116 210
65 116 209
66 116 209
67 116 209
68 116 208
69 116 208
70 116 208
71 116 207
72 116 207
73 116 207
74 116 206
75 116 206
76 116 205
77 116 205
78 116 205
79 116 204
80 116 204
81 116 203
82 116 203
83 116 202
84 116 202
85 116 202
86 116 201
87 116 201
88 116 200
89 116 200
-88 117 200
-87 117 200
-86 117 201
-85 117 201
-84 117 201
-83 117 202
-82 117 202
-81 117 203
-80 117 203
-79 117 204
-78 117 204
-77 117 204
-76 117 205
-75 117 205
-74 117 206
-73 117 206
-72 117 206
-71 117 207
-70 117 207
-69 117 207
-68 117 208
-67 117 208
-66 117 208
-65 117 209
-64 117 209
-63 117 209
-62 117 210
-61 117 210
-60 117 210
-59 117 211
-58 117 211
-57 117 211
-56 117 212
-55 117 212
-54 117 212
-53 117 213
-52 117 213
-51 117 213
-50 117 213
-49 117 214
-48 117 214
-47 117 214
-46 117 214
-45 117 215
-44 117 215
-43 117 215
-42 117 215
-41 117 215
-40 117 216
-39 117 216
-38 117 216
-37 117 216
-36 117 216
-35 117 217
-34 117 217
-33 117 217
-32 117 217
-31 117 217
-30 117 217
-29 117 218
-28 117 218
-27 117 218
-26 117 218
-25 117 218
-24 117 218
-23 117 218
-22 117 219
-21 117 219
-20 117 219
-19 117 219
-18 117 219
-17 117 219
-16 117 219
-15 117 219
-14 117 219
-13 117 219
-12 117 219
-11 117 219
-10 117 220
-9 117 220
-8 117 220
-7 117 220
-6 117 220
-5 117 220
-4 117 220
-3 117 220
-2 117 220
-1 117 220
0 117 220
1 117 220
2 117 220
3 117 220
4 117 220
5 117 220
6 117 220
7 117 220
8 117 220
9 117 220
10 117 220
11 117 219
12 117 219
13 117 219
14 117 219
15 117 219
16 117 219
17 117 219
18 117 219
19 117 219
20 117 219
21 117 219
22 117 219
23 117 218
24 117 218
25 117 218
26 117 218
27 117 218
28 117 218
29 117 218
30 117 217
31 117 217
32 117 217
33 117 217
34 117 217
35 117 217
36 117 216
37 117 216
38 117 216
39 117 216
40 117 216
41 117 215
42 117 215
43 117 215
44 117 215
45 117 215
46 117 214
47 117 214
48 117 214
49 117 214
50 117 213
51 117 213
52 117 213
53 117 213
54 117 212
55 117 212
56 117 212
57 117 211
58 117 211
59 117 211
60 117 210
61 117 210
62 117 210
63 117 209
64 117 209
65 117 209
66 117 208
67 117 208
68 117 208
69 117 207
70 117 207
71 117 207
72 117 206
73 117 206
74 117 206
75 117 205
76 117 205
77 117 204
78 117 204
79 117 204
80 117 203
81 117 203
82 117 202
83 117 202
84 117 201
85 117 201
86 117 201
87 117 200
88 117 200
-86 118 200
-85 118 200
-84 118 201
-83 118 201
-82 118 202
-81 118 202
-80 118 203
-79 118 203
-78 118 203
-77 118 204
-76 118 204
-75 118 205
-74 118 205
-73 118 205
-72 118 206
-71 118 206
-70 118 206
-69 118 207
-68 118 207
-67 118 208
-66 118 208
-65 118 208
-64 118 209
-63 118 209
-62 118 209
-61 118 210
-60 118 210
-59 118 210
-58 118 210
-57 118 211
-56 118 211
-55 118 211
-54 118 212
-53 118 212
-52 118 212
-51 118 212
-50 118 213
-49 118 213
-48 118 213
-47 118 213
-46 118 214
-45 118 214
-44 118 214
-43 118 214
-42 118 215
-41 118 215
-40 118 215
-39 118 215
-38 118 215
-37 118 216
-36 118 216
-35 118 216
-34 118 216
-33 118 216
-32 118 217
-31 118 217
-30 118 217
-29 118 217
-28 118 217
-27 118 217
-26 118 217
-25 118 218
-24 118 218
-23 118 218
-22 118 218
-21 118 218
-20 118 218
-19 118 218
-18 118 218
-17 118 218
-16 118 219
-15 118 219
-14 118 219
-13 118 219
-12 118 219
-11 118 219
-10 118 219
-9 118 219
-8 118 219
-7 118 219
-6 118 219
-5 118 219
-4 118 219
-3 118 219
-2 118 219
-1 118 219
0 118 219
1 118 219
2 118 219
3 118 219
4 118 219
5 118 219
6 118 219
7 118 219
8 118 219
9 118 219
10 118 219
11 118 219
12 118 219
13 118 219
14 118 219
15 118 219
16 118 219
17 118 218
18 118 218
19 118 218
20 118 218
21 118 218
22 118 218
23 118 218
24 118 218
25 118 218
26 118 217
27 118 217
28 118 217
29 118 217
30 118 217
31 118 217
32 118 217
33 118 216
34 118 216
35 118 216
36 118 216
37 118 216
38 118 215
39 118 215
40 118 215
41 118 215
42 118 215
43 118 214
44 118 214
45 118 214
46 118 214
47 118 213
48 118 213
49 118 213
50 118 213
51 118 212
52 118 212
53 118 212
54 118 212
55 118 211
56 118 211
57 118 211
58 118 210
59 118 210
60 118 210
61 118 210
62 118 209
63 118 209
64 118 209
65 118 208
66 118 208
67 118 208
68 118 207
69 118 207
70 118 206
71 118 206
72 118 206
73 118 205
74 118 205
75 118 205
76 118 204
77 118 204
78 118 203
79 118 203
80 118 203
81 118 202
82 118 202
83 118 201
84 118 201
85 118 200
86 118 200
-85 119 200
-84 119 200
-83 119 201
-82 119 201
-81 119 201
-80 119 202
-79 119 202
-78 119 203
-77 119 203
-76 119 204
-75 119 204
-74 119 204
-73 119 205
-72 119 205
-71 119 205
-70 119 206
-69 119 206
-68 119 207
-67 119 207
-66 119 207
-65 119 208
-64 119 208
-63 119 208
-62 119 209
-61 119 209
-60 119 209
-59 119 210
-58 119 210
-57 119 210
-56 119 210
-55 119 211
-54 119 211
-53 119 211
-52 119 212
-51 119 212
-50 119 212
-49 119 212
-48 119 213
-47 119 213
-46 119 213
-45 119 213
-44 119 214
-43 119 214
-42 119 214
-41 119 214
-40 119 214
-39 119 215
-38 119 215
-37 119 215
-36 119 215
-35 119 215
-34 119 216
-33 119 216
-32 119 216
-31 119 216
-30 119 216
-29 119 216
-28 119 217
-27 119 217
-26 119 217
-25 119 217
-24 119 217
-23 119 217
-22 119 217
-21 119 217
-20 119 218
-19 119 218
-18 119 218
-17 119 218
-16 119 218
-15 119 218
-14 119 218
-13 119 218
-12 119 218
-11 119 218
-10 119 218
-9 119 218
-8 119 218
-7 119 218
-6 119 218
-5 119 219
-4 119 219
-3 119 219
-2 119 219
-1 119 219
0 119 219
1 119 219
2 119 219
3 119 219
4 119 219
5 119 219
6 119 218
7 119 218
8 119 218
9 119 218
10 119 218
11 119 218
12 119 218
13 119 218
14 119 218
15 119 218
16 119 218
17 119 218
18 119 218
19 119 218
20 119 218
21 119 217
22 119 217
23 119 217
24 119 217
25 119 217
26 119 217
27 119 217
28 119 217
29 119 216
30 119 216
31 119 216
32 119 216
33 119 216
34 119 216
35 119 215
36 119 215
37 119 215
38 119 215
39 119 215
40 119 214
41 119 214
42 119 214
43 119 214
44 119 214
45 119 213
46 119 213
47 119 213
48 119 213
49 119 212
50 119 212
51 119 212
52 119 212
53 119 211
54 119 211
55 119 211
56 119 210
57 119 210
58 119 210
59 119 210
60 119 209
61 119 209
62 119 209
63 119 208
64 119 208
65 119 208
66 119 207
67 119 207
68 119 207
69 119 206
70 119 206
71 119 205
72 119 205
73 119 205
74 119 204
75 119 204
76 119 204
77 119 203
78 119 203
79 119 202
80 119 202
81 119 201
82 119 201
83 119 201
84 119 200
85 119 200
-84 120 200
-83 120 200
-82 120 200
-81 120 201
-80 120 201
-79 120 202
-78 120 202
-77 120 202
-76 120 203
-75 120 203
-74 120 204
-73 120 204
-72 120 204
-71 120 205
-70 120 205
-69 120 206
-68 120 206
-67 120 206
-66 120 207
-65 120 207
-64 120 207
-63 120 208
-62 120 208
-61 120 208
-60 120 209
-59 120 209
-58 120 209
-57 120 210
-56 120 210
-55 120 210
-54 120 210
-53 120 211
-52 120 211
-51 120 211
-50 120 211
-49 120 212
-48 120 212
-47 120 212
-46 120 212
-45 120 213
-44 120 213
-43 120 213
-42 120 213
-41 120 214
-40 120 214
-39 120 214
-38 120 214
-37 120 214
-36 120 215
-35 120 215
-34 120 215
-33 120 215
-32 120 215
-31 120 215
-30 120 216
-29 120 216
-28 120 216
-27 120 216
-26 120 216
-25 120 216
-24 120 216
-23 120 217
-22 120 217
-21 120 217
-20 120 217
-19 120 217
-18 120 217
-17 120 217
-16 120 217
-15 120 217
-14 120 217
-13 120 218
-12 120 218
-11 120 218
-10 120 218
-9 120 218
-8 120 218
-7 120 218
-6 120 218
-5 120 218
-4 120 218
-3 120 218
-2 120 218
-1 120 218
0 120 218
1 120 218
2 120 218
3 120 218
4 120 218
5 120 218
6 120 218
7 120 218
8 120 218
9 120 218
10 120 218
11 120 218
12 120 218
13 120 218
14 120 217
15 120 217
16 120 217
17 120 217
18 120 217
19 120 217
20 120 217
21 120 217
22 120 217
23 120 217
24 120 216
25 120 216
26 120 216
27 120 216
28 120 216
29 120 216
30 120 216
31 120 215
32 120 215
33 120 215
34 120 215
35 120 215
36 120 215
37 120 214
38 120 214
39 120 214
40 120 214
41 120 214
42 120 213
43 120 213
44 120 213
45 120 213
46 120 212
47 120 212
48 120 212
49 120 212
50 120 211
51 120 211
52 120 211
53 120 211
54 120 210
55 120 210
56 120 210
57 120 210
58 120 209
59 120 209
60 120 209
61 120 208
62 120 208
63 120 208
64 120 207
65 120 207
66 120 207
67 120 206
68 120 206
69 120 206
70 120 205
71 120 205
72 120 204
73 120 204
74 120 204
75 120 203
76 120 203
77 120 202
78 120 202
79 120 202
80 120 201
81 120 201
82 120 200
83 120 200
84 120 200
-82 121 200
-81 121 200
-80 121 201
-79 121 201
-78 121 201
-77 121 202
-76 121 202
-75 121 203
-74 121 203
-73 121 203
-72 121 204
-71 121 204
-70 121 205
-69 121 205
-68 121 205
-67 121 206
-66 121 206
-65 121 206
-64 121 207
-63 121 207
-62 121 207
-61 121 208
-60 121 208
-59 121 208
-58 121 209
-57 121 209
-56 121 209
-55 121 209
-54 121 210
-53 121 210
-52 121 210
-51 121 211
-50 121 211
-49 121 211
-48 121 211
-47 121 212
-46 121 212
-45 121 212
-44 121 212
-43 121 213
-42 121 213
-41 121 213
-40 121 213
-39 121 213
-38 121 214
-37 121 214
-36 121 214
-35 121 214
-34 121 214
-33 121 215
-32 121 215
-31 121 215
-30 121 215
-29 121 215
-28 121 215
-27 121 215
-26 121 216
-25 121 216
-24 121 216
-23 121 216
-22 121 216
-21 121 216
-20 121 216
-19 121 216
-18 121 217
-17 121 217
-16 121 217
-15 121 217
-14 121 217
-13 121 217
-12 121 217
-11 121 217
-10 121 217
-9 121 217
-8 121 217
-7 121 217
-6 121 217
-5 121 217
-4 121 217
-3 121 217
-2 121 217
-1 121 217
0 121 217
1 121 217
2 121 217
3 121 217
4 121 217
5 121 217
6 121 217
7 121 217
8 121 217
9 121 217
10 121 217
11 121 217
12 121 217
13 121 217
14 121 217
15 121 217
16 121 217
17 121 217
18 121 217
19 121 216
20 121 216
21 121 216
22 121 216
23 121 216
24 121 216
25 121 216
26 121 216
27 121 215
28 121 215
29 121 215
30 121 215
31 121 215
32 121 215
33 121 215
34 121 214
35 121 214
36 121 214
37 121 214
38 121 214
39 121 213
40 121 213
41 121 213
42 121 213
43 121 213
44 121 212
45 121 212
46 121 212
47 121 212
48 121 211
49 121 211
50 121 211
51 121 211
52 121 210
53 121 210
54 121 210
55 121 209
56 121 209
57 121 209
58 121 209
59 121 208
60 121 208
61 121 208
62 121 207
63 121 207
64 121 207
65 121 206
66 121 206
67 121 206
68 121 205
69 121 205
70 121 205
71 121 204
72 121 204
73 121 203
74 121 203
75 121 203
76 121 202
77 121 202
78 121 201
79 121 201
80 121 201
81 121 200
82 121 200
-81 122 200
-80 122 200
-79 122 200
-78 122 201
-77 122 201
-76 122 202
-75 122 202
-74 122 202
-73 122 203
-72 122 203
-71 122 204
-70 122 204
-69 122 204
-68 122 205
-67 122 205
-66 122 205
-65 122 206
-64 122 206
-63 122 206
-62 122 207
-61 122 207
-60 122 207
-59 122 208
-58 122 208
-57 122 208
-56 122 209
-55 122 209
-54 122 209
-53 122 209
-52 122 210
-51 122 210
-50 122 210
-49 122 210
-48 122 211
-47 122 211
-46 122 211
-45 122 211
-44 122 212
-43 122 212
-42 122 212
-41 122 212
-40 122 213
-39 122 213
-38 122 213
-37 122 213
-36 122 213
-35 122 214
-34 122 214
-33 122 214
-32 122 214
-31 122 214
-30 122 214
-29 122 215
-28 122 215
-27 122 215
-26 122 215
-25 122 215
-24 122 215
-23 122 215
-22 122 215
-21 122 216
-20 122 216
-19 122 216
-18 122 216
-17 122 216
-16 122 216
-15 122 216
-14 122 216
-13 122 216
-12 122 216
-11 122 216
-10 122 216
-9 122 217
-8 122 217
-7 122 217
-6 122 217
-5 122 217
-4 122 217
-3 122 217
-2 122 217
-1 122 217
0 122 217
1 122 217
2 122 217
3 122 217
4 122 217
5 122 217
6 122 217
7 122 217
8 122 217
9 122 217
10 122 216
11 122 216
12 122 216
13 122 216
14 122 216
15 122 216
16 122 216
17 122 216
18 122 216
19 122 216
20 122 216
21 122 216
22 122 215
23 122 215
24 122 215
25 122 215
26 122 215
27 122 215
28 122 215
29 122 215
30 122 214
31 122 214
32 122 214
33 122 214
34 122 214
35 122 214
36 122 213
37 122 213
38 122 213
39 122 213
40 122 213
41 122 212
42 122 212
43 122 212
44 122 212
45 122 211
46 122 211
47 122 211
48 122 211
49 122 210
50 122 210
51 122 210
52 122 210
53 122 209
54 122 209
55 122 209
56 122 209
57 122 208
58 122 208
59 122 208
60 122 207
61 122 207
62 122 207
63 122 206
64 122 206
65 122 206
66 122 205
67 122 205
68 122 205
69 122 204
70 122 204
71 122 204
72 122 203
73 122 203
74 122 202
75 122 202
76 122 202
77 122 201
78 122 201
79 122 200
80 122 200
81 122 200
-79 123 200
-78 123 200
-77 123 201
-76 123 201
-75 123 201
-74 123 202
-73 123 202
-72 123 203
-71 123 203
-70 123 203
-69 123 204
-68 123 204
-67 123 204
-66 123 205
-65 123 205
-64 123 205
-63 123 206
-62 123 206
-61 123 206
-60 123 207
-59 123 207
-58 123 207
-57 123 208
-56 123 208
-55 123 208
-54 123 208
-53 123 209
-52 123 209
-51 123 209
-50 123 210
-49 123 210
-48 123 210
-47 123 210
-46 123 211
-45 123 211
-44 123 211
-43 123 211
-42 123 211
-41 123 212
-40 123 212
-39 123 212
-38 123 212
-37 123 213
-36 123 213
-35 123 213
-34 123 213
-33 123 213
-32 123 213
-31 123 214
-30 123 214
-29 123 214
-28 123 214
-27 123 214
-26 123 214
-25 123 214
-24 123 215
-23 123 215
-22 123 215
-21 123 215
-20 123 215
-19 123 215
-18 123 215
-17 123 215
-16 123 215
-15 123 215
-14 123 216
-13 123 216
-12 123 216
-11 123 216
-10 123 216
-9 123 216
-8 123 216
-7 123 216
-6 123 216
-5 123 216
-4 123 216
-3 123 216
-2 123 216
-1 123 216
0 123 216
1 123 216
2 123 216
3 123 216
4 123 216
5 123 216
6 123 216
7 123 216
8 123 216
9 123 216
10 123 216
11 123 216
12 123 216
13 123 216
14 123 216
15 123 215
16 123 215
17 123 215
18 123 215
19 123 215
20 123 215
21 123 215
22 123 215
23 123 215
24 123 215
25 123 214
26 123 214
27 123 214
28 123 214
29 123 214
30 123 214
31 123 214
32 123 213
33 123 213
34 123 213
35 123 213
36 123 213
37 123 213
38 123 212
39 123 212
40 123 212
41 123 212
42 123 211
43 123 211
44 123 211
45 123 211
46 123 211
47 123 210
48 123 210
49 123 210
50 123 210
51 123 209
52 123 209
53 123 209
54 123 208
55 123 208
56 123 208
57 123 208
58 123 207
59 123 207
60 123 207
61 123 206
62 123 206
63 123 206
64 123 205
65 123 205
66 123 205
67 123 204
68 123 204
69 123 204
70 123 203
71 123 203
72 123 203
73 123 202
74 123 202
75 123 201
76 123 201
77 123 201
78 123 200
79 123 200
-78 124 200
-77 124 200
-76 124 200
-75 124 201
-74 124 201
-73 124 202
-72 124 202
-71 124 202
-70 124 203
-69 124 203
-68 124 203
-67 124 204
-66 124 204
-65 124 204
-64 124 205
-63 124 205
-62 124 205
-61 124 206
-60 124 206
-59 124 206
-58 124 207
-57 124 207
-56 124 207
-55 124 208
-54 124 208
-53 124 208
-52 124 208
-51 124 209
-50 124 209
-49 124 209
-48 124 209
-47 124 210
-46 124 210
-45 124 210
-44 124 210
-43 124 211
-42 124 211
-41 124 211
-40 124 211
-39 124 211
-38 124 212
-37 124 212
-36 124 212
-35 124 212
-34 124 212
-33 124 213
-32 124 213
-31 124 213
-30 124 213
-29 124 213
-28 124 213
-27 124 214
-26 124 214
-25 124 214
-24 124 214
-23 124 214
-22 124 214
-21 124 214
-20 124 214
-19 124 214
-18 124 215
-17 124 215
-16 124 215
-15 124 215
-14 124 215
-13 124 215
-12 124 215
-11 124 215
-10 124 215
-9 124 215
-8 124 215
-7 124 215
-6 124 215
-5 124 215
-4 124 215
-3 124 215
-2 124 215
-1 124 215
0 124 215
1 124 215
2 124 215
3 124 215
4 124 215
5 124 215
6 124 215
7 124 215
8 124 215
9 124 215
10 124 215
11 124 215
12 124 215
13 124 215
14 124 215
15 124 215
16 124 215
17 124 215
18 124 215
19 124 214
20 124 214
21 124 214
22 124 214
23 124 214
24 124 214
25 124 214
26 124 214
27 124 214
28 124 213
29 124 213
30 124 213
31 124 213
32 124 213
33 124 213
34 124 212
35 124 212
36 124 212
37 124 212
38 124 212
39 124 211
40 124 211
41 124 211
42 124 211
43 124 211
44 124 210
45 124 210
46 124 210
47 124 210
48 124 209
49 124 209
50 124 209
51 124 209
52 124 208
53 124 208
54 124 208
55 124 208
56 124 207
57 124 207
58 124 207
59 124 206
60 124 206
61 124 206
62 124 205
63 124 205
64 124 205
65 124 204
66 124 204
67 124 204
68 124 203
69 124 203
70 124 203
71 124 202
72 124 202
73 124 202
74 124 201
75 124 201
76 124 200
77 124 200
78 124 200
-76 125 200
-75 125 200
-74 125 200
-73 125 201
-72 125 201
-71 125 202
-70 125 202
-69 125 202
-68 125 203
-67 125 203
-66 125 203
-65 125 204
-64 125 204
-63 125 204
-62 125 205
-61 125 205
-60 125 205
-59 125 206
-58 125 206
-57 125 206
-56 125 207
-55 125 207
-54 125 207
-53 125 207
-52 125 208
-51 125 208
-50 125 208
-49 125 209
-48 125 209
-47 125 209
-46 125 209
-45 125 210
-44 125 210
-43 125 210
-42 125 210
-41 125 210
-40 125 211
-39 125 211
-38 125 211
-37 125 211
-36 125 211
-35 125 212
-34 125 212
-33 125 212
-32 125 212
-31 125 212
-30 125 212
-29 125 213
-28 125 213
-27 125 213
-26 125 213
-25 125 213
-24 125 213
-23 125 213
-22 125 214
-21 125 214
-20 125 214
-19 125 214
-18 125 214
-17 125 214
-16 125 214
-15 125 214
-14 125 214
-13 125 214
-12 125 214
-11 125 214
-10 125 215
-9 125 215
-8 125 215
-7 125 215
-6 125 215
-5 125 215
-4 125 215
-3 125 215
-2 125 215
-1 125 215
0 125 215
1 125 215
2 125 215
3 125 215
4 125 215
5 125 215
6 125 215
7 125 215
8 125 215
9 125 215
10 125 215
11 125 214
12 125 214
13 125 214
14 125 214
15 125 214
16 125 214
17 125 214
18 125 214
19 125 214
20 125 214
21 125 214
22 125 214
23 125 213
24 125 213
25 125 213
26 125 213
27 125 213
28 125 213
29 125 213
30 125 212
31 125 212
32 125 212
33 125 212
34 125 212
35 125 212
36 125 211
37 125 211
38 125 211
39 125 211
40 125 211
41 125 210
42 125 210
43 125 210
44 125 210
45 125 210
46 125 209
47 125 209
48 125 209
49 125 209
50 125 208
51 125 208
52 125 208
53 125 207
54 125 207
55 125 207
56 125 207
57 125 206
58 125 206
59 125 206
60 125 205
61 125 205
62 125 205
63 125 204
64 125 204
65 125 204
66 125 203
67 125 203
68 125 203
69 125 202
70 125 202
71 125 202
72 125 201
73 125 201
74 125 200
75 125 200
76 125 200
-74 126 200
-73 126 200
-72 126 201
-71 126 201
-70 126 201
-69 126 202
-68 126 202
-67 126 202
-66 126 203
-65 126 203
-64 126 203
-63 126 204
-62 126 204
-61 126 204
-60 126 205
-59 126 205
-58 126 205
-57 126 206
-56 126 206
-55 126 206
-54 126 207
-53 126 207
-52 126 207
-51 126 207
-50 126 208
-49 126 208
-48 126 208
-47 126 208
-46 126 209
-45 126 209
-44 126 209
-43 126 209
-42 126 210
-41 126 210
-40 126 210
-39 126 210
-38 126 210
-37 126 211
-36 126 211
-35 126 211
-34 126 211
-33 126 211
-32 126 211
-31 126 212
-30 126 212
-29 126 212
-28 126 212
-27 126 212
-26 126 212
-25 126 213
-24 126 213
-23 126 213
-22 126 213
-21 126 213
-20 126 213
-19 126 213
-18 126 213
-17 126 213
-16 126 213
-15 126 214
-14 126 214
-13 126 214
-12 126 214
-11 126 214
-10 126 214
-9 126 214
-8 126 214
-7 126 214
-6 126 214
-5 126 214
-4 126 214
-3 126 214
-2 126 214
-1 126 214
0 126 214
1 126 214
2 126 214
3 126 214
4 126 214
5 126 214
6 126 214
7 126 214
8 126 214
9 126 214
10 126 214
11 126 214
12 126 214
13 126 214
14 126 214
15 126 214
16 126 213
17 126 213
18 126 213
19 126 213
20 126 213
21 126 213
22 126 213
23 126 213
24 126 213
25 126 213
26 126 212
27 126 212
28 126 212
29 126 212
30 126 212
31 126 212
32 126 211
33 126 211
34 126 211
35 126 211
36 126 211
37 126 211
38 126 210
39 126 210
40 126 210
41 126 210
42 126 210
43 126 209
44 126 209
45 126 209
46 126 209
47 126 208
48 126 208
49 126 208
50 126 208
51 126 207
52 126 207
53 126 207
54 126 207
55 126 206
56 126 206
57 126 206
58 126 205
59 126 205
60 126 205
61 126 204
62 126 204
63 126 204
64 126 203
65 126 203
66 126 203
67 126 202
68 126 202
69 126 202
70 126 201
71 126 201
72 126 201
73 126 200
74 126 200
-73 127 200
-72 127 200
-71 127 200
-70 127 201
-69 127 201
-68 127 201
-67 127 202
-66 127 202
-65 127 202
-64 127 203
-63 127 203
-62 127 203
-61 127 204
-60 127 204
-59 127 204
-58 127 205
-57 127 205
-56 127 205
-55 127 206
-54 127 206
-53 127 206
-52 127 206
-51 127 207
-50 127 207
-49 127 207
-48 127 207
-47 127 208
-46 127 208
-45 127 208
-44 127 208
-43 127 209
-42 127 209
-41 127 209
-40 127 209
-39 127 210
-38 127 210
-37 127 210
-36 127 210
-35 127 210
-34 127 210
-33 127 211
-32 127 211
-31 127 211
-30 127 211
-29 127 211
-28 127 211
-27 127 212
-26 127 212
-25 127 212
-24 127 212
-23 127 212
-22 127 212
-21 127 212
-20 127 212
-19 127 213
-18 127 213
-17 127 213
-16 127 213
-15 127 213
-14 127 213
-13 127 213
-12 127 213
-11 127 213
-10 127 213
-9 127 213
-8 127 213
-7 127 213
-6 127 213
-5 127 213
-4 127 213
-3 127 213
-2 127 213
-1 127 213
0 127 213
1 127 213
2 127 213
3 127 213
4 127 213
5 127 213
6 127 213
7 127 213
8 127 213
9 127 213
10 127 213
11 127 213
12 127 213
13 127 213
14 127 213
15 127 213
16 127 213
17 127 213
18 127 213
19 127 213
20 127 212
21 127 212
22 127 212
23 127 212
24 127 212
25 127 212
26 127 212
27 127 212
28 127 211
29 127 211
30 127 211
31 127 211
32 127 211
33 127 211
34 127 210
35 127 210
36 127 210
37 127 210
38 127 210
39 127 210
40 127 209
41 127 209
42 127 209
43 127 209
44 127 208
45 127 208
46 127 208
47 127 208
48 127 207
49 127 207
50 127 207
51 127 207
52 127 206
53 127 206
54 127 206
55 127 206
56 127 205
57 127 205
58 127 205
59 127 204
60 127 204
61 127 204
62 127 203
63 127 203
64 127 203
65 127 202
66 127 202
67 127 202
68 127 201
69 127 201
70 127 201
71 127 200
72 127 200
73 127 200
-71 128 200
-70 128 200
-69 128 200
-68 128 201
-67 128 201
-66 128 201
-65 128 202
-64 128 202
-63 128 202
-62 128 203
-61 128 203
-60 128 203
-59 128 204
-58 128 204
-57 128 204
-56 128 205
-55 128 205
-54 128 205
-53 128 205
-52 128 206
-51 128 206
-50 128 206
-49 128 207
-48 128 207
-47 128 207
-46 128 207
-45 128 208
-44 128 208
-43 128 208
-42 128 208
-41 128 208
-40 128 209
-39 128 209
-38 128 209
-37 128 209
-36 128 209
-35 128 210
-34 128 210
-33 128 210
-32 128 210
-31 128 210
-30 128 210
-29 128 211
-28 128 211
-27 128 211
-26 128 211
-25 128 211
-24 128 211
-23 128 211
-22 128 212
-21 128 212
-20 128 212
-19 128 212
-18 128 212
-17 128 212
-16 128 212
-15 128 212
-14 128 212
-13 128 212
-12 128 212
-11 128 213
-10 128 213
-9 128 213
-8 128 213
-7 128 213
-6 128 213
-5 128 213
-4 128 213
-3 128 213
-2 128 213
-1 128 213
0 128 213
1 128 213
2 128 213
3 128 213
4 128 213
5 128 213
6 128 213
7 128 213
8 128 213
9 128 213
10 128 213
11 128 213
12 128 212
13 128 212
14 128 212
15 128 212
16 128 212
17 128 212
18 128 212
19 128 212
20 128 212
21 128 212
22 128 212
23 128 211
24 128 211
25 128 211
26 128 211
27 128 211
28 128 211
29 128 211
30 128 210
31 128 210
32 128 210
33 128 210
34 128 210
35 128 210
36 128 209
37 128 209
38 128 209
39 128 209
40 128 209
41 128 208
42 128 208
43 128 208
44 128 208
45 128 208
46 128 207
47 128 207
48 128 207
49 128 207
50 128 206
51 128 206
52 128 206
53 128 205
54 128 205
55 128 205
56 128 205
57 128 204
58 128 204
59 128 204
60 128 203
61 128 203
62 128 203
63 128 202
64 128 202
65 128 202
66 128 201
67 128 201
68 128 201
69 128 200
70 128 200
71 128 200
-69 129 200
-68 129 200
-67 129 200
-66 129 201
-65 129 201
-64 129 201
-63 129 202
-62 129 202
-61 129 202
-60 129 203
-59 129 203
-58 129 203
-57 129 204
-56 129 204
-55 129 204
-54 129 205
-53 129 205
-52 129 205
-51 129 205
-50 129 206
-49 129 206
-48 129 206
-47 129 206
-46 129 207
-45 129 207
-44 129 207
-43 129 207
-42 129 208
-41 129 208
-40 129 208
-39 129 208
-38 129 208
-37 129 209
-36 129 209
-35 129 209
-34 129 209
-33 129 209
-32 129 209
-31 129 210
-30 129 210
-29 129 210
-28 129 210
-27 129 210
-26 129 210
-25 129 211
-24 129 211
-23 129 211
-22 129 211
-21 129 211
-20 129 211
-19 129 211
-18 129 211
-17 129 211
-16 129 211
-15 129 212
-14 129 212
-13 129 212
-12 129 212
-11 129 212
-10 129 212
-9 129 212
-8 129 212
-7 129 212
-6 129 212
-5 129 212
-4 129 212
-3 129 212
-2 129 212
-1 129 212
0 129 212
1 129 212
2 129 212
3 129 212
4 129 212
5 129 212
6 129 212
7 129 212
8 129 212
9 129 212
10 129 212
11 129 212
12 129 212
13 129 212
14 129 212
15 129 212
16 129 211
17 129 211
18 129 211
19 129 211
20 129 211
21 129 211
22 129 211
23 129 211
24 129 211
25 129 211
26 129 210
27 129 210
28 129 210
29 129 210
30 129 210
31 129 210
32 129 209
33 129 209
34 129 209
35 129 209
36 129 209
37 129 209
38 129 208
39 129 208
40 129 208
41 129 208
42 129 208
43 129 207
44 129 207
45 129 207
46 129 207
47 129 206
48 129 206
49 129 206
50 129 206
51 129 205
52 129 205
53 129 205
54 129 205
55 129 204
56 129 204
57 129 204
58 129 203
59 129 203
60 129 203
61 129 202
62 129 202
63 129 202
64 129 201
65 129 201
66 129 201
67 129 200
68 129 200
69 129 200
-67 130 200
-66 130 200
-65 130 200
-64 130 201
-63 130 201
-62 130 201
-61 130 202
-60 130 202
-59 130 202
-58 130 203
-57 130 203
-56 130 203
-55 130 204
-54 130 204
-53 130 204
-52 130 204
-51 130 205
-50 130 205
-49 130 205
-48 130 205
-47 130 206
-46 130 206
-45 130 206
-44 130 206
-43 130 207
-42 130 207
-41 130 207
-40 130 207
-39 130 207
-38 130 208
-37 130 208
-36 130 208
-35 130 208
-34 130 208
-33 130 209
-32 130 209
-31 130 209
-30 130 209
-29 130 209
-28 130 209
-27 130 210
-26 130 210
-25 130 210
-24 130 210
-23 130 210
-22 130 210
-21 130 210
-20 130 210
-19 130 211
-18 130 211
-17 130 211
-16 130 211
-15 130 211
-14 130 211
-13 130 211
-12 130 211
-11 130 211
-10 130 211
-9 130 211
-8 130 211
-7 130 211
-6 130 211
-5 130 211
-4 130 211
-3 130 211
-2 130 211
-1 130 211
0 130 211
1 130 211
2 130 211
3 130 211
4 130 211
5 130 211
6 130 211
7 130 211
8 130 211
9 130 211
10 130 211
11 130 211
12 130 211
13 130 211
14 130 211
15 130 211
16 130 211
17 130 211
18 130 211
19 130 211
20 130 210
21 130 210
22 130 210
23 130 210
24 130 210
25 130 210
26 130 210
27 130 210
28 130 209
29 130 209
30 130 209
31 130 209
32 130 209
33 130 209
34 130 208
35 130 208
36 130 208
37 130 208
38 130 208
39 130 207
40 130 207
41 130 207
42 130 207
43 130 207
44 130 206
45 130 206
46 130 206
47 130 206
48 130 205
49 130 205
50 130 205
51 130 205
52 130 204
53 130 204
54 130 204
55 130 204
56 130 203
57 130 203
58 130 203
59 130 202
60 130 202
61 130 202
62 130 201
63 130 201
64 130 201
65 130 200
66 130 200
67 130 200
-65 131 200
-64 131 200
-63 131 200
-62 131 201
-61 131 201
-60 131 201
-59 131 202
-58 131 202
-57 131 202
-56 131 203
-55 131 203
-54 131 203
-53 131 203
-52 131 204
-51 131 204
-50 131 204
-49 131 205
-48 131 205
-47 131 205
-46 131 205
-45 131 205
-44 131 206
-43 131 206
-42 131 206
-41 131 206
-40 131 207
-39 131 207
-38 131 207
-37 131 207
-36 131 207
-35 131 208
-34 131 208
-33 131 208
-32 131 208
-31 131 208
-30 131 208
-29 131 209
-28 131 209
-27 131 209
-26 131 209
-25 131 209
-24 131 209
-23 131 209
-22 131 210
-21 131 210
-20 131 210
-19 131 210
-18 131 210
-17 131 210
-16 131 210
-15 131 210
-14 131 210
-13 131 210
-12 131 210
-11 131 210
-10 131 211
-9 131 211
-8 131 211
-7 131 211
-6 131 211
-5 131 211
-4 131 211
-3 131 211
-2 131 211
-1 131 211
0 131 211
1 131 211
2 131 211
3 131 211
4 131 211
5 131 211
6 131 211
7 131 211
8 131 211
9 131 211
10 131 211
11 131 210
12 131 210
13 131 210
14 131 210
15 131 210
16 131 210
17 131 210
18 131 210
19 131 210
20 131 210
21 131 210
22 131 210
23 131 209
24 131 209
25 131 209
26 131 209
27 131 209
28 131 209
29 131 209
30 131 208
31 131 208
32 131 208
33 131 208
34 131 208
35 131 208
36 131 207
37 131 207
38 131 207
39 131 207
40 131 207
41 131 206
42 131 206
43 131 206
44 131 206
45 131 205
46 131 205
47 131 205
48 131 205
49 131 205
50 131 204
51 131 204
52 131 204
53 131 203
54 131 203
55 131 203
56 131 203
57 131 202
58 131 202
59 131 202
60 131 201
61 131 201
62 131 201
63 131 200
64 131 200
65 131 200
-63 132 200
-62 132 200
-61 132 200
-60 132 201
-59 132 201
-58 132 201
-57 132 202
-56 132 202
-55 132 202
-54 132 202
-53 132 203
-52 132 203
-51 132 203
-50 132 204
-49 132 204
-48 132 204
-47 132 204
-46 132 205
-45 132 205
-44 132 205
-43 132 205
-42 132 205
-41 132 206
-40 132 206
-39 132 206
-38 132 206
-37 132 207
-36 132 207
-35 132 207
-34 132 207
-33 132 207
-32 132 207
-31 132 208
-30 132 208
-29 132 208
-28 132 208
-27 132 208
-26 132 208
-25 132 208
-24 132 209
-23 132 209
-22 132 209
-21 132 209
-20 132 209
-19 132 209
-18 132 209
-17 132 209
-16 132 209
-15 132 210
-14 132 210
-13 132 210
-12 132 210
-11 132 210
-10 132 210
-9 132 210
-8 132 210
-7 132 210
-6 132 210
-5 132 210
-4 132 210
-3 132 210
-2 132 210
-1 132 210
0 132 210
1 132 210
2 132 210
3 132 210
4 132 210
5 132 210
6 132 210
7 132 210
8 132 210
9 132 210
10 132 210
11 132 210
12 132 210
13 132 210
14 132 210
15 132 210
16 132 209
17 132 209
18 132 209
19 132 209
20 132 209
21 132 209
22 132 209
23 132 209
24 132 209
25 132 208
26 132 208
27 132 208
28 132 208
29 132 208
30 132 208
31 132 208
32 132 207
33 132 207
34 132 207
35 132 207
36 132 207
37 132 207
38 132 206
39 132 206
40 132 206
41 132 206
42 132 205
43 132 205
44 132 205
45 132 205
46 132 205
47 132 204
48 132 204
49 132 204
50 132 204
51 132 203
52 132 203
53 132 203
54 132 202
55 132 202
56 132 202
57 132 202
58 132 201
59 132 201
60 132 201
61 132 200
62 132 200
63 132 200
-61 133 200
-60 133 200
-59 133 200
-58 133 201
-57 133 201
-56 133 201
-55 133 201
-54 133 202
-53 133 202
-52 133 202
-51 133 203
-50 133 203
-49 133 203
-48 133 203
-47 133 204
-46 133 204
-45 133 204
-44 133 204
-43 133 205
-42 133 205
-41 133 205
-40 133 205
-39 133 205
-38 133 206
-37 133 206
-36 133 206
-35 133 206
-34 133 206
-33 133 207
-32 133 207
-31 133 207
-30 133 207
-29 133 207
-28 133 207
-27 133 208
-26 133 208
-25 133 208
-24 133 208
-23 133 208
-22 133 208
-21 133 208
-20 133 208
-19 133 208
-18 133 209
-17 133 209
-16 133 209
-15 133 209
-14 133 209
-13 133 209
-12 133 209
-11 133 209
-10 133 209
-9 133 209
-8 133 209
-7 133 209
-6 133 209
-5 133 209
-4 133 209
-3 133 209
-2 133 209
-1 133 209
0 133 209
1 133 209
2 133 209
3 133 209
4 133 209
5 133 209
6 133 209
7 133 209
8 133 209
9 133 209
10 133 209
11 133 209
12 133 209
13 133 209
14 133 209
15 133 209
16 133 209
17 133 209
18 133 209
19 133 208
20 133 208
21 133 208
22 133 208
23 133 208
24 133 208
25 133 208
26 133 208
27 133 208
28 133 207
29 133 207
30 133 207
31 133 207
32 133 207
33 133 207
34 133 206
35 133 206
36 133 206
37 133 206
38 133 206
39 133 205
40 133 205
41 133 205
42 133 205
43 133 205
44 133 204
45 133 204
46 133 204
47 133 204
48 133 203
49 133 203
50 133 203
51 133 203
52 133 202
53 133 202
54 133 202
55 133 201
56 133 201
57 133 201
58 133 201
59 133 200
60 133 200
61 133 200
-59 134 200
-58 134 200
-57 134 200
-56 134 200
-55 134 201
-54 134 201
-53 134 201
-52 134 202
-51 134 202
-50 134 202
-49 134 202
-48 134 203
-47 134 203
-46 134 203
-45 134 203
-44 134 204
-43 134 204
-42 134 204
-41 134 204
-40 134 205
-39 134 205
-38 134 205
-37 134 205
-36 134 205
-35 134 206
-34 134 206
-33 134 206
-32 134 206
-31 134 206
-30 134 206
-29 134 207
-28 134 207
-27 134 207
-26 134 207
-25 134 207
-24 134 207
-23 134 207
-22 134 207
-21 134 208
-20 134 208
-19 134 208
-18 134 208
-17 134 208
-16 134 208
-15 134 208
-14 134 208
-13 134 208
-12 134 208
-11 134 208
-10 134 208
-9 134 209
-8 134 209
-7 134 209
-6 134 209
-5 134 209
-4 134 209
-3 134 209
-2 134 209
-1 134 209
0 134 209
1 134 209
2 134 209
3 134 209
4 134 209
5 134 209
6 134 209
7 134 209
8 134 209
9 134 209
10 134 208
11 134 208
12 134 208
13 134 208
14 134 208
15 134 208
16 134 208
17 134 208
18 134 208
19 134 208
20 134 208
21 134 208
22 134 207
23 134 207
24 134 207
25 134 207
26 134 207
27 134 207
28 134 207
29 134 207
30 134 206
31 134 206
32 134 206
33 134 206
34 134 206
35 134 206
36 134 205
37 134 205
38 134 205
39 134 205
40 134 205
41 134 204
42 134 204
43 134 204
44 134 204
45 134 203
46 134 203
47 134 203
48 134 203
49 134 202
50 134 202
51 134 202
52 134 202
53 134 201
54 134 201
55 134 201
56 134 200
57 134 200
58 134 200
59 134 200
-56 135 200
-55 135 200
-54 135 200
-53 135 201
-52 135 201
-51 135 201
-50 135 201
-49 135 202
-48 135 202
-47 135 202
-46 135 202
-45 135 203
-44 135 203
-43 135 203
-42 135 203
-41 135 204
-40 135 204
-39 135 204
-38 135 204
-37 135 204
-36 135 205
-35 135 205
-34 135 205
-33 135 205
-32 135 205
-31 135 205
-30 135 206
-29 135 206
-28 135 206
-27 135 206
-26 135 206
-25 135 206
-24 135 207
-23 135 207
-22 135 207
-21 135 207
-20 135 207
-19 135 207
-18 135 207
-17 135 207
-16 135 207
-15 135 207
-14 135 208
-13 135 208
-12 135 208
-11 135 208
-10 135 208
-9 135 208
-8 135 208
-7 135 208
-6 135 208
-5 135 208
-4 135 208
-3 135 208
-2 135 208
-1 135 208
0 135 208
1 135 208
2 135 208
3 135 208
4 135 208
5 135 208
6 135 208
7 135 208
8 135 208
9 135 208
10 135 208
11 135 208
12 135 208
13 135 208
14 135 208
15 135 207
16 135 207
17 135 207
18 135 207
19 135 207
20 135 207
21 135 207
22 135 207
23 135 207
24 135 207
25 135 206
26 135 206
27 135 206
28 135 206
29 135 206
30 135 206
31 135 205
32 135 205
33 135 205
34 135 205
35 135 205
36 135 205
37 135 204
38 135 204
39 135 204
40 135 204
41 135 204
42 135 203
43 135 203
44 135 203
45 135 203
46 135 202
47 135 202
48 135 202
49 135 202
50 135 201
51 135 201
52 135 201
53 135 201
54 135 200
55 135 200
56 135 200
-54 136 200
-53 136 200
-52 136 200
-51 136 200
-50 136 201
-49 136 201
-48 136 201
-47 136 202
-46 136 202
-45 136 202
-44 136 202
-43 136 202
-42 136 203
-41 136 203
-40 136 203
-39 136 203
-38 136 204
-37 136 204
-36 136 204
-35 136 204
-34 136 204
-33 136 204
-32 136 205
-31 136 205
-30 136 205
-29 136 205
-28 136 205
-27 136 205
-26 136 206
-25 136 206
-24 136 206
-23 136 206
-22 136 206
-21 136 206
-20 136 206
-19 136 206
-18 136 206
-17 136 207
-16 136 207
-15 136 207
-14 136 207
-13 136 207
-12 136 207
-11 136 207
-10 136 207
-9 136 207
-8 136 207
-7 136 207
-6 136 207
-5 136 207
-4 136 207
-3 136 207
-2 136 207
-1 136 207
0 136 207
1 136 207
2 136 207
3 136 207
4 136 207
5 136 207
6 136 207
7 136 207
8 136 207
9 136 207
10 136 207
11 136 207
12 136 207
13 136 207
14 136 207
15 136 207
16 136 207
17 136 207
18 136 206
19 136 206
20 136 206
21 136 206
22 136 206
23 136 206
24 136 206
25 136 206
26 136 206
27 136 205
28 136 205
29 136 205
30 136 205
31 136 205
32 136 205
33 136 204
34 136 204
35 136 204
36 136 204
37 136 204
38 136 204
39 136 203
40 136 203
41 136 203
42 136 203
43 136 202
44 136 202
45 136 202
46 136 202
47 136 202
48 136 201
49 136 201
50 136 201
51 136 200
52 136 200
53 136 200
54 136 200
-51 137 200
-50 137 200
-49 137 200
-48 137 201
-47 137 201
-46 137 201
-45 137 201
-44 137 202
-43 137 202
-42 137 202
-41 137 202
-40 137 202
-39 137 203
-38 137 203
-37 137 203
-36 137 203
-35 137 203
-34 137 204
-33 137 204
-32 137 204
-31 137 204
-30 137 204
-29 137 204
-28 137 205
-27 137 205
-26 137 205
-25 137 205
-24 137 205
-23 137 205
-22 137 205
-21 137 205
-20 137 206
-19 137 206
-18 137 206
-17 137 206
-16 137 206
-15 137 206
-14 137 206
-13 137 206
-12 137 206
-11 137 206
-10 137 206
-9 137 206
-8 137 206
-7 137 206
-6 137 206
-5 137 207
-4 137 207
-3 137 207
-2 137 207
-1 137 207
0 137 207
1 137 207
2 137 207
3 137 207
4 137 207
5 137 207
6 137 206
7 137 206
8 137 206
9 137 206
10 137 206
11 137 206
12 137 206
13 137 206
14 137 206
15 137 206
16 137 206
17 137 206
18 137 206
19 137 206
20 137 206
21 137 205
22 137 205
23 137 205
24 137 205
25 137 205
26 137 205
27 137 205
28 137 205
29 137 204
30 137 204
31 137 204
32 137 204
33 137 204
34 137 204
35 137 203
36 137 203
37 137 203
38 137 203
39 137 203
40 137 202
41 137 202
42 137 202
43 137 202
44 137 202
45 137 201
46 137 201
47 137 201
48 137 201
49 137 200
50 137 200
51 137 200
-49 138 200
-48 138 200
-47 138 200
-46 138 200
-45 138 201
-44 138 201
-43 138 201
-42 138 201
-41 138 201
-40 138 202
-39 138 202
-38 138 202
-37 138 202
-36 138 202
-35 138 203
-34 138 203
-33 138 203
-32 138 203
-31 138 203
-30 138 204
-29 138 204
-28 138 204
-27 138 204
-26 138 204
-25 138 204
-24 138 204
-23 138 204
-22 138 205
-21 138 205
-20 138 205
-19 138 205
-18 138 205
-17 138 205
-16 138 205
-15 138 205
-14 138 205
-13 138 205
-12 138 205
-11 138 206
-10 138 206
-9 138 206
-8 138 206
-7 138 206
-6 138 206
-5 138 206
-4 138 206
-3 138 206
-2 138 206
-1 138 206
0 138 206
1 138 206
2 138 206
3 138 206
4 138 206
5 138 206
6 138 206
7 138 206
8 138 206
9 138 206
10 138 206
11 138 206
12 138 205
13 138 205
14 138 205
15 138 205
16 138 205
17 138 205
18 138 205
19 138 205
20 138 205
21 138 205
22 138 205
23 138 204
24 138 204
25 138 204
26 138 204
27 138 204
28 138 204
29 138 204
30 138 204
31 138 203
32 138 203
33 138 203
34 138 203
35 138 203
36 138 202
37 138 202
38 138 202
39 138 202
40 138 202
41 138 201
42 138 201
43 138 201
44 138 201
45 138 201
46 138 200
47 138 200
48 138 200
49 138 200
-46 139 200
-45 139 200
-44 139 200
-43 139 200
-42 139 201
-41 139 201
-40 139 201
-39 139 201
-38 139 201
-37 139 202
-36 139 202
-35 139 202
-34 139 202
-33 139 202
-32 139 202
-31 139 203
-30 139 203
-29 139 203
-28 139 203
-27 139 203
-26 139 203
-25 139 204
-24 139 204
-23 139 204
-22 139 204
-21 139 204
-20 139 204
-19 139 204
-18 139 204
-17 139 204
-16 139 204
-15 139 205
-14 139 205
-13 139 205
-12 139 205
-11 139 205
-10 139 205
-9 139 205
-8 139 205
-7 139 205
-6 139 205
-5 139 205
-4 139 205
-3 139 205
-2 139 205
-1 139 205
0 139 205
1 139 205
2 139 205
3 139 205
4 139 205
5 139 205
6 139 205
7 139 205
8 139 205
9 139 205
10 139 205
11 139 205
12 139 205
13 139 205
14 139 205
15 139 205
16 139 204
17 139 204
18 139 204
19 139 204
20 139 204
21 139 204
22 139 204
23 139 204
24 139 204
25 139 204
26 139 203
27 139 203
28 139 203
29 139 203
30 139 203
31 139 203
32 139 202
33 139 202
34 139 202
35 139 202
36 139 202
37 139 202
38 139 201
39 139 201
40 139 201
41 139 201
42 139 201
43 139 200
44 139 200
45 139 200
46 139 200
-43 140 200
-42 140 200
-41 140 200
-40 140 200
-39 140 200
-38 140 201
-37 140 201
-36 140 201
-35 140 201
-34 140 201
-33 140 202
-32 140 202
-31 140 202
-30 140 202
-29 140 202
-28 140 202
-27 140 202
-26 140 203
-25 140 203
-24 140 203
-23 140 203
-22 140 203
-21 140 203
-20 140 203
-19 140 203
-18 140 204
-17 140 204
-16 140 204
-15 140 204
-14 140 204
-13 140 204
-12 140 204
-11 140 204
-10 140 204
-9 140 204
-8 140 204
-7 140 204
-6 140 204
-5 140 204
-4 140 204
-3 140 204
-2 140 204
-1 140 204
0 140 204
1 140 204
2 140 204
3 140 204
4 140 204
5 140 204
6 140 204
7 140 204
8 140 204
9 140 204
10 140 204
11 140 204
12 140 204
13 140 204
14 140 204
15 140 204
16 140 204
17 140 204
18 140 204
19 140 203
20 140 203
21 140 203
22 140 203
23 140 203
24 140 203
25 140 203
26 140 203
27 140 202
28 140 202
29 140 202
30 140 202
31 140 202
32 140 202
33 140 202
34 140 201
35 140 201
36 140 201
37 140 201
38 140 201
39 140 200
40 140 200
41 140 200
42 140 200
43 140 200
-39 141 200
-38 141 200
-37 141 200
-36 141 200
-35 141 200
-34 141 201
-33 141 201
-32 141 201
-31 141 201
-30 141 201
-29 141 201
-28 141 202
-27 141 202
-26 141 202
-25 141 202
-24 141 202
-23 141 202
-22 141 202
-21 141 203
-20 141 203
-19 141 203
-18 141 203
-17 141 203
-16 141 203
-15 141 203
-14 141 203
-13 141 203
-12 141 203
-11 141 203
-10 141 203
-9 141 203
-8 141 204
-7 141 204
-6 141 204
-5 141 204
-4 141 204
-3 141 204
-2 141 204
-1 141 204
0 141 204
1 141 204
2 141 204
3 141 204
4 141 204
5 141 204
6 141 204
7 141 204
8 141 204
9 141 203
10 141 203
11 141 203
12 141 203
13 141 203
14 141 203
15 141 203
16 141 203
17 141 203
18 141 203
19 141 203
20 141 203
21 141 203
22 141 202
23 141 202
24 141 202
25 141 202
26 141 202
27 141 202
28 141 202
29 141 201
30 141 201
31 141 201
32 141 201
33 141 201
34 141 201
35 141 200
36 141 200
37 141 200
38 141 200
39 141 200
-36 142 200
-35 142 200
-34 142 200
-33 142 200
-32 142 200
-31 142 200
-30 142 201
-29 142 201
-28 142 201
-27 142 201
-26 142 201
-25 142 201
-24 142 201
-23 142 202
-22 142 202
-21 142 202
-20 142 202
-19 142 202
-18 142 202
-17 142 202
-16 142 202
-15 142 202
-14 142 202
-13 142 202
-12 142 203
-11 142 203
-10 142 203
-9 142 203
-8 142 203
-7 142 203
-6 142 203
-5 142 203
-4 142 203
-3 142 203
-2 142 203
-1 142 203
0 142 203
1 142 203
2 142 203
3 142 203
4 142 203
5 142 203
6 142 203
7 142 203
8 142 203
9 142 203
10 142 203
11 142 203
12 142 203
13 142 202
14 142 202
15 142 202
16 142 202
17 142 202
18 142 202
19 142 202
20 142 202
21 142 202
22 142 202
23 142 202
24 142 201
25 142 201
26 142 201
27 142 201
28 142 201
29 142 201
30 142 201
31 142 200
32 142 200
33 142 200
34 142 200
35 142 200
36 142 200
-31 143 200
-30 143 200
-29 143 200
-28 143 200
-27 143 200
-26 143 200
-25 143 201
-24 143 201
-23 143 201
-22 143 201
-21 143 201
-20 143 201
-19 143 201
-18 143 201
-17 143 201
-16 143 202
-15 143 202
-14 143 202
-13 143 202
-12 143 202
-11 143 202
-10 143 202
-9 143 202
-8 143 202
-7 143 202
-6 143 202
-5 143 202
-4 143 202
-3 143 202
-2 143 202
-1 143 202
0 143 202
1 143 202
2 143 202
3 143 202
4 143 202
5 143 202
6 143 202
7 143 202
8 143 202
9 143 202
10 143 202
11 143 202
12 143 202
13 143 202
14 143 202
15 143 202
16 143 202
17 143 201
18 143 201
19 143 201
20 143 201
21 143 201
22 143 201
23 143 201
24 143 201
25 143 201
26 143 200
27 143 200
28 143 200
29 143 200
30 143 200
31 143 200
-27 144 200
-26 144 200
-25 144 200
-24 144 200
-23 144 200
-22 144 200
-21 144 200
-20 144 200
-19 144 200
-18 144 201
-17 144 201
-16 144 201
-15 144 201
-14 144 201
-13 144 201
-12 144 201
-11 144 201
-10 144 201
-9 144 201
-8 144 201
-7 144 201
-6 144 201
-5 144 201
-4 144 201
-3 144 201
-2 144 201
-1 144 201
0 144 201
1 144 201
2 144 201
3 144 201
4 144 201
5 144 201
6 144 201
7 144 201
8 144 201
9 144 201
10 144 201
11 144 201
12 144 201
13 144 201
14 144 201
15 144 201
16 144 201
17 144 201
18 144 201
19 144 200
20 144 200
21 144 200
22 144 200
23 144 200
24 144 200
25 144 200
26 144 200
27 144 200
-21 145 200
-20 145 200
-19 145 200
-18 145 200
-17 145 200
-16 145 200
-15 145 200
-14 145 200
-13 145 200
-12 145 200
-11 145 200
-10 145 200
-9 145 200
-8 145 201
-7 145 201
-6 145 201
-5 145 201
-4 145 201
-3 145 201
-2 145 201
-1 145 201
0 145 201
1 145 201
2 145 201
3 145 201
4 145 201
5 145 201
6 145 201
7 145 201
8 145 201
9 145 200
10 145 200
11 145 200
12 145 200
13 145 200
14 145 200
15 145 200
16 145 200
17 145 200
18 145 200
19 145 200
20 145 200
21 145 200
-12 146 200
-11 146 200
-10 146 200
-9 146 200
-8 146 200
-7 146 200
-6 146 200
-5 146 200
-4 146 200
-3 146 200
-2 146 200
-1 146 200
0 146 200
1 146 200
2 146 200
3 146 200
4 146 200
5 146 200
6 146 200
7 146 200
8 146 200
9 146 200
10 146 200
11 146 200
12 146 200
